family,symbol,timeframe,id,name,version,eligible3,pass3,eligible6,pass6,trades,winRate,pf,net,stressNet,dd,expectancy,recent3Net,recent3StressNet,recent6Net,recent6StressNet,longTrades,longNet,longPF,shortTrades,shortNet,shortPF,coverage,historyDays,firstBar,lastBar
algo9,SKYAIUSDT,4h,ott,Optimized Trend Tracker,kivanc-core-v1,3,3,6,6,88,0.4431818181818182,4.05517073769083,638.7469578760304,633.3750999077693,0.5804440512379623,0.1289703044880395,11.918254143929513,11.862253850019759,1171.6992545639441,1162.160456782313,44,18.26230972554412,3.9223887622848475,44,32.21237001124791,4.20538619673348,1,183,2026-04-01T00:00:00.000Z,2026-09-30T20:00:00.000Z
visual28,VELVETUSDT,1h,vis_squeeze_momentum,Squeeze Momentum — Derived Adapter,visual-derived-v1,3,3,6,5,178,0.4157303370786517,4.450023555059108,1531.0225801065994,1504.5227332075942,0.44277969034303355,0.09126162591202394,27.606529450261498,27.366223817854063,1110.5074217620947,1091.159808799201,89,33.71214356215507,3.7277590528747693,89,43.135061188698465,5.006550236449589,1,183,2026-04-01T00:00:00.000Z,2026-09-30T23:00:00.000Z
sr35,QUSDT,5m,sr_range_edge,SR Range Edge Rejection,sr-v1,3,3,6,6,651,0.7050691244239631,2.219135969059694,278.769555488295,261.2634158456077,0.3576611489757018,0.009935714600582585,23.165546578610435,22.40612683102297,312.19820822272567,292.63307896288296,326,25.68682463143585,2.437822507296729,325,9.483433655075611,2.004384962637732,1,183,2026-04-01T00:00:00.000Z,2026-09-30T23:55:00.000Z
algo9,SKYAIUSDT,1h,ott,Optimized Trend Tracker,kivanc-core-v1,3,3,6,5,314,0.4140127388535032,1.8854805494683415,183.72805986078137,178.07348855603612,0.3793225520006215,0.024892665905144936,3.2386897691746883,3.178060395201813,239.8453259090642,232.54898281027343,157,10.474362882813434,1.8317977418573563,157,15.099199733126046,1.9451998219114208,1,183,2026-04-01T00:00:00.000Z,2026-09-30T23:00:00.000Z
visual28,SKYAIUSDT,4h,vis_structure_vwap,Structure-Anchored VWAP — Derived Adapter,visual-derived-v1,3,3,6,5,151,0.3841059602649007,2.591898663523625,333.8609942533529,328.96450115793505,0.5795662386416882,0.05663326136667366,6.727522180317965,6.677815661841691,195.01918958797293,192.61535791660756,76,12.08122668401447,2.4272845942320513,75,24.598592726977156,2.759943022815929,1,183,2026-04-01T00:00:00.000Z,2026-09-30T20:00:00.000Z
visual28,VELVETUSDT,15m,vis_squeeze_momentum,Squeeze Momentum — Derived Adapter,visual-derived-v1,3,3,6,5,782,0.3721227621483376,1.9716994803567587,181.20432109423726,167.5241945274096,0.6414915095864107,0.0146294100041707,14.709118418627638,14.097540916619831,182.16925104577436,168.45069920567047,391,10.859559853703074,1.778392538998728,391,14.363497747122985,2.119018510327597,1,183,2026-04-01T00:00:00.000Z,2026-09-30T23:45:00.000Z
sr35,AKEUSDT,1h,sr25_fractal_cluster_rejection,SR25 Fractal Cluster Zone Rejection,sr25-v1,3,3,6,5,795,0.3672955974842767,1.7723723318667628,51.18121705754574,47.19813882050775,0.7965881346121721,0.010743814100733391,110.22592552810363,106.3702850490063,155.7291853654674,145.13410265708893,397,79.99216427360642,2.61334744667261,398,-0.35572511828097386,1.060238809152688,1,183,2026-04-01T00:00:00.000Z,2026-09-30T23:00:00.000Z
sr35,VELVETUSDT,1h,sr25_wick_confirmed_zone,SR25 Wick Rejection at Confirmed Zone,sr25-v1,3,3,6,5,108,0.6296296296296297,3.8159591053567627,154.3342172281333,152.6877162773074,0.6391757819701869,0.1006806768280236,18.53488700223343,18.445769059429903,139.75549443266695,138.2481174271962,54,10.073579862112707,3.5543225704169745,54,13.027461684689323,4.1477590089293574,1,183,2026-04-01T00:00:00.000Z,2026-09-30T23:00:00.000Z
sweep20,QUSDT,15m,swp_range48_reclaim,Sweep Range-48 Reclaim,sweep-v1,3,3,6,6,223,0.726457399103139,3.135730368300339,116.78155597250404,114.22776157459438,0.5210831162481349,0.02704198658547864,38.80103148752496,38.38144461792639,121.145525179609,118.52151803460801,112,16.74674511595009,4.4064742966357775,111,5.636797632634422,2.383507816937068,1,183,2026-04-01T00:00:00.000Z,2026-09-30T23:45:00.000Z
sweep20,VELVETUSDT,1h,swp_pivot_sfp_body,Pivot SFP + Body Confirmation,sweep-v1,3,3,6,5,114,0.6666666666666666,3.231388321261327,29.68925015935866,29.337696559013526,0.7370802618669662,0.07729548536274199,8.336692728550634,8.282801264335063,109.08783892589878,107.82682380682596,57,3.9264047298941165,2.9507980248595613,57,5.229543011992495,3.5004691131469987,1,183,2026-04-01T00:00:00.000Z,2026-09-30T23:00:00.000Z
visual28,SKYAIUSDT,15m,vis_sr_breaks,Support & Resistance Breaks — Derived Adapter,visual-derived-v1,3,3,6,6,147,0.38095238095238093,2.5206180036771157,69.98285357953523,68.95808610334214,0.6716613798388864,0.06100985685114375,5.631119812168163,5.588051921966806,85.06476282974093,83.83302328022226,74,5.963633499612049,2.556259514531857,73,9.193364366962996,2.475120405614206,1,183,2026-04-01T00:00:00.000Z,2026-09-30T23:45:00.000Z
sr35,AKEUSDT,15m,sr_liquidity_sweep,SR Liquidity Sweep + Reclaim,sr-v1,3,3,6,4,378,0.6534391534391535,1.7863821273364249,79.2868013188456,76.31878014342146,0.8572745979068357,0.01880644149116733,97.37011017148625,95.34453088751863,81.53702333074249,78.50188607582153,189,111.7290632479803,2.8336823401096307,189,-0.2877896878976851,1.220901194672363,1,183,2026-04-01T00:00:00.000Z,2026-09-30T23:45:00.000Z
sr35,AKEUSDT,15m,sr25_liquidity_sweep_reclaim,SR25 Liquidity Sweep + Reclaim,sr25-v1,3,3,6,4,378,0.6534391534391535,1.7863821273364249,79.2868013188456,76.31878014342146,0.8572745979068357,0.01880644149116733,97.37011017148625,95.34453088751863,81.53702333074249,78.50188607582153,189,111.7290632479803,2.8336823401096307,189,-0.2877896878976851,1.220901194672363,1,183,2026-04-01T00:00:00.000Z,2026-09-30T23:45:00.000Z
sweep20,AKEUSDT,15m,swp_range24_reclaim,Sweep Range-24 Reclaim,sweep-v1,3,3,6,4,378,0.6534391534391535,1.7863821273364249,79.2868013188456,76.31878014342146,0.8572745979068357,0.01880644149116733,97.37011017148625,95.34453088751863,81.53702333074249,78.50188607582153,189,111.7290632479803,2.8336823401096307,189,-0.2877896878976851,1.220901194672363,1,183,2026-04-01T00:00:00.000Z,2026-09-30T23:45:00.000Z
sr35,VELVETUSDT,15m,sr_volume_breakout,SR Volume-Confirmed Breakout,sr-v1,3,3,6,5,125,0.432,3.1326667544536884,95.90578483093087,94.71368118829344,0.6680275393282626,0.08886234113716135,4.509125978014574,4.472889357912477,71.00120787186559,70.0928182808232,62,7.839810863371856,2.7773774919291694,63,9.962427401299282,3.479376870483877,1,183,2026-04-01T00:00:00.000Z,2026-09-30T23:45:00.000Z
sweep20,QUSDT,15m,swp_range96_reclaim,Sweep Range-96 Reclaim,sweep-v1,3,3,6,5,123,0.6829268292682927,3.8274707667370835,62.639558583424765,61.8820506919225,0.4798704423936123,0.04365912915060321,38.248881493707955,37.98686545072315,65.55383020730062,64.76185564690134,62,12.17492052125588,6.443836061840561,61,3.8303561665325683,2.642815144524027,1,183,2026-04-01T00:00:00.000Z,2026-09-30T23:45:00.000Z
algo9,SKYAIUSDT,15m,mavilimw,MavilimW,kivanc-core-v1,3,3,6,5,348,0.43103448275862066,1.7406631239393036,47.09267932377914,45.45587544478041,0.5869451060776197,0.01881330841403261,3.537406780399598,3.4595486750355198,66.13882716289028,63.908482029852976,174,4.836034971669479,1.6592527549221303,174,7.240642757838291,1.8309842401953083,1,183,2026-04-01T00:00:00.000Z,2026-09-30T23:45:00.000Z
visual28,SKYAIUSDT,4h,vis_open_close_cross,Open Close Cross — Derived Adapter,visual-derived-v1,3,3,6,5,261,0.3448275862068966,2.105636599829229,79.08207268269459,77.03350770125857,0.698823389761921,0.030073007419186608,6.521841161175739,6.424979219376208,63.34282402322921,61.74072562390778,131,6.459734690218335,2.078240754198789,130,9.735244081495711,2.132390178914916,1,183,2026-04-01T00:00:00.000Z,2026-09-30T20:00:00.000Z
sr35,QUSDT,5m,sr25_liquidity_absorption,SR25 Liquidity Sweep + Volume Absorption,sr25-v1,3,3,6,6,679,0.6539027982326951,1.836162957364815,65.26963869399009,60.939025882248174,0.31236366561062534,0.007846896666561172,11.126355107964365,10.75012970257536,62.34915177403363,58.215038298109086,340,11.919210681029606,2.110994754819227,339,4.129542379187277,1.6277013404979908,1,183,2026-04-01T00:00:00.000Z,2026-09-30T23:55:00.000Z
visual28,AKEUSDT,5m,vis_bb_mean_reversion,Bollinger Mean Reversion — Derived Adapter,visual-derived-v1,3,3,6,4,823,0.6269744835965978,1.4991490161087804,46.435776188025194,42.69123877985267,0.7898313102719577,0.008666996473953689,79.51956903241125,76.15260396818059,52.52089696701035,48.28674570037553,411,86.17623046043039,2.113400593658148,412,-0.45586341669640795,1.0899853112896842,1,183,2026-04-01T00:00:00.000Z,2026-09-30T23:55:00.000Z
sr35,ALLOUSDT,15m,sr25_impulse_ob_retest,SR25 Impulse Order Block Retest,sr25-v1,3,3,6,5,184,0.5054347826086957,3.174302706564169,63.662922716303726,62.503072690309565,0.27848102853968293,0.03281920032966952,6.972006468235418,6.893316315103205,47.08682738267411,46.20911586900382,92,12.05709907919431,3.78658992771016,92,3.952319219154898,2.504145026183616,1,183,2026-04-01T00:00:00.000Z,2026-09-30T23:45:00.000Z
sr35,QUSDT,1m,sr_prior_day_sweep,SR Prior-Day High/Low Sweep,sr-v1,3,3,6,5,113,0.7699115044247787,4.36380332932234,44.69543853444587,44.196625669548645,0.4436176716798569,0.039837756706763185,14.30530793038817,14.212810605315235,44.758378650897185,44.2543098774702,57,10.252162090677134,9.177706630771564,56,3.0610362849559722,2.8035327306567392,1,183,2026-04-01T00:00:00.000Z,2026-09-30T23:59:00.000Z
sr35,QUSDT,1m,sr25_previous_day_sweep,SR25 Previous-Day High/Low Sweep,sr25-v1,3,3,6,5,113,0.7699115044247787,4.36380332932234,44.69543853444587,44.196625669548645,0.4436176716798569,0.039837756706763185,14.30530793038817,14.212810605315235,44.758378650897185,44.2543098774702,57,10.252162090677134,9.177706630771564,56,3.0610362849559722,2.8035327306567392,1,183,2026-04-01T00:00:00.000Z,2026-09-30T23:59:00.000Z
sweep20,QUSDT,1m,swp_prior_day,Previous-Day High/Low Sweep,sweep-v1,3,3,6,5,113,0.7699115044247787,4.36380332932234,44.69543853444587,44.196625669548645,0.4436176716798569,0.039837756706763185,14.30530793038817,14.212810605315235,44.758378650897185,44.2543098774702,57,10.252162090677134,9.177706630771564,56,3.0610362849559722,2.8035327306567392,1,183,2026-04-01T00:00:00.000Z,2026-09-30T23:59:00.000Z
sweep20,GPSUSDT,1h,swp_volume_absorption,Sweep + Volume Absorption,sweep-v1,3,3,6,6,86,0.813953488372093,7.871727632618994,27.57674954363395,27.340782954408418,0.160243107999541,0.04244793841230071,12.047965898584994,12.000240685308784,38.24937049957429,37.92250810688531,43,5.164252943988945,8.393006703904408,43,3.635882044960608,7.345845711238785,1,183,2026-04-01T00:00:00.000Z,2026-09-30T23:00:00.000Z
sweep20,QUSDT,5m,swp_atr_expansion,Sweep + ATR Expansion,sweep-v1,3,3,6,4,832,0.640625,1.646288484954804,38.525593080020194,35.38016025704697,0.3600601153952473,0.005613231675789131,8.881499651133206,8.498501053121473,41.234496654471094,37.87375464555183,416,8.983979844537789,1.8725225892564286,416,2.9589015297987147,1.4709219578827106,1,183,2026-04-01T00:00:00.000Z,2026-09-30T23:55:00.000Z
sweep20,QUSDT,1h,swp_wick_sfp,Sweep + Wick Rejection,sweep-v1,3,3,6,5,73,0.6575342465753424,5.462957707806061,41.26233372140244,40.96721189515682,0.24903136278847093,0.068121239367545,13.835325450769279,13.780550421112375,33.50475590515936,33.25619674464946,37,9.912129903396087,15.725818445253138,36,2.8729683476595653,3.0820538870165723,1,183,2026-04-01T00:00:00.000Z,2026-09-30T23:00:00.000Z
visual28,SKYAIUSDT,1h,vis_supertrend_10_3,SuperTrend 10/3 — Derived Adapter,visual-derived-v1,3,3,6,6,94,0.44680851063829785,3.0980468015596254,107.904841698574,106.91105180192052,0.49824906940652236,0.0914275193702435,0.9980859550110803,0.9903708145865397,32.020304876219065,31.7267695863272,47,7.042664118433654,2.926744287254473,47,12.540891437821687,3.327765659365993,1,183,2026-04-01T00:00:00.000Z,2026-09-30T23:00:00.000Z
sr35,QUSDT,5m,sr_prior_day_sweep,SR Prior-Day High/Low Sweep,sr-v1,3,3,6,5,105,0.819047619047619,4.4578987321220085,31.472186928358838,31.142375113613497,0.4601319311371612,0.039490745626975556,14.048368515001464,13.96338194175637,31.70867516816068,31.37321092577905,53,8.467119986206159,13.361031939324684,52,2.429996342675668,2.6815615133112143,1,183,2026-04-01T00:00:00.000Z,2026-09-30T23:55:00.000Z
sr35,QUSDT,5m,sr25_previous_day_sweep,SR25 Previous-Day High/Low Sweep,sr25-v1,3,3,6,5,105,0.819047619047619,4.4578987321220085,31.472186928358838,31.142375113613497,0.4601319311371612,0.039490745626975556,14.048368515001464,13.96338194175637,31.70867516816068,31.37321092577905,53,8.467119986206159,13.361031939324684,52,2.429996342675668,2.6815615133112143,1,183,2026-04-01T00:00:00.000Z,2026-09-30T23:55:00.000Z
sweep20,QUSDT,5m,swp_prior_day,Previous-Day High/Low Sweep,sweep-v1,3,3,6,5,105,0.819047619047619,4.4578987321220085,31.472186928358838,31.142375113613497,0.4601319311371612,0.039490745626975556,14.048368515001464,13.96338194175637,31.70867516816068,31.37321092577905,53,8.467119986206159,13.361031939324684,52,2.429996342675668,2.6815615133112143,1,183,2026-04-01T00:00:00.000Z,2026-09-30T23:55:00.000Z
algo9,MAGMAUSDT,1h,ssl_hybrid_flip,SSL Hybrid — Flip Mode,tv-open-v1,3,3,6,5,225,0.41333333333333333,2.2233202939621886,135.0779314294067,132.09288698379038,0.45398092454894234,0.03154626644753193,6.420300449317692,6.344562530571,31.940380929913687,31.26315775207008,113,13.721698127101575,2.312360376908493,112,8.24335835815688,2.129466803459459,1,183,2026-04-01T00:00:00.000Z,2026-09-30T23:00:00.000Z
visual28,SKYAIUSDT,1h,vis_ema_cross_9_21,Single EMA Cross 9/21 — Derived Adapter,visual-derived-v1,3,3,6,5,176,0.30113636363636365,2.3658856618934516,32.11693440897364,31.542125769510164,0.5460339254683219,0.0453865370513504,7.705477061898669,7.629155037166296,30.537305046106663,29.980413601664008,88,3.8690810848754182,2.354576536945681,88,5.801475233559593,2.377470308708628,1,183,2026-04-01T00:00:00.000Z,2026-09-30T23:00:00.000Z
algo9,TUTUSDT,5m,tott,Twin Optimized Trend Tracker,kivanc-core-v1,3,3,6,3,135,0.4222222222222222,2.773716615671372,26.064173798776686,25.705167905238305,0.5051475450741454,0.05279728095300439,51.25579122557506,50.88209691006575,28.978258551971226,28.57509682355991,68,7.60334049457065,3.6726814725753685,67,2.145775041201287,2.0186327064674923,1,183,2026-04-01T00:00:00.000Z,2026-09-30T23:55:00.000Z
sr35,QUSDT,5m,sr_liquidity_sweep,SR Liquidity Sweep + Reclaim,sr-v1,3,3,6,5,1167,0.6495287060839761,1.5143835741472744,30.14475203105157,26.721343048823766,0.46107503149246987,0.0037300764341591268,11.515309408660542,10.825400263437183,32.02737987667576,28.391334527671138,583,7.7637675148033995,1.6502173603752714,584,2.5538085621786766,1.3954756286017962,1,183,2026-04-01T00:00:00.000Z,2026-09-30T23:55:00.000Z
sr35,QUSDT,5m,sr25_liquidity_sweep_reclaim,SR25 Liquidity Sweep + Reclaim,sr25-v1,3,3,6,5,1167,0.6495287060839761,1.5143835741472744,30.14475203105157,26.721343048823766,0.46107503149246987,0.0037300764341591268,11.515309408660542,10.825400263437183,32.02737987667576,28.391334527671138,583,7.7637675148033995,1.6502173603752714,584,2.5538085621786766,1.3954756286017962,1,183,2026-04-01T00:00:00.000Z,2026-09-30T23:55:00.000Z
sweep20,QUSDT,5m,swp_range24_reclaim,Sweep Range-24 Reclaim,sweep-v1,3,3,6,5,1167,0.6495287060839761,1.5143835741472744,30.14475203105157,26.721343048823766,0.46107503149246987,0.0037300764341591268,11.515309408660542,10.825400263437183,32.02737987667576,28.391334527671138,583,7.7637675148033995,1.6502173603752714,584,2.5538085621786766,1.3954756286017962,1,183,2026-04-01T00:00:00.000Z,2026-09-30T23:55:00.000Z
sr35,QUSDT,15m,sr_prior_day_sweep,SR Prior-Day High/Low Sweep,sr-v1,3,3,6,5,101,0.7227722772277227,4.046069510895347,22.17016846810402,21.943570741654806,0.3441856209298074,0.03577714796810636,6.924042634041737,6.878093835802455,28.076576032752552,27.78130780811658,51,6.949671022775183,8.372784800010468,50,1.914607208489926,2.5322122704174403,1,183,2026-04-01T00:00:00.000Z,2026-09-30T23:45:00.000Z
sr35,QUSDT,15m,sr25_previous_day_sweep,SR25 Previous-Day High/Low Sweep,sr25-v1,3,3,6,5,101,0.7227722772277227,4.046069510895347,22.17016846810402,21.943570741654806,0.3441856209298074,0.03577714796810636,6.924042634041737,6.878093835802455,28.076576032752552,27.78130780811658,51,6.949671022775183,8.372784800010468,50,1.914607208489926,2.5322122704174403,1,183,2026-04-01T00:00:00.000Z,2026-09-30T23:45:00.000Z
sweep20,QUSDT,15m,swp_prior_day,Previous-Day High/Low Sweep,sweep-v1,3,3,6,5,101,0.7227722772277227,4.046069510895347,22.17016846810402,21.943570741654806,0.3441856209298074,0.03577714796810636,6.924042634041737,6.878093835802455,28.076576032752552,27.78130780811658,51,6.949671022775183,8.372784800010468,50,1.914607208489926,2.5322122704174403,1,183,2026-04-01T00:00:00.000Z,2026-09-30T23:45:00.000Z
sweep20,TAKEUSDT,15m,swp_range96_reclaim,Sweep Range-96 Reclaim,sweep-v1,3,3,6,5,104,0.75,3.1070558256759924,37.23801652051416,36.853883878463726,0.39017575625474177,0.041673717631758186,19.98363157229079,19.880209580025866,26.8669425183712,26.58889007758304,52,10.444612916792245,4.659838526833078,52,2.341136725070794,2.156927550520735,1,183,2026-04-01T00:00:00.000Z,2026-09-30T23:45:00.000Z
sr35,GPSUSDT,1h,sr25_liquidity_absorption,SR25 Liquidity Sweep + Volume Absorption,sr25-v1,3,3,6,5,74,0.8378378378378378,7.063089117458114,20.2029785748411,20.052521986475625,0.160243107999541,0.04527879250085826,11.164501114530026,11.123565534927808,25.35927356723981,25.172735168580534,37,4.3097081968896305,7.4753467758508085,37,2.9932474231374067,6.6339838706758405,1,183,2026-04-01T00:00:00.000Z,2026-09-30T23:00:00.000Z
sr35,UAIUSDT,5m,sr25_value_area_80,SR25 Value-Area Edge / 80% Rule,sr25-v1,3,3,6,5,103,0.7087378640776699,2.3581682497956225,12.552045765984486,12.415282775375596,0.6415163385255224,0.03407697746922391,10.914150002407228,10.845958306686107,24.206718511174294,23.948765258077586,52,3.659318505141509,2.485578524651532,51,1.9085896898934807,2.192756390493677,1,183,2026-04-01T00:00:00.000Z,2026-09-30T23:55:00.000Z
sweep20,BANKUSDT,4h,swp_opening_range,UTC Opening-Range Sweep,sweep-v1,3,3,6,4,128,0.53125,3.312531944103793,15.150562590774165,14.946071818855545,0.5994436714898728,0.05887396876986276,15.936285274115324,15.843088402850615,23.865787267011186,23.564381863917564,64,3.153324051826922,2.936723219051133,64,2.8885871627738804,3.803316768733669,1,183,2026-04-01T00:00:00.000Z,2026-09-30T20:00:00.000Z
visual28,FOLKSUSDT,5m,vis_bollinger_rsi_double,Bollinger + RSI Double — Derived Adapter,visual-derived-v1,3,3,6,6,351,0.6894586894586895,1.9387238571431578,21.718044252023574,20.94053886603568,0.360838461999898,0.009859226901307342,2.5538706133681366,2.4915900605887393,22.288077325633928,21.484372340507207,176,5.8837949280556145,2.273487852599133,175,2.300220952171872,1.6693096013614253,1,183,2026-04-01T00:00:00.000Z,2026-09-30T23:55:00.000Z
sr35,GRASSUSDT,5m,sr25_poc_mean_reversion,SR25 Volume Profile POC Mean Reversion,sr25-v1,3,3,6,6,443,0.8284424379232506,1.9763762383863155,24.08302222300284,23.002857061255664,0.40082173584244807,0.00807209388890187,4.178909251528538,4.07153143403987,20.401341434466563,19.50398991672205,221,6.804540479751583,2.431542438765782,222,2.213901226866495,1.6396505934776098,1,183,2026-04-01T00:00:00.000Z,2026-09-30T23:55:00.000Z
visual28,AKEUSDT,1m,vis_bollinger_rsi_double,Bollinger + RSI Double — Derived Adapter,visual-derived-v1,3,3,6,4,1549,0.6655907036797934,1.2691514449801018,22.637901419318762,19.245072440034402,0.959040782217734,0.003934381589683703,196.9152122075271,180.27134253354237,22.91076106324928,19.474696936496013,774,60.19029614326239,1.537881921953344,775,-0.6136985288651597,1.0619165344872665,1,183,2026-04-01T00:00:00.000Z,2026-09-30T23:59:00.000Z
sr35,UBUSDT,15m,sr_liquidity_sweep,SR Liquidity Sweep + Reclaim,sr-v1,3,3,6,5,372,0.6612903225806451,1.569829618043985,22.00579323453628,21.169206764175993,0.7870639024112213,0.012310988611813026,4.839790795346737,4.74043460475666,20.000426258081102,19.236588349310765,186,10.52564479553707,1.889346522898592,186,0.9960525977205628,1.3210126304556637,1,183,2026-04-01T00:00:00.000Z,2026-09-30T23:45:00.000Z
sr35,UBUSDT,15m,sr25_liquidity_sweep_reclaim,SR25 Liquidity Sweep + Reclaim,sr25-v1,3,3,6,5,372,0.6612903225806451,1.569829618043985,22.00579323453628,21.169206764175993,0.7870639024112213,0.012310988611813026,4.839790795346737,4.74043460475666,20.000426258081102,19.236588349310765,186,10.52564479553707,1.889346522898592,186,0.9960525977205628,1.3210126304556637,1,183,2026-04-01T00:00:00.000Z,2026-09-30T23:45:00.000Z
sweep20,UBUSDT,15m,swp_range24_reclaim,Sweep Range-24 Reclaim,sweep-v1,3,3,6,5,372,0.6612903225806451,1.569829618043985,22.00579323453628,21.169206764175993,0.7870639024112213,0.012310988611813026,4.839790795346737,4.74043460475666,20.000426258081102,19.236588349310765,186,10.52564479553707,1.889346522898592,186,0.9960525977205628,1.3210126304556637,1,183,2026-04-01T00:00:00.000Z,2026-09-30T23:45:00.000Z
visual28,QUSDT,5m,vis_bollinger_rsi_double,Bollinger + RSI Double — Derived Adapter,visual-derived-v1,3,3,6,5,376,0.6808510638297872,1.783929309259244,18.62856276736398,17.90837988671673,0.4652044959823004,0.0100990684444843,5.3267510667326725,5.206063555860296,19.807921639428244,19.040584043382275,188,6.034009048838168,2.0930009155101037,188,1.7905228200703118,1.524669474888494,1,183,2026-04-01T00:00:00.000Z,2026-09-30T23:55:00.000Z
sr35,UAIUSDT,1h,sr25_value_area_80,SR25 Value-Area Edge / 80% Rule,sr25-v1,3,3,6,5,107,0.6542056074766355,2.7708664934484655,23.45479157473156,23.200426490853303,0.4636400258068092,0.037479439631333364,6.06069841348741,6.021551903287177,19.1977658732202,18.987119288635558,54,5.224880675888249,3.3773848559148423,53,2.9285558789031705,2.367592932716843,1,183,2026-04-01T00:00:00.000Z,2026-09-30T23:00:00.000Z
sr35,GPSUSDT,1h,sr_liquidity_sweep,SR Liquidity Sweep + Reclaim,sr-v1,3,3,6,6,106,0.7547169811320755,4.017517400281608,13.950370992065169,13.796378814789906,0.16284164759725406,0.02799305435258464,5.3398986729786495,5.309331369936556,18.81647258283643,18.60895271175125,53,3.4585411331976204,4.899814735286155,53,2.3531979509501366,3.3518073377742392,1,183,2026-04-01T00:00:00.000Z,2026-09-30T23:00:00.000Z
sr35,GPSUSDT,1h,sr25_liquidity_sweep_reclaim,SR25 Liquidity Sweep + Reclaim,sr25-v1,3,3,6,6,106,0.7547169811320755,4.017517400281608,13.950370992065169,13.796378814789906,0.16284164759725406,0.02799305435258464,5.3398986729786495,5.309331369936556,18.81647258283643,18.60895271175125,53,3.4585411331976204,4.899814735286155,53,2.3531979509501366,3.3518073377742392,1,183,2026-04-01T00:00:00.000Z,2026-09-30T23:00:00.000Z
sweep20,GPSUSDT,1h,swp_range24_reclaim,Sweep Range-24 Reclaim,sweep-v1,3,3,6,6,106,0.7547169811320755,4.017517400281608,13.950370992065169,13.796378814789906,0.16284164759725406,0.02799305435258464,5.3398986729786495,5.309331369936556,18.81647258283643,18.60895271175125,53,3.4585411331976204,4.899814735286155,53,2.3531979509501366,3.3518073377742392,1,183,2026-04-01T00:00:00.000Z,2026-09-30T23:00:00.000Z
sr35,QUSDT,1m,sr25_pdh_fvg_mss,SR25 PDH/PDL Sweep + FVG/MSS,sr25-v1,3,3,6,5,111,0.7027027027027027,3.237327450469027,16.088945290827983,15.904123842865822,0.43417112770530375,0.03178852966329762,9.988230734343627,9.921438242984179,17.732178349305276,17.52417079035343,56,5.859122223107033,6.080227558316638,55,1.4914186881316511,2.156090870058756,1,183,2026-04-01T00:00:00.000Z,2026-09-30T23:59:00.000Z
sr35,LABUSDT,1h,sr25_fvg_first_touch,SR25 Fair Value Gap First-Touch Rejection,sr25-v1,3,3,6,4,164,0.4451219512195122,1.9779921877513684,16.849139557285834,16.557171049034,0.9331539514927873,0.046657087466526095,33.873337481562494,33.590025571849786,17.331118546294917,17.028370742011617,82,1.1260677183703596,1.7153445778128806,82,7.395376780833345,2.266085173206426,1,183,2026-04-01T00:00:00.000Z,2026-09-30T23:00:00.000Z
sr35,4USDT,1h,sr25_camarilla_h3_l3,SR25 Camarilla H3/L3 Mean Reversion,sr25-v1,3,3,6,6,146,0.6438356164383562,2.3620372528240847,19.064642450651785,18.77857695224123,0.4224989574770526,0.02507994249566725,5.856384480881024,5.808932842304345,16.99137684050114,16.743559885011702,73,4.977446624619065,2.6265747116261084,73,2.3567246536359465,2.0953159063322855,1,183,2026-04-01T00:00:00.000Z,2026-09-30T23:00:00.000Z
sweep20,SOONUSDT,5m,swp_range48_reclaim,Sweep Range-48 Reclaim,sweep-v1,3,3,6,6,623,0.6982343499197432,1.6708742980870859,18.721544377735665,17.53508373569813,0.2573495113236174,0.005464688151010496,7.94108022023271,7.656001097302994,17.613591379505884,16.49893519666551,311,8.135313447900376,2.037102160306256,312,1.1588251448852467,1.346968590105303,1,183,2026-04-01T00:00:00.000Z,2026-09-30T23:55:00.000Z
sr35,FFUSDT,5m,sr25_inverse_fvg,SR25 Inverse Fair Value Gap,sr25-v1,3,3,6,5,477,0.42557651991614254,1.853139452258263,14.845476050190985,14.110660270787553,0.4112165743311691,0.007282820386557936,8.509631942272579,8.296177333620223,17.181171993250775,16.33304998271395,239,4.429357526086694,2.0830779675395372,238,1.918480865195833,1.6266713245726758,1,183,2026-04-01T00:00:00.000Z,2026-09-30T23:55:00.000Z
sr35,SYNUSDT,1h,sr25_narrow_cpr_breakout,SR25 Narrow CPR Breakout,sr25-v1,3,3,6,5,99,0.2828282828282828,3.0259178927834665,16.100607530085675,15.934238188073014,0.6127310296034945,0.05039735300721976,6.628707285413667,6.5878802372889425,15.809017836077864,15.640504476243201,49,6.760660705547369,4.6192377332503884,50,1.2034989260466005,2.0005214056827896,1,183,2026-04-01T00:00:00.000Z,2026-09-30T23:00:00.000Z
sweep20,UAIUSDT,15m,swp_pivot_sfp_body,Pivot SFP + Body Confirmation,sweep-v1,3,3,6,4,479,0.5803757828810021,1.6215106192207376,23.18106123059692,22.054405034496497,0.6241744006815966,0.009517342106342495,14.687652508294052,14.30923624452771,16.341460061983774,15.536356522350847,240,5.308612586536517,1.6929273993495528,239,2.833023648052628,1.5419809406722738,1,183,2026-04-01T00:00:00.000Z,2026-09-30T23:45:00.000Z
sr35,PIEVERSEUSDT,1m,sr25_camarilla_h3_l3,SR25 Camarilla H3/L3 Mean Reversion,sr25-v1,3,3,6,5,178,0.6741573033707865,2.0431325330716112,11.142450178005786,10.930363923246743,0.488780035591608,0.018081143441824713,5.241611046655837,5.179294664186525,15.791141411466636,15.50014497007708,89,4.8016378028391555,2.616702206544095,89,1.0929348902242073,1.6091223374384307,1,183,2026-04-01T00:00:00.000Z,2026-09-30T23:59:00.000Z
sr35,GRASSUSDT,1h,sr_prior_day_sweep,SR Prior-Day High/Low Sweep,sr-v1,3,3,6,6,86,0.7093023255813954,3.2874601334846982,16.315101047820868,16.1709396997358,0.32764680445261074,0.03917878058459169,3.2368012089554306,3.219151020339707,15.604838422238675,15.46322955502346,43,5.662849215782441,4.2335914679181315,43,1.59875324910643,2.461587236424878,1,183,2026-04-01T00:00:00.000Z,2026-09-30T23:00:00.000Z
sr35,GRASSUSDT,1h,sr25_previous_day_sweep,SR25 Previous-Day High/Low Sweep,sr25-v1,3,3,6,6,86,0.7093023255813954,3.2874601334846982,16.315101047820868,16.1709396997358,0.32764680445261074,0.03917878058459169,3.2368012089554306,3.219151020339707,15.604838422238675,15.46322955502346,43,5.662849215782441,4.2335914679181315,43,1.59875324910643,2.461587236424878,1,183,2026-04-01T00:00:00.000Z,2026-09-30T23:00:00.000Z
sweep20,GRASSUSDT,1h,swp_prior_day,Previous-Day High/Low Sweep,sweep-v1,3,3,6,6,86,0.7093023255813954,3.2874601334846982,16.315101047820868,16.1709396997358,0.32764680445261074,0.03917878058459169,3.2368012089554306,3.219151020339707,15.604838422238675,15.46322955502346,43,5.662849215782441,4.2335914679181315,43,1.59875324910643,2.461587236424878,1,183,2026-04-01T00:00:00.000Z,2026-09-30T23:00:00.000Z
visual28,TUTUSDT,4h,vis_coppock,Coppock Curve — Derived Adapter,visual-derived-v1,3,3,6,3,159,0.4025157232704403,2.97079798141306,25.004150796009657,24.59729328104145,0.47297726180944766,0.04447504502411156,27.235993718440408,27.0910455233866,15.374349634148036,15.15306379488322,80,7.3185109143021325,3.765599384028804,79,2.1260583851973296,2.0814738977086304,1,183,2026-04-01T00:00:00.000Z,2026-09-30T20:00:00.000Z
visual28,TUTUSDT,15m,vis_golden_cross_50_200,Golden Cross SMA50/200 — Derived Adapter,visual-derived-v1,3,3,6,4,106,0.36792452830188677,3.7055684606281867,25.961148121969917,25.681394961190968,0.47545965734344076,0.06166936202785517,28.929663880903284,28.801273729187614,14.043520866606947,13.900201966971785,53,7.499762657940089,4.904155925590425,53,2.171988349202204,2.854092791124627,1,183,2026-04-01T00:00:00.000Z,2026-09-30T23:45:00.000Z
sweep20,QUSDT,15m,swp_failed_breakout,Two-Bar Failed Breakout Sweep,sweep-v1,3,3,6,5,275,0.6654545454545454,1.922615976312965,12.830464836705948,12.457989430028308,0.41267532973776166,0.012117687108050466,4.0727551782793885,4.001363549377402,14.250709052231208,13.83865230061423,138,4.9618181444665135,2.4442425772419236,137,1.319840106082867,1.5495673650732227,1,183,2026-04-01T00:00:00.000Z,2026-09-30T23:45:00.000Z
sweep20,ACEUSDT,1m,swp_ema50_filter,Sweep + EMA50 Direction Filter,sweep-v1,3,3,6,5,294,0.41156462585034015,1.8831688124370853,15.045787409138544,14.58366774985366,0.4798256757435433,0.013572603272914976,11.477547482685615,11.249619407624666,14.13092274146342,13.690656294275351,147,4.116252381519888,2.0168948315700077,147,2.136238444197272,1.7305221286939776,1,183,2026-04-01T00:00:00.000Z,2026-09-30T23:59:00.000Z
sweep20,QUSDT,1h,swp_range48_reclaim,Sweep Range-48 Reclaim,sweep-v1,3,3,6,4,66,0.7121212121212122,4.017863457831095,20.1034068111869,19.96916380846461,0.5837212834206397,0.06506300875661539,22.988749297016607,22.901410017523187,13.605120590301842,13.513149301336801,33,6.756414229495485,9.58005989678369,33,1.7207684100903857,2.4398462160673002,1,183,2026-04-01T00:00:00.000Z,2026-09-30T23:00:00.000Z
sr35,PIEVERSEUSDT,5m,sr25_camarilla_h3_l3,SR25 Camarilla H3/L3 Mean Reversion,sr25-v1,3,3,6,5,178,0.6573033707865169,1.984582868817896,9.243105264512895,9.064074344789134,0.4509526364986073,0.016946088208302793,3.577806418686116,3.5319679317096933,13.542846684794043,13.290682025902527,89,4.325949497671062,2.6315888573136466,89,0.9232449104130662,1.556079494235304,1,183,2026-04-01T00:00:00.000Z,2026-09-30T23:55:00.000Z
sr35,MAGMAUSDT,15m,sr_volume_breakout,SR Volume-Confirmed Breakout,sr-v1,3,3,6,4,141,0.375886524822695,2.01332637522109,15.678011132291545,15.446752588552588,0.6837418567824974,0.033437778103980326,7.798417895902896,7.734644374665278,13.02060969409521,12.824594973041933,70,4.492889813246611,2.224914165547563,71,2.0362908595164204,1.805694674125778,1,183,2026-04-01T00:00:00.000Z,2026-09-30T23:45:00.000Z
visual28,TUTUSDT,1h,vis_fibonacci_bb,Fibonacci Bollinger Bands — Derived Adapter,visual-derived-v1,3,3,6,3,137,0.34306569343065696,2.751146812701031,10.849472474661734,10.68889863230791,0.7173230924791293,0.04800667428602732,29.421907631047866,29.24794734257627,12.985790454108093,12.799357919195383,69,4.728002011315917,3.1072309889425154,68,1.0686920939016056,2.348962109016047,1,183,2026-04-01T00:00:00.000Z,2026-09-30T23:00:00.000Z
sr35,PIEVERSEUSDT,5m,sr_range_edge,SR Range Edge Rejection,sr-v1,3,3,6,5,649,0.6841294298921418,1.4929507836574591,11.994734009815922,11.18024344767275,0.5590095042212585,0.005206540931667671,5.034177131262469,4.8345525707879915,13.319451728115522,12.41939779708317,324,4.857056034481668,1.6843256220881282,325,1.2186460114626403,1.3319523047092665,1,183,2026-04-01T00:00:00.000Z,2026-09-30T23:55:00.000Z
sweep20,BANKUSDT,5m,swp_compression_reclaim,Compression Sweep + Reclaim,sweep-v1,3,3,6,5,514,0.6186770428015564,1.6833471689683472,12.428758563719141,11.756893279761364,0.5417953464541274,0.008901440896587894,8.837253787723752,8.570436076857309,12.997050263649019,12.291493277338175,257,2.322704687869685,1.5815967507728983,257,3.041514315955908,1.7916295247296388,1,183,2026-04-01T00:00:00.000Z,2026-09-30T23:55:00.000Z
sweep20,GPSUSDT,1h,swp_wick_sfp,Sweep + Wick Rejection,sweep-v1,3,3,6,6,74,0.7702702702702703,4.137102697481501,10.47062485377435,10.388556845696248,0.18389427917620127,0.03653013625492974,4.095025650554401,4.077460048273685,12.234391571965872,12.137232969032922,37,3.144247145312036,4.963557575821389,37,1.7678428557886314,3.4263484534815953,1,183,2026-04-01T00:00:00.000Z,2026-09-30T23:00:00.000Z
sr35,BLURUSDT,15m,sr25_value_area_80,SR25 Value-Area Edge / 80% Rule,sr25-v1,3,3,6,5,130,0.7153846153846154,3.2635068339183686,12.52499384728462,12.353402190794442,0.28638458086517427,0.02240949767693316,2.100418269814296,2.0784895029498003,12.05275403041096,11.88452769887971,65,2.8017307660765947,3.0826569870663603,65,2.5575885509752947,3.513009115417256,1,183,2026-04-01T00:00:00.000Z,2026-09-30T23:45:00.000Z
sweep20,4USDT,15m,swp_rsi_exhaustion,Sweep + RSI Exhaustion,sweep-v1,3,3,6,5,266,0.6879699248120301,1.6981503794781936,16.25302535611,15.80340524417656,0.6033095467280388,0.013800486348871821,1.7327602984174861,1.6981333496184168,12.178573041622554,11.837365582805173,133,4.412459363594102,1.799992909049806,133,2.1876498643406492,1.6051653905469727,1,183,2026-04-01T00:00:00.000Z,2026-09-30T23:45:00.000Z
sweep20,QUSDT,15m,swp_range12_reclaim,Sweep Range-12 Reclaim,sweep-v1,3,3,6,4,697,0.6025824964131994,1.5347307543621673,12.33212220609439,11.436639126936536,0.5070735100559705,0.005157790750760874,10.666351904784392,10.277334839387512,12.528577362102798,11.619920819785692,349,4.786264360932515,1.7287838869620882,348,1.3040983568102615,1.36515128889683,1,183,2026-04-01T00:00:00.000Z,2026-09-30T23:45:00.000Z
sr35,BTRUSDT,15m,sr25_supply_demand_retest,SR25 RBD/DBR Supply-Demand Retest,sr25-v1,3,3,6,4,95,0.42105263157894735,3.0951269592611284,5.421558592906026,5.361166974090933,0.46346598294822683,0.04728993132389166,4.905436500947076,4.871434728314975,11.368231798500084,11.249892701882068,48,2.462886286880344,4.03373527868775,47,0.8543948778321266,1.9867367413505914,1,183,2026-04-01T00:00:00.000Z,2026-09-30T23:45:00.000Z
sr35,FLOCKUSDT,5m,sr_wick_rejection,SR Wick Rejection,sr-v1,3,3,6,4,499,0.6472945891783567,1.6876975868715107,12.969676229410183,12.292668300604344,0.40870337153937164,0.0060229041377304745,4.591942554840829,4.45794684814348,11.488927816507148,10.884741590539294,249,3.2524621315039193,1.755941446729701,250,2.285079513328836,1.6205778438788982,1,183,2026-04-01T00:00:00.000Z,2026-09-30T23:55:00.000Z
sr35,UAIUSDT,1h,sr_pivot_bounce,SR Pivot Bounce,sr-v1,3,3,6,5,220,0.6227272727272727,1.6505920028602623,5.815683998390815,5.667879216268423,0.7354147030946099,0.01380424204920653,3.6197670243725915,3.570493970042424,10.968134827502341,10.71176536653862,110,2.327955997506236,1.7638089996374753,110,1.048009049247662,1.551552976232696,1,183,2026-04-01T00:00:00.000Z,2026-09-30T23:00:00.000Z
visual28,USUSDT,1m,vis_macd_stoch,MACD + Stochastic — Derived Adapter,visual-derived-v1,3,3,6,5,576,0.6319444444444444,1.4063409080074565,12.647202167468441,11.884915717164379,0.5685441459156767,0.006769691459280716,3.764829265830075,3.6238969770750815,11.387683012738089,10.692115547452033,288,8.524311925227819,1.6470633076750831,288,0.43288064005127835,1.1915518428728686,1,183,2026-04-01T00:00:00.000Z,2026-09-30T23:59:00.000Z
algo9,TUTUSDT,4h,ott,Optimized Trend Tracker,kivanc-core-v1,3,3,6,3,86,0.37209302325581395,3.0050133674370803,13.345365983754403,13.22330904844657,0.6970030520033528,0.08410419995811377,36.05213021118576,35.92139483051054,10.786499626304307,10.689575427161374,43,5.2578993071831235,3.7433390404946096,43,1.292361266869234,2.395869808622799,1,183,2026-04-01T00:00:00.000Z,2026-09-30T20:00:00.000Z
sweep20,BOMEUSDT,1h,swp_pivot_sfp_body,Pivot SFP + Body Confirmation,sweep-v1,3,3,6,6,122,0.7049180327868853,3.338044354586101,10.845411901316991,10.704285395424035,0.21443054259248595,0.023261095414449366,3.4265748839768326,3.39890592277796,10.473635121345334,10.338037285855087,61,4.499644890213275,3.4681880620210475,61,1.1538503190262568,3.064906784102799,1,183,2026-04-01T00:00:00.000Z,2026-09-30T23:00:00.000Z
visual28,MAGMAUSDT,4h,vis_candlestick_reversal,Candlestick Reversal Patterns — Derived Adapter,visual-derived-v1,3,3,6,6,90,0.4888888888888889,2.2433432284941803,11.957022937652175,11.842792605992924,0.46947270557139453,0.04295049737996322,3.122904315627384,3.101793924380365,10.128062058742353,10.026501353759382,45,3.762025723644488,2.2391653887159673,45,1.7209057005546495,2.2516016999189743,1,183,2026-04-01T00:00:00.000Z,2026-09-30T20:00:00.000Z
sr35,BRUSDT,1h,sr25_kernel_supply_demand,SR25 Kernel/Volume-Scored Supply-Demand,sr25-v1,3,3,6,6,210,0.5904761904761905,1.7096663774608876,6.010571700820821,5.865106820103612,0.508755398738975,0.01877832991417248,5.3665378277662885,5.3093460534509935,10.048291987496018,9.847713183541618,105,5.492778395642249,2.3358170058506365,105,0.07974911103174276,1.20829404837228,1,183,2026-04-01T00:00:00.000Z,2026-09-30T23:00:00.000Z
visual28,MAGMAUSDT,15m,vis_sr_breaks,Support & Resistance Breaks — Derived Adapter,visual-derived-v1,3,3,6,4,163,0.3803680981595092,1.842540504280895,11.20679948606292,11.010601964612585,0.6051079658757366,0.02761012061273431,5.0472200874333675,4.997722801975302,9.942869145374077,9.76582261191034,81,3.699264844499284,2.0484455489725986,82,1.5975976860192418,1.6482311435062582,1,183,2026-04-01T00:00:00.000Z,2026-09-30T23:45:00.000Z
sr35,BTRUSDT,1m,sr25_value_area_80,SR25 Value-Area Edge / 80% Rule,sr25-v1,3,3,6,5,135,0.725925925925926,3.17860383511001,12.364499617792493,12.187016476885347,0.5779881288966007,0.038358944683099146,8.976215549947737,8.904726607566966,9.74973415458197,9.607770471808452,67,3.980479610144223,3.638521985362564,68,1.683376032816545,2.3268218728681567,1,183,2026-04-01T00:00:00.000Z,2026-09-30T23:59:00.000Z
sr35,QUSDT,5m,sr25_pdh_fvg_mss,SR25 PDH/PDL Sweep + FVG/MSS,sr25-v1,3,3,6,5,105,0.6857142857142857,3.0277327098873292,9.568837132775803,9.460353668314317,0.45259323793378636,0.028405475599520575,7.674915599709557,7.622006761160856,9.618409231602298,9.508358493912253,53,4.3695782121137805,6.583406321069995,52,0.9682806945492426,1.9740535690303087,1,183,2026-04-01T00:00:00.000Z,2026-09-30T23:55:00.000Z
sr35,GRASSUSDT,4h,sr_prior_day_sweep,SR Prior-Day High/Low Sweep,sr-v1,3,3,6,5,68,0.7058823529411765,3.3020854817928575,8.880705480060172,8.81553561415331,0.36073155413370617,0.04175630009019115,3.2604957481480543,3.2457022157209128,9.278636575739691,9.210880206436359,34,3.9127668041327768,4.582602961476307,34,1.0112303054458462,2.343521440014306,1,183,2026-04-01T00:00:00.000Z,2026-09-30T20:00:00.000Z
sr35,GRASSUSDT,4h,sr25_previous_day_sweep,SR25 Previous-Day High/Low Sweep,sr25-v1,3,3,6,5,68,0.7058823529411765,3.3020854817928575,8.880705480060172,8.81553561415331,0.36073155413370617,0.04175630009019115,3.2604957481480543,3.2457022157209128,9.278636575739691,9.210880206436359,34,3.9127668041327768,4.582602961476307,34,1.0112303054458462,2.343521440014306,1,183,2026-04-01T00:00:00.000Z,2026-09-30T20:00:00.000Z
sweep20,GRASSUSDT,4h,swp_prior_day,Previous-Day High/Low Sweep,sweep-v1,3,3,6,5,68,0.7058823529411765,3.3020854817928575,8.880705480060172,8.81553561415331,0.36073155413370617,0.04175630009019115,3.2604957481480543,3.2457022157209128,9.278636575739691,9.210880206436359,34,3.9127668041327768,4.582602961476307,34,1.0112303054458462,2.343521440014306,1,183,2026-04-01T00:00:00.000Z,2026-09-30T20:00:00.000Z
sr35,GPSUSDT,15m,sr_liquidity_sweep,SR Liquidity Sweep + Reclaim,sr-v1,3,3,6,6,426,0.7230046948356808,1.7728335304853737,9.689088846054506,9.24538894188289,0.26846599150438477,0.006283538870535792,3.681014431015038,3.5903182847038098,9.648110195877216,9.210191153758279,213,2.5873949272445893,1.9202487884999915,213,1.9796242295142559,1.6589228718518587,1,183,2026-04-01T00:00:00.000Z,2026-09-30T23:45:00.000Z
sr35,GPSUSDT,15m,sr25_liquidity_sweep_reclaim,SR25 Liquidity Sweep + Reclaim,sr25-v1,3,3,6,6,426,0.7230046948356808,1.7728335304853737,9.689088846054506,9.24538894188289,0.26846599150438477,0.006283538870535792,3.681014431015038,3.5903182847038098,9.648110195877216,9.210191153758279,213,2.5873949272445893,1.9202487884999915,213,1.9796242295142559,1.6589228718518587,1,183,2026-04-01T00:00:00.000Z,2026-09-30T23:45:00.000Z
sweep20,GPSUSDT,15m,swp_range24_reclaim,Sweep Range-24 Reclaim,sweep-v1,3,3,6,6,426,0.7230046948356808,1.7728335304853737,9.689088846054506,9.24538894188289,0.26846599150438477,0.006283538870535792,3.681014431015038,3.5903182847038098,9.648110195877216,9.210191153758279,213,2.5873949272445893,1.9202487884999915,213,1.9796242295142559,1.6589228718518587,1,183,2026-04-01T00:00:00.000Z,2026-09-30T23:45:00.000Z
sweep20,GRASSUSDT,1m,swp_asia_range,Asia Range Sweep,sweep-v1,3,3,6,5,156,0.7051282051282052,2.1024541747238517,9.854393027279496,9.688427310382458,0.4322725337080189,0.018245892976602753,2.18584279194324,2.1598001478009285,9.260559365504905,9.100588610093318,78,4.076438362149,2.8149058718362965,78,1.1381906472483054,1.6570900164042548,1,183,2026-04-01T00:00:00.000Z,2026-09-30T23:59:00.000Z
visual28,UAIUSDT,5m,vis_macd_stoch,MACD + Stochastic — Derived Adapter,visual-derived-v1,3,3,6,4,113,0.6194690265486725,1.9146488510576796,8.663825493108424,8.556524119028552,0.6035235564570045,0.02814455014788824,5.114170720441287,5.077135193001987,9.074886596740994,8.959179328326186,57,2.986750241687885,2.2297578071291553,56,1.4239856793780525,1.7171067790185073,1,183,2026-04-01T00:00:00.000Z,2026-09-30T23:55:00.000Z
sweep20,FLOCKUSDT,15m,swp_rsi_exhaustion,Sweep + RSI Exhaustion,sweep-v1,3,3,6,6,225,0.7155555555555555,1.887387313673214,9.168009622231901,8.943695292048053,0.28430033843845115,0.012032295983540218,1.9336204324352368,1.9040957153083093,9.022827397975155,8.799741225185183,113,2.6890516834860145,1.9468815186929254,112,1.7562665136270232,1.817341006634745,1,183,2026-04-01T00:00:00.000Z,2026-09-30T23:45:00.000Z
sr35,GRASSUSDT,15m,sr_prior_day_sweep,SR Prior-Day High/Low Sweep,sr-v1,3,3,6,4,88,0.7386363636363636,2.565072954143814,9.351426220427989,9.262689007723905,0.4356360346111796,0.03152400125389234,4.626877796211998,4.602480326325556,8.860970199082653,8.774438432582349,44,4.1756157666531815,3.3626448696816036,44,1.0000376162239264,1.8972135789548155,1,183,2026-04-01T00:00:00.000Z,2026-09-30T23:45:00.000Z
sr35,GRASSUSDT,15m,sr25_previous_day_sweep,SR25 Previous-Day High/Low Sweep,sr25-v1,3,3,6,4,88,0.7386363636363636,2.565072954143814,9.351426220427989,9.262689007723905,0.4356360346111796,0.03152400125389234,4.626877796211998,4.602480326325556,8.860970199082653,8.774438432582349,44,4.1756157666531815,3.3626448696816036,44,1.0000376162239264,1.8972135789548155,1,183,2026-04-01T00:00:00.000Z,2026-09-30T23:45:00.000Z
sweep20,GRASSUSDT,15m,swp_prior_day,Previous-Day High/Low Sweep,sweep-v1,3,3,6,4,88,0.7386363636363636,2.565072954143814,9.351426220427989,9.262689007723905,0.4356360346111796,0.03152400125389234,4.626877796211998,4.602480326325556,8.860970199082653,8.774438432582349,44,4.1756157666531815,3.3626448696816036,44,1.0000376162239264,1.8972135789548155,1,183,2026-04-01T00:00:00.000Z,2026-09-30T23:45:00.000Z
algo9,ACEUSDT,1h,ssl_hybrid_flip,SSL Hybrid — Flip Mode,tv-open-v1,3,3,6,3,250,0.372,1.9186156889222281,11.419292168603947,11.114510064215214,0.4329123550795352,0.015588368892467246,13.966250722696145,13.805242066016385,8.872925236186536,8.64779204392015,125,3.4772530636347403,2.1327632243174985,125,1.7738642404371197,1.6864534278985173,1,183,2026-04-01T00:00:00.000Z,2026-09-30T23:00:00.000Z
visual28,QUSDT,5m,vis_macd_stoch,MACD + Stochastic — Derived Adapter,visual-derived-v1,3,3,6,5,111,0.6216216216216216,2.4885736912638436,9.276679025515842,9.164983725173933,0.318727061598834,0.027700803238751452,7.02341806465034,6.972752069169987,8.26705406335567,8.163488926606915,56,4.117210450762897,3.0105509394627754,55,1.00825803910092,1.9379608256775336,1,183,2026-04-01T00:00:00.000Z,2026-09-30T23:55:00.000Z
visual28,PARTIUSDT,1h,vis_bb_mean_reversion,Bollinger Mean Reversion — Derived Adapter,visual-derived-v1,3,3,6,6,73,0.6575342465753424,3.7279108890784127,10.058399931429594,9.980171963737767,0.25203088975605537,0.03965677187178703,2.073312229347119,2.061957738819102,8.129032597863375,8.064293232991107,36,0.8512184981706337,2.217230143488245,37,4.973578992624298,5.527978683388612,1,183,2026-04-01T00:00:00.000Z,2026-09-30T23:00:00.000Z
sr35,JTOUSDT,1h,sr25_pdh_fvg_mss,SR25 PDH/PDL Sweep + FVG/MSS,sr25-v1,3,3,6,5,72,0.6944444444444444,2.7540285085360288,6.112081787060259,6.062164759008612,0.3548933272527648,0.03305295581694599,2.275099239699616,2.264329487671539,7.721815761582437,7.659908188036759,36,2.774448723600347,4.39166000353562,36,0.8842703419418116,1.9248886443655775,1,183,2026-04-01T00:00:00.000Z,2026-09-30T23:00:00.000Z
visual28,PARTIUSDT,15m,vis_bb_mean_reversion,Bollinger Mean Reversion — Derived Adapter,visual-derived-v1,3,3,6,5,289,0.6505190311418685,1.9588284422562838,8.15844211401099,7.899116979234726,0.2861614349485574,0.009589305588148841,0.7989715547083098,0.7706817812020639,7.887965914988664,7.633682958983702,144,0.6861275932595072,1.4352032794743321,145,4.431642392084051,2.513871058550921,1,183,2026-04-01T00:00:00.000Z,2026-09-30T23:45:00.000Z
sr35,ACEUSDT,15m,sr25_impulse_ob_retest,SR25 Impulse Order Block Retest,sr25-v1,3,3,6,3,171,0.40350877192982454,1.964237242122952,6.530713539464728,6.403876156310649,0.697635210573146,0.01842704732267634,21.978418650061986,21.78938757810407,7.780221556562969,7.631596111274369,86,2.4703219261821956,2.0977935740817593,85,1.170033126508665,1.7720765019534868,1,183,2026-04-01T00:00:00.000Z,2026-09-30T23:45:00.000Z
visual28,ACEUSDT,1h,vis_coppock,Coppock Curve — Derived Adapter,visual-derived-v1,3,3,6,3,698,0.32951289398280803,1.5990704947388992,10.499598266387908,9.725366880623469,0.7728601089868451,0.0065555665925585045,25.75979587219086,24.883475395520716,8.135955869601444,7.531780039168101,349,3.264967367770506,1.7875199126550836,349,1.6962922045519124,1.3921523821975617,1,183,2026-04-01T00:00:00.000Z,2026-09-30T23:00:00.000Z
sweep20,LITUSDT,5m,swp_range96_reclaim,Sweep Range-96 Reclaim,sweep-v1,3,3,6,5,328,0.6707317073170732,1.618135849712777,8.547729018058961,8.241313850056786,0.48496778542773566,0.008106014043272956,1.3429901081911266,1.305955110357789,7.7644048307094256,7.483055783598914,164,5.519657033946545,2.3593703935342862,164,0.46445264963261823,1.2317923734356957,1,183,2026-04-01T00:00:00.000Z,2026-09-30T23:55:00.000Z
sweep20,EIGENUSDT,15m,swp_rsi_exhaustion,Sweep + RSI Exhaustion,sweep-v1,3,3,6,4,260,0.7346153846153847,1.776025384841456,7.531516152759497,7.314093528062946,0.2552956170493731,0.009292261951401147,6.324667013407889,6.222027418044577,7.540347774191641,7.321865168620697,130,2.5247119879368087,1.9647272766528072,130,1.420486037428955,1.61076166238085,1,183,2026-04-01T00:00:00.000Z,2026-09-30T23:45:00.000Z
visual28,ACEUSDT,1h,vis_supertrend_10_3,SuperTrend 10/3 — Derived Adapter,visual-derived-v1,3,3,6,5,86,0.4069767441860465,2.443469918937972,6.615047914189801,6.550814675355927,0.5524493866653586,0.03542848775712898,5.604778420661006,5.578554040007336,7.376199303687676,7.308110253278137,43,2.5078107010664863,3.0516218268843613,43,1.170883369468763,1.9345776605046734,1,183,2026-04-01T00:00:00.000Z,2026-09-30T23:00:00.000Z
visual28,USUSDT,15m,vis_bollinger_rsi_double,Bollinger + RSI Double — Derived Adapter,visual-derived-v1,3,3,6,5,129,0.6821705426356589,1.8909116230663474,12.602047634018646,12.42971325600629,0.586267794859548,0.0288372841366796,3.8842750287473757,3.8515280923735746,7.218430603266222,7.113074245672909,64,7.9624593833252995,2.834212784421634,65,0.5176690964229453,1.391504815153083,1,183,2026-04-01T00:00:00.000Z,2026-09-30T23:45:00.000Z
sr35,4USDT,4h,sr25_camarilla_h3_l3,SR25 Camarilla H3/L3 Mean Reversion,sr25-v1,3,3,6,4,110,0.6363636363636364,2.4962681191977025,10.383289777034314,10.260811491838215,0.3761802901528565,0.02850560442258772,2.4970864740314775,2.4795983015374228,7.100664340532102,7.015646522489243,55,3.378287856796913,2.9228543668413813,55,1.5999409242502738,2.1088502025884774,1,183,2026-04-01T00:00:00.000Z,2026-09-30T20:00:00.000Z
algo9,LABUSDT,15m,tott,Twin Optimized Trend Tracker,kivanc-core-v1,3,3,6,3,100,0.32,6.303929697639757,9.501827516799729,9.394543679443222,0.9765105736540816,0.35552091417416465,75.98629790401503,75.70376763846726,6.85170873159584,6.767352697520051,50,0.6752913712287347,1.711894608100236,50,5.268657319650138,9.87459570165889,1,183,2026-04-01T00:00:00.000Z,2026-09-30T23:45:00.000Z
visual28,QUSDT,1m,vis_macd_stoch,MACD + Stochastic — Derived Adapter,visual-derived-v1,3,3,6,4,566,0.5742049469964664,1.4642414772843904,7.986177303065713,7.493062381334161,0.3960168171876536,0.004845078572405735,1.9967270539925877,1.9118894529540245,7.128069141494725,6.6819667335602615,283,3.721372699459229,1.6239354665059906,283,0.9032975948064792,1.2932569048057512,1,183,2026-04-01T00:00:00.000Z,2026-09-30T23:59:00.000Z
sweep20,GRASSUSDT,1h,swp_asia_range,Asia Range Sweep,sweep-v1,3,3,6,4,131,0.6793893129770993,2.095940876586243,6.041599938141189,5.950995490984104,0.3784727970375277,0.018520394598077784,1.2356247881875237,1.2206066406036387,6.754577632993668,6.652578325149989,66,3.1975381746831912,3.13719504504265,65,0.6775547106662467,1.562149290819852,1,183,2026-04-01T00:00:00.000Z,2026-09-30T23:00:00.000Z
visual28,NILUSDT,15m,vis_sr_breaks,Support & Resistance Breaks — Derived Adapter,visual-derived-v1,3,3,6,4,150,0.4,2.1060857374838777,7.701146857309432,7.572694043359062,0.529107627512966,0.0235677735164012,4.257364543701396,4.219718449695117,6.69245403106121,6.576526013455223,75,3.797507297728928,2.535933731931817,75,0.813680796572928,1.5595228410903736,1,183,2026-04-01T00:00:00.000Z,2026-09-30T23:45:00.000Z
sr35,TRIAUSDT,1h,sr25_kernel_supply_demand,SR25 Kernel/Volume-Scored Supply-Demand,sr25-v1,3,3,6,5,222,0.6441441441441441,1.6044110200541408,5.1298522761159555,4.9958411315128926,0.5749989736436613,0.011348689341321286,1.4417440637652845,1.4175180908598715,6.701028048325942,6.547930224327949,111,-0.020361417465696086,1.1607249935660149,111,5.257258937534045,2.1725508636907707,1,183,2026-04-01T00:00:00.000Z,2026-09-30T23:00:00.000Z
sweep20,PIPPINUSDT,1h,swp_volume_absorption,Sweep + Volume Absorption,sweep-v1,3,3,6,5,65,0.7076923076923077,2.8561310336943753,6.27428042803964,6.228293061613759,0.44121274162708757,0.0377691379314144,0.6589074217391362,0.6536833680917695,6.5353246585999365,6.487752408838733,32,0.48697808504901685,1.6380957609357771,33,3.8919889951167974,4.877440906721375,1,183,2026-04-01T00:00:00.000Z,2026-09-30T23:00:00.000Z
visual28,ZECUSDT,1h,vis_fibonacci_bb,Fibonacci Bollinger Bands — Derived Adapter,visual-derived-v1,3,3,6,5,119,0.4117647058823529,2.1809724218489683,6.16083477779253,6.077183250058826,0.3616261977201022,0.02130413573932336,2.4576268317139642,2.439707954943837,6.565358861509539,6.477031061021516,60,5.365490564174324,3.1369443852830994,59,0.12494625600334519,1.2557735756524477,1,183,2026-04-01T00:00:00.000Z,2026-09-30T23:00:00.000Z
visual28,BRUSDT,5m,vis_bb_mean_reversion,Bollinger Mean Reversion — Derived Adapter,visual-derived-v1,3,3,6,5,789,0.6185044359949303,1.3644413301745413,7.931587646650492,7.254460242623573,0.8615163031072628,0.004603340617351527,6.455431399432374,6.14966559899185,6.967783762456396,6.363642718893035,395,6.924623837919326,1.6071506477692348,394,0.12706771063540234,1.1567001282395097,1,183,2026-04-01T00:00:00.000Z,2026-09-30T23:55:00.000Z
sweep20,TAKEUSDT,1m,swp_ema50_filter,Sweep + EMA50 Direction Filter,sweep-v1,3,3,6,4,429,0.3822843822843823,1.5309335157876796,6.711865761108767,6.38866930064784,0.6502209553351458,0.008090965245600695,11.728875518616443,11.465398455025634,6.6538843948546464,6.330184631393274,215,4.418804297684196,1.8834556328485683,214,0.4231674254049993,1.2848535591512276,1,183,2026-04-01T00:00:00.000Z,2026-09-30T23:59:00.000Z
sweep20,AEROUSDT,15m,swp_fvg_after,Sweep + Post-Sweep FVG,sweep-v1,3,3,6,5,208,0.5288461538461539,1.9956805481119095,6.566464426596458,6.412049696254546,0.14836677328810333,0.01073496177868202,4.122505518005563,4.068757027894141,6.34516625106253,6.195246204406493,104,3.373834371526323,2.566172593219905,104,0.729938489636043,1.5243310105983499,1,183,2026-04-01T00:00:00.000Z,2026-09-30T23:45:00.000Z
sweep20,NOMUSDT,1h,swp_wick_sfp,Sweep + Wick Rejection,sweep-v1,3,3,6,6,82,0.6707317073170732,2.7661641935979193,7.783556795386673,7.713351410244805,0.37215983685222787,0.03158105081990064,1.534449249737853,1.524545213534942,6.20379234798238,6.146070326728645,41,0.6285811957750407,1.669774894511068,41,4.393379721056266,5.984229803657362,1,183,2026-04-01T00:00:00.000Z,2026-09-30T23:00:00.000Z
sr35,FLOCKUSDT,15m,sr_liquidity_sweep,SR Liquidity Sweep + Reclaim,sr-v1,3,3,6,5,404,0.6707920792079208,1.5904311766668338,7.062516859595494,6.744556697854703,0.324774530613943,0.006220128005797485,3.509871644562356,3.4211096672616543,6.427319525221939,6.136495623253458,202,2.219593913899473,1.630463848636681,202,1.5042030377770277,1.5439705202274832,1,183,2026-04-01T00:00:00.000Z,2026-09-30T23:45:00.000Z
sr35,FLOCKUSDT,15m,sr25_liquidity_sweep_reclaim,SR25 Liquidity Sweep + Reclaim,sr25-v1,3,3,6,5,404,0.6707920792079208,1.5904311766668338,7.062516859595494,6.744556697854703,0.324774530613943,0.006220128005797485,3.509871644562356,3.4211096672616543,6.427319525221939,6.136495623253458,202,2.219593913899473,1.630463848636681,202,1.5042030377770277,1.5439705202274832,1,183,2026-04-01T00:00:00.000Z,2026-09-30T23:45:00.000Z
sweep20,FLOCKUSDT,15m,swp_range24_reclaim,Sweep Range-24 Reclaim,sweep-v1,3,3,6,5,404,0.6707920792079208,1.5904311766668338,7.062516859595494,6.744556697854703,0.324774530613943,0.006220128005797485,3.509871644562356,3.4211096672616543,6.427319525221939,6.136495623253458,202,2.219593913899473,1.630463848636681,202,1.5042030377770277,1.5439705202274832,1,183,2026-04-01T00:00:00.000Z,2026-09-30T23:45:00.000Z
sr35,UAIUSDT,15m,sr_wick_rejection,SR Wick Rejection,sr-v1,3,3,6,5,161,0.7080745341614907,1.6431334899209795,4.59740957310617,4.508313299233345,0.8326252474507577,0.01730565326184562,2.9609907260223567,2.9328455019694157,6.158746295137779,6.044381769192572,81,1.9163083264279739,1.7292070835584283,80,0.9193476637506739,1.5728414718172774,1,183,2026-04-01T00:00:00.000Z,2026-09-30T23:45:00.000Z
sweep20,FLOCKUSDT,5m,swp_atr_expansion,Sweep + ATR Expansion,sweep-v1,3,3,6,6,783,0.6168582375478927,1.3931477422931815,6.088755259771285,5.555818449957076,0.37206672456262246,0.0031383198269007637,4.134459332363276,3.9342476390286834,6.611478896843005,6.041417025223906,391,2.0275027835622694,1.4159040315345883,392,1.341452928882326,1.3654987771829905,1,183,2026-04-01T00:00:00.000Z,2026-09-30T23:55:00.000Z
sweep20,FFUSDT,15m,swp_failed_breakout,Two-Bar Failed Breakout Sweep,sweep-v1,3,3,6,5,315,0.6666666666666666,1.9498906561982885,7.588053310033835,7.323107216894707,0.2983823010451908,0.008712917214926253,0.7394188016212613,0.7137600495789704,6.260460736274647,6.037059050673839,157,2.9674506164811154,2.2216287543725493,158,1.1646276514087783,1.6701099100438297,1,183,2026-04-01T00:00:00.000Z,2026-09-30T23:45:00.000Z
sweep20,FORMUSDT,1m,swp_asia_range,Asia Range Sweep,sweep-v1,3,3,6,5,156,0.7243589743589743,2.3201726294186136,6.887194343442728,6.766506970541366,0.2594373339733045,0.015064046591702627,3.2896148632751316,3.255553039258637,6.093608704932695,5.982887709655084,78,2.1063704623425767,2.4407179947717146,78,1.5390385464503926,2.197132387750222,1,183,2026-04-01T00:00:00.000Z,2026-09-30T23:59:00.000Z
algo9,TUTUSDT,1h,mavilimw,MavilimW,kivanc-core-v1,3,3,6,3,88,0.42045454545454547,3.3277219845938655,13.515315488602182,13.389852615935414,0.549361042995941,0.06302057148804263,14.735867398546453,14.678662424318446,6.017824077750557,5.961710637154803,44,5.292340845121393,4.142191933394302,44,1.3068228256986831,2.7071292996412533,1,183,2026-04-01T00:00:00.000Z,2026-09-30T23:00:00.000Z
sr35,QUSDT,1h,sr_liquidity_sweep,SR Liquidity Sweep + Reclaim,sr-v1,3,3,6,4,111,0.5855855855855856,2.33872074381597,6.325492253127173,6.245480154530914,0.5789849574230039,0.028196511006392377,13.79043999574718,13.697661804584886,5.995402805082851,5.918269330152947,56,3.4742321916609757,3.9185705670263453,55,0.6372624261164508,1.6161958180019131,1,183,2026-04-01T00:00:00.000Z,2026-09-30T23:00:00.000Z
sr35,QUSDT,1h,sr25_liquidity_sweep_reclaim,SR25 Liquidity Sweep + Reclaim,sr25-v1,3,3,6,4,111,0.5855855855855856,2.33872074381597,6.325492253127173,6.245480154530914,0.5789849574230039,0.028196511006392377,13.79043999574718,13.697661804584886,5.995402805082851,5.918269330152947,56,3.4742321916609757,3.9185705670263453,55,0.6372624261164508,1.6161958180019131,1,183,2026-04-01T00:00:00.000Z,2026-09-30T23:00:00.000Z
sweep20,QUSDT,1h,swp_range24_reclaim,Sweep Range-24 Reclaim,sweep-v1,3,3,6,4,111,0.5855855855855856,2.33872074381597,6.325492253127173,6.245480154530914,0.5789849574230039,0.028196511006392377,13.79043999574718,13.697661804584886,5.995402805082851,5.918269330152947,56,3.4742321916609757,3.9185705670263453,55,0.6372624261164508,1.6161958180019131,1,183,2026-04-01T00:00:00.000Z,2026-09-30T23:00:00.000Z
visual28,QUSDT,5m,vis_bb_mean_reversion,Bollinger Mean Reversion — Derived Adapter,visual-derived-v1,3,3,6,3,776,0.6069587628865979,1.4084415640031314,7.036633962832585,6.437462839985528,0.6765393711592735,0.003912173043469723,13.731756256603292,13.171356017599662,6.419816254946269,5.865892780572551,388,3.4955240327851556,1.588647217880531,388,0.7876968078076456,1.2501512083854927,1,183,2026-04-01T00:00:00.000Z,2026-09-30T23:55:00.000Z
sr35,KITEUSDT,15m,sr25_wick_confirmed_zone,SR25 Wick Rejection at Confirmed Zone,sr25-v1,3,3,6,5,381,0.6587926509186351,1.7019711452901,6.364279087986464,6.090205967849784,0.22332401277891856,0.005882011687936635,1.4620540309154264,1.4144552590207349,6.0813542408540435,5.817786270031567,191,1.5999206972424327,1.5999826561834807,190,1.8325014281386691,1.8394793720481049,1,183,2026-04-01T00:00:00.000Z,2026-09-30T23:45:00.000Z
sr35,VELVETUSDT,1m,sr25_pdh_fvg_mss,SR25 PDH/PDL Sweep + FVG/MSS,sr25-v1,3,3,6,4,84,0.6666666666666666,2.285872569983897,1.3711259788918109,1.350414451153116,0.9333987740486681,0.06285259454964937,24.861413793052364,24.74800646282222,5.840950102167832,5.78236875529673,42,0.34703944522988284,1.6371185756548703,42,0.7602498481305855,2.8464800939088435,1,183,2026-04-01T00:00:00.000Z,2026-09-30T23:59:00.000Z
sr35,GRASSUSDT,1m,sr25_poc_mean_reversion,SR25 Volume Profile POC Mean Reversion,sr25-v1,3,3,6,6,916,0.8875545851528385,1.5957018544667914,8.420607110592591,7.597588852075516,0.3717171015469958,0.0028188035126628964,2.5222112067370284,2.3638858095725173,6.348268161630634,5.735702344881713,458,3.8074324707980836,1.9446441868132711,458,0.9595921872676176,1.3431670866260563,1,183,2026-04-01T00:00:00.000Z,2026-09-30T23:59:00.000Z
algo9,ZECUSDT,15m,pmax,PMax Explorer,kivanc-core-v1,3,3,6,5,164,0.36585365853658536,1.9452832922968497,6.222336201650326,6.105896946743619,0.4334629410569728,0.0157480351297511,1.2307042446140484,1.211511654017341,5.837937358563059,5.728334917455986,82,5.570526451042962,2.649289596981075,82,0.09920205868799115,1.1945718267069443,1,183,2026-04-01T00:00:00.000Z,2026-09-30T23:45:00.000Z
sweep20,QUSDT,15m,swp_volume_absorption,Sweep + Volume Absorption,sweep-v1,3,3,6,6,247,0.659919028340081,1.6569757752648773,5.451510217013181,5.294895031919871,0.46177754491014045,0.009973355655711153,2.130193905441507,2.094051839479059,5.8580165735925345,5.692244627120901,124,3.0723860048925475,2.204308022967243,123,0.584208915673113,1.3533959817584944,1,183,2026-04-01T00:00:00.000Z,2026-09-30T23:45:00.000Z
sr35,DASHUSDT,1h,sr_liquidity_sweep,SR Liquidity Sweep + Reclaim,sr-v1,3,3,6,6,118,0.7372881355932204,2.1644015929601874,4.717133277269852,4.65088503670029,0.3065411880808765,0.017090166168688893,1.1107627589658002,1.0982567935385759,5.733396458566025,5.654161998128051,59,2.3793700731517022,2.8434532404978765,59,0.6917748436879205,1.6800469261077722,1,183,2026-04-01T00:00:00.000Z,2026-09-30T23:00:00.000Z
sr35,DASHUSDT,1h,sr25_liquidity_sweep_reclaim,SR25 Liquidity Sweep + Reclaim,sr25-v1,3,3,6,6,118,0.7372881355932204,2.1644015929601874,4.717133277269852,4.65088503670029,0.3065411880808765,0.017090166168688893,1.1107627589658002,1.0982567935385759,5.733396458566025,5.654161998128051,59,2.3793700731517022,2.8434532404978765,59,0.6917748436879205,1.6800469261077722,1,183,2026-04-01T00:00:00.000Z,2026-09-30T23:00:00.000Z
sweep20,DASHUSDT,1h,swp_range24_reclaim,Sweep Range-24 Reclaim,sweep-v1,3,3,6,6,118,0.7372881355932204,2.1644015929601874,4.717133277269852,4.65088503670029,0.3065411880808765,0.017090166168688893,1.1107627589658002,1.0982567935385759,5.733396458566025,5.654161998128051,59,2.3793700731517022,2.8434532404978765,59,0.6917748436879205,1.6800469261077722,1,183,2026-04-01T00:00:00.000Z,2026-09-30T23:00:00.000Z
sr35,MYXUSDT,15m,sr25_camarilla_h3_l3,SR25 Camarilla H3/L3 Mean Reversion,sr25-v1,3,3,6,5,171,0.7251461988304093,1.868771019724175,6.256829386094603,6.134735647539349,0.6128512441543779,0.015392932715699678,1.6282194080530203,1.606445602215151,5.763775645481024,5.652612848479449,86,0.584688431781518,1.4421680307883593,85,3.579341427978001,2.5747737561208432,1,183,2026-04-01T00:00:00.000Z,2026-09-30T23:45:00.000Z
sr35,MONUSDT,15m,sr_liquidity_sweep,SR Liquidity Sweep + Reclaim,sr-v1,3,3,6,6,431,0.6635730858468677,1.6079555784371231,6.816079465243589,6.4877170438636265,0.31227500366987626,0.005281972306802015,1.4131955759023458,1.3618055568314902,5.779556065091552,5.497246487288974,215,2.1363759682861683,1.6897292026743729,216,1.4920735091318087,1.532572401983512,1,183,2026-04-01T00:00:00.000Z,2026-09-30T23:45:00.000Z
sr35,MONUSDT,15m,sr25_liquidity_sweep_reclaim,SR25 Liquidity Sweep + Reclaim,sr25-v1,3,3,6,6,431,0.6635730858468677,1.6079555784371231,6.816079465243589,6.4877170438636265,0.31227500366987626,0.005281972306802015,1.4131955759023458,1.3618055568314902,5.779556065091552,5.497246487288974,215,2.1363759682861683,1.6897292026743729,216,1.4920735091318087,1.532572401983512,1,183,2026-04-01T00:00:00.000Z,2026-09-30T23:45:00.000Z
sweep20,MONUSDT,15m,swp_range24_reclaim,Sweep Range-24 Reclaim,sweep-v1,3,3,6,6,431,0.6635730858468677,1.6079555784371231,6.816079465243589,6.4877170438636265,0.31227500366987626,0.005281972306802015,1.4131955759023458,1.3618055568314902,5.779556065091552,5.497246487288974,215,2.1363759682861683,1.6897292026743729,216,1.4920735091318087,1.532572401983512,1,183,2026-04-01T00:00:00.000Z,2026-09-30T23:45:00.000Z
sr35,EULUSDT,5m,sr25_value_area_80,SR25 Value-Area Edge / 80% Rule,sr25-v1,3,3,6,5,123,0.6747967479674797,2.4789999597174917,6.406087503991367,6.316749900561594,0.48728593895699424,0.01939627596548049,5.85938094794768,5.818846772043962,5.569472139606459,5.491450744907339,61,2.2708157853279842,2.916186063607469,62,1.2642936778075717,2.079176490975781,1,183,2026-04-01T00:00:00.000Z,2026-09-30T23:55:00.000Z
sr35,EULUSDT,15m,sr25_value_area_80,SR25 Value-Area Edge / 80% Rule,sr25-v1,3,3,6,6,124,0.6774193548387096,2.6349022036621164,7.521948792177474,7.418495856940437,0.26156414800076966,0.01984064037500396,3.5906322091692706,3.5615112984014115,5.399627853853772,5.324299628210061,62,2.530137983174674,3.173603500594176,62,1.4140554371513954,2.191594005384671,1,183,2026-04-01T00:00:00.000Z,2026-09-30T23:45:00.000Z
sweep20,PIPPINUSDT,5m,swp_range48_reclaim,Sweep Range-48 Reclaim,sweep-v1,3,3,6,5,594,0.6498316498316499,1.4371696951426147,5.755699306069702,5.366835460115322,0.43433564714389017,0.0043292117824421635,0.9051592335684504,0.8502452184023217,5.6835698554012675,5.300110661302117,297,0.5715941136310654,1.2751414833507329,297,3.298628537403398,1.628984948296067,1,183,2026-04-01T00:00:00.000Z,2026-09-30T23:55:00.000Z
visual28,USUSDT,15m,vis_rsi_entries,RSI Signals Entries — Derived Adapter,visual-derived-v1,3,3,6,4,148,0.6756756756756757,1.7579159681234127,8.781168052778398,8.638552337007662,0.593137195447552,0.022632196715230986,1.8140344482469999,1.792780420760066,5.380782671480202,5.286826801942509,74,7.044413380017925,2.5856386771015836,74,0.21589575158762186,1.281565015075356,1,183,2026-04-01T00:00:00.000Z,2026-09-30T23:45:00.000Z
sweep20,QUSDT,5m,swp_failed_breakout,Two-Bar Failed Breakout Sweep,sweep-v1,3,3,6,5,869,0.6559263521288837,1.3160502521867579,5.530351071700418,4.9875495055802945,0.47721808089334106,0.0028672787637732456,2.271391888119854,2.125837717939001,5.789877620176832,5.2249078035569685,434,3.0090812131436273,1.4537169396968654,435,0.6288896942997557,1.1985685293584212,1,183,2026-04-01T00:00:00.000Z,2026-09-30T23:55:00.000Z
sr35,MUBARAKUSDT,1h,sr_pivot_bounce,SR Pivot Bounce,sr-v1,3,3,6,5,184,0.6195652173913043,1.9828535405869103,6.01482821955815,5.887788851031837,0.3697249379968893,0.01533213891134872,3.4534301095839472,3.4095019335095866,5.267638407267008,5.152832079818455,92,5.028761529573022,2.994522224055018,92,0.16356040708330566,1.2279623975478053,1,183,2026-04-01T00:00:00.000Z,2026-09-30T23:00:00.000Z
sr35,DEXEUSDT,5m,sr25_value_area_80,SR25 Value-Area Edge / 80% Rule,sr25-v1,3,3,6,5,127,0.6614173228346457,2.8988642052786533,5.282632270494184,5.203508232900799,0.52756743895309,0.04587533336008143,2.6249924874385577,2.6033042620342086,5.216244553750383,5.1392013534720915,63,0.18896492413867239,1.323506396782132,64,4.284119104729306,4.9565897829151195,1,183,2026-04-01T00:00:00.000Z,2026-09-30T23:55:00.000Z
sr35,GRASSUSDT,15m,sr25_poc_mean_reversion,SR25 Volume Profile POC Mean Reversion,sr25-v1,3,3,6,6,252,0.7619047619047619,1.7624021833849295,6.674087177576453,6.484337747008208,0.2884527650048665,0.009527184946740685,2.4145103100476972,2.3710996922106586,5.264410008169484,5.113061433775883,126,3.357203368050987,2.244935369961966,126,0.7612414499278051,1.4053147942328776,1,183,2026-04-01T00:00:00.000Z,2026-09-30T23:45:00.000Z
sweep20,FLOCKUSDT,5m,swp_range48_reclaim,Sweep Range-48 Reclaim,sweep-v1,3,3,6,6,605,0.6528925619834711,1.4297547077351522,5.753022952355232,5.357485758128405,0.41021311380619296,0.003894564501679733,2.4349482013772112,2.337058043225755,5.444809133379316,5.069725923657388,302,1.9566633813257126,1.503024956017482,303,1.2840012816498954,1.3635781727411245,1,183,2026-04-01T00:00:00.000Z,2026-09-30T23:55:00.000Z
sr35,FOLKSUSDT,15m,sr_wick_rejection,SR Wick Rejection,sr-v1,3,3,6,5,165,0.7151515151515152,1.8606293654083519,4.56138633537826,4.471060679421754,0.49677547200230465,0.012792358949511222,1.6672431495232058,1.6451757832679341,5.101653479374374,5.001406488049072,83,2.4811551020520666,2.364901432860142,82,0.5975692470869598,1.5130125951414897,1,183,2026-04-01T00:00:00.000Z,2026-09-30T23:45:00.000Z
visual28,BRUSDT,1m,vis_bollinger_rsi_double,Bollinger + RSI Double — Derived Adapter,visual-derived-v1,3,3,6,3,1575,0.6387301587301587,1.218403495384423,6.341917320109527,5.2719492923348,0.876057249629805,0.002326184253179427,7.871430063236424,7.196614803218358,5.923630195445835,4.913995082837637,788,6.222258904373205,1.34371611054589,787,0.01656800418272053,1.1081061117792537,1,183,2026-04-01T00:00:00.000Z,2026-09-30T23:59:00.000Z
sr35,GRASSUSDT,15m,sr25_value_area_80,SR25 Value-Area Edge / 80% Rule,sr25-v1,3,3,6,6,122,0.6885245901639344,1.9823562495862952,5.127150227081415,5.053670986583527,0.4094929648869796,0.01861765822129395,1.1065853680150193,1.0943067414041807,4.933683271223992,4.862506494573621,61,2.917594798916053,2.4659064268108577,61,0.5640081584692511,1.5224085826558755,1,183,2026-04-01T00:00:00.000Z,2026-09-30T23:45:00.000Z
sr35,EDENUSDT,15m,sr25_breakout_retest,SR25 Breakout + Retest,sr25-v1,3,3,6,5,284,0.39436619718309857,1.598204999146031,5.598164002080729,5.414166287552296,0.4977409350001051,0.00947957414240503,1.5863980695923727,1.5483319985663502,5.005446253214716,4.837341805244333,142,2.682377269134611,1.7451550495351502,142,0.7918218367753922,1.4453295396511492,1,183,2026-04-01T00:00:00.000Z,2026-09-30T23:45:00.000Z
sweep20,HEMIUSDT,4h,swp_opening_range,UTC Opening-Range Sweep,sweep-v1,3,3,6,5,106,0.5849056603773585,2.1753274039572954,6.591417044880706,6.512451318496434,0.5506630099995096,0.02581536820675529,5.906658711374533,5.875288435327511,4.886342678896438,4.827880099058928,53,1.5980672581407571,2.007078559297864,53,1.921947852232786,2.400022546899781,1,183,2026-04-01T00:00:00.000Z,2026-09-30T20:00:00.000Z
sr35,VVVUSDT,1h,sr_liquidity_sweep,SR Liquidity Sweep + Reclaim,sr-v1,3,3,6,5,110,0.7181818181818181,2.089062890930086,7.059474095576581,6.972646575204935,0.34085743516460343,0.022422863314346023,0.894793417142316,0.8848704332164654,4.878260656225479,4.816495647422738,55,4.834693638044472,3.5101102469155236,55,0.3813020178172988,1.3631326383346007,1,183,2026-04-01T00:00:00.000Z,2026-09-30T23:00:00.000Z
sr35,VVVUSDT,1h,sr25_liquidity_sweep_reclaim,SR25 Liquidity Sweep + Reclaim,sr25-v1,3,3,6,5,110,0.7181818181818181,2.089062890930086,7.059474095576581,6.972646575204935,0.34085743516460343,0.022422863314346023,0.894793417142316,0.8848704332164654,4.878260656225479,4.816495647422738,55,4.834693638044472,3.5101102469155236,55,0.3813020178172988,1.3631326383346007,1,183,2026-04-01T00:00:00.000Z,2026-09-30T23:00:00.000Z
sweep20,VVVUSDT,1h,swp_range24_reclaim,Sweep Range-24 Reclaim,sweep-v1,3,3,6,5,110,0.7181818181818181,2.089062890930086,7.059474095576581,6.972646575204935,0.34085743516460343,0.022422863314346023,0.894793417142316,0.8848704332164654,4.878260656225479,4.816495647422738,55,4.834693638044472,3.5101102469155236,55,0.3813020178172988,1.3631326383346007,1,183,2026-04-01T00:00:00.000Z,2026-09-30T23:00:00.000Z
visual28,SAGAUSDT,1h,vis_bb_mean_reversion,Bollinger Mean Reversion — Derived Adapter,visual-derived-v1,3,3,6,5,73,0.6438356164383562,2.8445986252919586,4.329204323249057,4.291219817666039,0.18449173756991233,0.02582695814673038,2.320225361077026,2.3073352768717843,4.83786913602036,4.795733933093417,36,1.1981619235384726,2.956158021180488,37,1.4243911543469983,2.7545601224340337,1,183,2026-04-01T00:00:00.000Z,2026-09-30T23:00:00.000Z
visual28,AVNTUSDT,5m,vis_bollinger_rsi_double,Bollinger + RSI Double — Derived Adapter,visual-derived-v1,3,3,6,5,370,0.7081081081081081,1.6432866998913638,5.351921252871748,5.122214039285532,0.2898971849416636,0.005436578903340419,2.8501561587189785,2.77363680742334,4.950092991147488,4.734880273189138,185,1.4704082977444708,1.6726924563188097,185,1.5712030107214185,1.6181248526533951,1,183,2026-04-01T00:00:00.000Z,2026-09-30T23:55:00.000Z
sweep20,LITUSDT,5m,swp_volume_absorption,Sweep + Volume Absorption,sweep-v1,3,3,6,4,702,0.6467236467236467,1.3153968883590679,5.503371204210952,5.063355890083589,0.3600386485506828,0.00324164270349613,2.2385546671588186,2.126842026746414,5.139171825321421,4.7237643522378345,351,4.347441664136064,1.6121718647834213,351,0.21616496498267956,1.103928648471273,1,183,2026-04-01T00:00:00.000Z,2026-09-30T23:55:00.000Z
visual28,ZECUSDT,1h,vis_ema_cross_9_21,Single EMA Cross 9/21 — Derived Adapter,visual-derived-v1,3,3,6,4,176,0.32386363636363635,1.7910240677639262,3.791672475889319,3.7085601833862984,0.3636550698910952,0.012652347050182854,1.2170849914968018,1.1975684134239408,4.801309077373229,4.699661264757375,88,4.299503246274904,2.5290976249767825,88,-0.0958261079927718,1.0440707818686328,1,183,2026-04-01T00:00:00.000Z,2026-09-30T23:00:00.000Z
sr35,GRASSUSDT,1m,sr_prior_day_sweep,SR Prior-Day High/Low Sweep,sr-v1,3,3,6,4,88,0.7386363636363636,2.0185731529620354,4.5470559191981925,4.49915937161846,0.5294393654335565,0.02432112124734183,2.156094093636936,2.1422369596331556,4.736673459186154,4.685451261931144,44,2.7902977159602065,2.7880570313830737,44,0.4634881834850648,1.4743023634328687,1,183,2026-04-01T00:00:00.000Z,2026-09-30T23:59:00.000Z
sr35,GRASSUSDT,1m,sr25_previous_day_sweep,SR25 Previous-Day High/Low Sweep,sr25-v1,3,3,6,4,88,0.7386363636363636,2.0185731529620354,4.5470559191981925,4.49915937161846,0.5294393654335565,0.02432112124734183,2.156094093636936,2.1422369596331556,4.736673459186154,4.685451261931144,44,2.7902977159602065,2.7880570313830737,44,0.4634881834850648,1.4743023634328687,1,183,2026-04-01T00:00:00.000Z,2026-09-30T23:59:00.000Z
sweep20,GRASSUSDT,1m,swp_prior_day,Previous-Day High/Low Sweep,sweep-v1,3,3,6,4,88,0.7386363636363636,2.0185731529620354,4.5470559191981925,4.49915937161846,0.5294393654335565,0.02432112124734183,2.156094093636936,2.1422369596331556,4.736673459186154,4.685451261931144,44,2.7902977159602065,2.7880570313830737,44,0.4634881834850648,1.4743023634328687,1,183,2026-04-01T00:00:00.000Z,2026-09-30T23:59:00.000Z
sweep20,SPXUSDT,15m,swp_wick_sfp,Sweep + Wick Rejection,sweep-v1,3,3,6,5,272,0.6801470588235294,1.73306802195154,5.59964734825483,5.423593152039647,0.2748712434644238,0.007852926586957801,3.4389648733081097,3.3734576396105487,4.806157710120333,4.65119942642777,136,2.366262207641472,2.0335213519062325,136,0.9605268220857912,1.4985834310601316,1,183,2026-04-01T00:00:00.000Z,2026-09-30T23:45:00.000Z
sr35,PIEVERSEUSDT,5m,sr25_pdh_fvg_mss,SR25 PDH/PDL Sweep + FVG/MSS,sr25-v1,3,3,6,6,81,0.6790123456790124,1.9342479082457675,2.6308175068724626,2.6017590017214918,0.5034161290322581,0.022756515602498306,1.5714641901540665,1.5614058932059773,4.678971041009241,4.633775856419084,41,2.1525658084570587,2.6763287475882915,40,0.15170236799893333,1.394589365834376,1,183,2026-04-01T00:00:00.000Z,2026-09-30T23:55:00.000Z
sr35,QUSDT,1m,sr25_value_area_80,SR25 Value-Area Edge / 80% Rule,sr25-v1,3,3,6,5,167,0.718562874251497,1.961084376342514,4.80381819268414,4.708442798811825,0.44153269871173795,0.01325517340362938,2.975500995149442,2.9423006624273302,4.684198074621175,4.591328641368415,84,2.9804360594722583,2.9211268489038065,83,0.4580860252415735,1.4034676992066697,1,183,2026-04-01T00:00:00.000Z,2026-09-30T23:59:00.000Z
visual28,TUTUSDT,5m,vis_golden_cross_50_200,Golden Cross SMA50/200 — Derived Adapter,visual-derived-v1,3,3,6,3,304,0.34868421052631576,1.7950094139854067,2.950314182169563,2.831847825735624,0.6785604123090199,0.01690590598007316,10.486631029312255,10.324326572333852,4.688901048675536,4.5223634816103555,152,2.3095044032874505,2.355439796785482,152,0.19362711173478875,1.3152217529592898,1,183,2026-04-01T00:00:00.000Z,2026-09-30T23:55:00.000Z
sr35,PROMUSDT,1h,sr25_poc_mean_reversion,SR25 Volume Profile POC Mean Reversion,sr25-v1,3,3,6,5,136,0.6838235294117647,1.727903875960235,4.249823501980354,4.179367920757598,0.5416315212719924,0.017913438358868553,6.987546611762861,6.925162853241461,4.582905453789936,4.5080191575777935,68,4.820251641482204,2.5900939738718156,68,-0.09800747023312373,1.1500016200017014,1,183,2026-04-01T00:00:00.000Z,2026-09-30T23:00:00.000Z
visual28,SAGAUSDT,15m,vis_rsi_entries,RSI Signals Entries — Derived Adapter,visual-derived-v1,3,3,6,6,126,0.7380952380952381,1.9679947720189146,4.831601522473078,4.75936206164824,0.3130660964762231,0.017071919638027244,1.0996312805675603,1.0880260385181648,4.572142115293249,4.502543525947668,63,1.3080075468302153,1.9848143121333652,63,1.5266821724574156,1.9538769487128373,1,183,2026-04-01T00:00:00.000Z,2026-09-30T23:45:00.000Z
sweep20,PARTIUSDT,15m,swp_wick_sfp,Sweep + Wick Rejection,sweep-v1,3,3,6,4,284,0.6338028169014085,1.6593024587135643,4.746189360370511,4.586053109212405,0.4517855660315967,0.00766162055758158,1.352856352287652,1.3191636106111142,4.583898964186486,4.428269633433187,142,0.33399584551164363,1.2214484029669899,142,3.3075016910315806,2.169331283669661,1,183,2026-04-01T00:00:00.000Z,2026-09-30T23:45:00.000Z
sweep20,SPXUSDT,5m,swp_range48_reclaim,Sweep Range-48 Reclaim,sweep-v1,3,3,6,4,614,0.6742671009771987,1.3888326176946453,4.764199137298421,4.421706756343858,0.46040741910722904,0.003291622637048554,2.1729991913366544,2.0727680169581233,4.765705294719141,4.423666349513819,307,2.063638553385289,1.494712167723584,307,0.8814879878466919,1.2879798993544604,1,183,2026-04-01T00:00:00.000Z,2026-09-30T23:55:00.000Z
visual28,BANKUSDT,5m,vis_macd_stoch,MACD + Stochastic — Derived Adapter,visual-derived-v1,3,3,6,3,91,0.5934065934065934,1.8491243016153838,2.8465015250069037,2.811287692641375,0.7528975725341623,0.032836499658232994,5.935452069899514,5.899693359497323,4.467027242973202,4.415826671654291,46,0.7883168827399614,1.8369416534242125,45,1.1509060067215255,1.8665855625607168,1,183,2026-04-01T00:00:00.000Z,2026-09-30T23:55:00.000Z
sweep20,USELESSUSDT,15m,swp_opening_range,UTC Opening-Range Sweep,sweep-v1,3,3,6,4,422,0.7109004739336493,1.4781210388857349,4.033822913842257,3.8259607065344126,0.6846708064353735,0.006641032639812572,4.976210167735342,4.851317760643572,4.62453633104228,4.392894839021181,211,5.224150234062175,1.9930617864661164,211,-0.19124334655448183,1.1056148023687487,1,183,2026-04-01T00:00:00.000Z,2026-09-30T23:45:00.000Z
visual28,ZECUSDT,15m,vis_ema_slope_cross,EMA Slope + EMA Cross — Derived Adapter,visual-derived-v1,3,3,6,5,323,0.3065015479876161,1.6159811514254316,4.806161239927873,4.622328704837246,0.4192588002589984,0.007212771703297998,2.2785277788062825,2.231327858348676,4.548552463820269,4.368555935682012,162,4.798345235755184,2.1412540955893813,161,0.001347971508232959,1.0998087946346229,1,183,2026-04-01T00:00:00.000Z,2026-09-30T23:45:00.000Z
sweep20,USELESSUSDT,5m,swp_mss_confirm,Sweep + Micro Structure Shift,sweep-v1,3,3,6,4,783,0.6053639846743295,1.250908977219111,4.249451880181455,3.854491247819701,0.7435628181378579,0.003125974302856856,3.5171752069243105,3.3374626839188393,4.772670152051325,4.338396884062968,392,5.403656838459064,1.5191867590354864,391,-0.1802415381389082,1.0381881101206558,1,183,2026-04-01T00:00:00.000Z,2026-09-30T23:55:00.000Z
visual28,GPSUSDT,5m,vis_macd_stoch,MACD + Stochastic — Derived Adapter,visual-derived-v1,3,3,6,5,127,0.6692913385826772,2.0263604534354087,4.56068908198661,4.491299972726305,0.35002368859399813,0.01568542002101524,0.9960950018811656,0.981878631974914,4.404899560658601,4.336905977612778,64,1.6249638263136892,2.2038577162107713,63,1.1183869378480726,1.872573412237555,1,183,2026-04-01T00:00:00.000Z,2026-09-30T23:55:00.000Z
sweep20,QUSDT,1m,swp_opening_range,UTC Opening-Range Sweep,sweep-v1,3,3,6,5,562,0.7526690391459074,1.4732089238475974,5.055900958895381,4.725662833010873,0.3361948412526585,0.004114505280079926,1.2969571066069556,1.2329861972270169,4.644930256832149,4.335997042295791,281,2.8588879017541675,1.7128563122483669,281,0.569338398283733,1.2618019908459324,1,183,2026-04-01T00:00:00.000Z,2026-09-30T23:59:00.000Z
sr35,ZECUSDT,4h,sr25_swing_anchored_vwap,SR25 Swing-Anchored VWAP Rejection / Flip,sr25-v1,3,3,6,5,196,0.413265306122449,1.7054974956006383,3.7659138695332377,3.673950878494292,0.3851352213323568,0.010290898321694369,1.8836670987372996,1.8598072724708157,4.39367191074321,4.2965483343884205,98,4.370007894596207,2.4432206693958176,98,-0.11249406647443916,1.0339508111635007,1,183,2026-04-01T00:00:00.000Z,2026-09-30T20:00:00.000Z
sweep20,UBUSDT,15m,swp_range96_reclaim,Sweep Range-96 Reclaim,sweep-v1,3,3,6,5,105,0.6952380952380952,1.505605138984668,1.377549305682804,1.3525339120934632,0.919068319810599,0.02071677419481194,6.37184745720254,6.330526374022665,4.326580374802037,4.269441707575386,53,2.9080835815389015,2.2240257566487553,52,-0.3916329433398179,1.1238847356299386,1,183,2026-04-01T00:00:00.000Z,2026-09-30T23:45:00.000Z
sr35,MONUSDT,1h,sr25_poc_mean_reversion,SR25 Volume Profile POC Mean Reversion,sr25-v1,3,3,6,6,148,0.6824324324324325,1.8094042656014697,3.710418151148165,3.6418380401396817,0.24117749845413172,0.01185082196202531,0.6702207186884428,0.6583081501845927,4.298790650031877,4.221188952458163,74,1.4954644203691743,1.871868815744005,74,0.88759178960817,1.7344466205863975,1,183,2026-04-01T00:00:00.000Z,2026-09-30T23:00:00.000Z
sr35,FFUSDT,15m,sr_wick_rejection,SR Wick Rejection,sr-v1,3,3,6,4,172,0.6802325581395349,1.838799437513368,4.272791556646018,4.183580690942056,0.4369328283610566,0.011376621472284229,3.144356659565611,3.1077488337036527,4.279458114203695,4.1911852904278595,86,2.132378620358766,2.0552100302390572,86,0.6833187158077652,1.5856636462867801,1,183,2026-04-01T00:00:00.000Z,2026-09-30T23:45:00.000Z
sr35,UBUSDT,15m,sr25_pdh_fvg_mss,SR25 PDH/PDL Sweep + FVG/MSS,sr25-v1,3,3,6,5,76,0.6973684210526315,1.7654745845733435,1.9956708953877769,1.9727551967200871,0.9253821993032127,0.034592594629275004,1.1573784336271817,1.1486865568085158,4.179510827845873,4.139419650572122,38,3.299707217536324,2.6569317520013196,38,-0.3032849113144367,1.287839550641397,1,183,2026-04-01T00:00:00.000Z,2026-09-30T23:45:00.000Z
visual28,EDGEUSDT,4h,vis_candlestick_reversal,Candlestick Reversal Patterns — Derived Adapter,visual-derived-v1,3,3,6,4,108,0.3888888888888889,1.7684954922303182,3.070928242530562,3.0274377448966083,0.5819642650914726,0.02218104313263393,3.516922053623251,3.4958194712281268,4.1766795481188215,4.12099667821565,54,0.7980039207884462,1.674052750675113,54,1.264137578045665,1.8966142145249507,1,183,2026-04-01T00:00:00.000Z,2026-09-30T20:00:00.000Z
sr35,MYXUSDT,1h,sr25_camarilla_h3_l3,SR25 Camarilla H3/L3 Mean Reversion,sr25-v1,3,3,6,5,159,0.6918238993710691,1.9756921726198982,5.891291279535206,5.783414445754084,0.6673042175386605,0.01696790201011245,1.391098854106231,1.3731652128206306,4.195453680110251,4.115546357859573,80,0.543379995386641,1.4945775953345282,79,3.465064533772729,3.0990988589752346,1,183,2026-04-01T00:00:00.000Z,2026-09-30T23:00:00.000Z
sr35,GRASSUSDT,4h,sr25_poc_mean_reversion,SR25 Volume Profile POC Mean Reversion,sr25-v1,3,3,6,4,59,0.711864406779661,2.29605853323989,3.7682190612052358,3.7407464870282157,0.5723869279994211,0.03247099499510339,1.879978148516313,1.8698785912694387,4.1354543073422745,4.105387522845203,30,2.466887630130318,3.242860071755946,29,0.375360141403257,1.5829774750625327,1,183,2026-04-01T00:00:00.000Z,2026-09-30T20:00:00.000Z
sweep20,BOMEUSDT,4h,swp_opening_range,UTC Opening-Range Sweep,sweep-v1,3,3,6,5,118,0.6101694915254238,1.9381222357897139,3.1007713455754917,3.0531087450899532,0.33997934571557276,0.014890998105892223,1.6607634226478152,1.6458510579757464,4.140471166438353,4.081366284639833,59,2.2898411139642927,2.7101273882039205,59,0.24649525722353838,1.3072194177396184,1,183,2026-04-01T00:00:00.000Z,2026-09-30T20:00:00.000Z
sr35,DEXEUSDT,5m,sr25_pdh_fvg_mss,SR25 PDH/PDL Sweep + FVG/MSS,sr25-v1,3,3,6,4,74,0.6351351351351351,3.095717953262761,3.3599420472508017,3.3277351297686515,0.6067185819510215,0.07465175016971938,2.91140378772912,2.8962304452510237,4.066022125911706,4.027698458628053,37,0.020840041900030526,1.310463907107962,37,3.2709355709988577,5.393489000341741,1,183,2026-04-01T00:00:00.000Z,2026-09-30T23:55:00.000Z
sr35,EDENUSDT,15m,sr25_lsob,SR25 Liquidity Sweep + Order Block,sr25-v1,3,3,6,5,174,0.6379310344827587,1.7989261989778256,3.104625588871042,3.0338120116237928,0.701705639770194,0.013067027925673989,2.173561531602363,2.1463963635615673,4.106689756799458,4.019208722150735,87,1.7943852504206697,2.2609348611388898,87,0.46888321438610814,1.5687656355259112,1,183,2026-04-01T00:00:00.000Z,2026-09-30T23:45:00.000Z
algo9,VELVETUSDT,1h,ott,Optimized Trend Tracker,kivanc-core-v1,3,3,6,5,331,0.31722054380664655,1.6070750514930483,4.296668177058038,4.1230480925252895,0.7885812631259697,0.020502197509485575,2.635868212390097,2.575697827118298,4.167518521527438,3.9986243806626476,166,1.0207521360322698,1.4803306814987875,165,1.6211369928119943,1.7430249343702482,1,183,2026-04-01T00:00:00.000Z,2026-09-30T23:00:00.000Z
fib9,USUSDT,1h,elliott_w2_w3,Elliott Wave 2 to Wave 3,fib-ew-causal-v1,3,3,6,5,87,0.5747126436781609,1.9443639206668357,3.151507971139867,3.1159664590735687,0.42845132780388906,0.021797941710945266,2.450139212552223,2.437741409966715,4.015286817729232,3.973450101280167,49,1.3731889210605566,1.9378822078932145,38,0.7493373301627393,1.952803179738216,1,183,2026-04-01T00:00:00.000Z,2026-09-30T23:00:00.000Z
visual28,ETHFIUSDT,5m,vis_macd_stoch,MACD + Stochastic — Derived Adapter,visual-derived-v1,3,3,6,4,124,0.6370967741935484,2.108969318282208,4.135394200341023,4.072831204067695,0.27881628615170495,0.014940428218799857,3.4433010993484174,3.414667655646065,4.027978081551088,3.966712603479529,62,1.9463149196348426,2.3026693714673776,62,0.7429888998347394,1.8543093899389136,1,183,2026-04-01T00:00:00.000Z,2026-09-30T23:55:00.000Z
sweep20,ONEUSDT,1h,swp_opening_range,UTC Opening-Range Sweep,sweep-v1,3,3,6,4,294,0.5,1.7775777813686173,3.818544629242643,3.6793157212243015,0.599009437366464,0.008548060982085494,5.959383565534835,5.8545587264197705,4.070603369129645,3.92608807217061,147,1.2408253796200608,1.8041670418195972,147,1.150343651525239,1.7468771254101838,1,183,2026-04-01T00:00:00.000Z,2026-09-30T23:00:00.000Z
sweep20,TAOUSDT,4h,swp_opening_range,UTC Opening-Range Sweep,sweep-v1,3,3,6,5,112,0.6160714285714286,2.631559063529377,5.054309768452854,4.987810908997034,0.2679199102269002,0.018501228426748843,1.553791838092354,1.5405039519500305,3.9744312660957144,3.9226635139782706,56,1.4270218953137621,2.3699817755992734,56,1.4945427069046535,3.050755868670879,1,183,2026-04-01T00:00:00.000Z,2026-09-30T20:00:00.000Z
sr35,POWERUSDT,15m,sr25_inverse_fvg,SR25 Inverse Fair Value Gap,sr25-v1,3,3,6,6,198,0.5303030303030303,1.7132430910722674,4.236767655078994,4.134755670836582,0.3489727537687768,0.010305553687574449,1.8943705163156959,1.8675563528366497,4.005119485656938,3.9071065859877647,99,1.3690019489934757,1.663163700265668,99,1.2105375039070592,1.786774323389789,1,183,2026-04-01T00:00:00.000Z,2026-09-30T23:45:00.000Z
algo9,ACEUSDT,15m,mavilimw,MavilimW,kivanc-core-v1,3,3,6,4,366,0.3879781420765027,1.5401819559152654,4.2559555483083855,4.067482909214182,0.3631405063479948,0.007327424038118604,4.269575447361571,4.181744973307088,4.040892078499892,3.865951831913806,183,1.9168107095601115,1.7867379280608267,183,0.8019529107876351,1.3353575834373044,1,183,2026-04-01T00:00:00.000Z,2026-09-30T23:45:00.000Z
sr35,ENJUSDT,15m,sr25_narrow_cpr_breakout,SR25 Narrow CPR Breakout,sr25-v1,3,3,6,5,103,0.22330097087378642,4.125333746450084,5.650346040628242,5.5831755579813125,0.17488908604275166,0.0241387762190523,0.7482839273125679,0.7394807764617415,3.9160953996716943,3.8648627608108885,51,2.1535971262795126,4.683550638550621,52,1.1088128173410827,3.4434129961053435,1,183,2026-04-01T00:00:00.000Z,2026-09-30T23:45:00.000Z
sr35,SOONUSDT,5m,sr_wick_rejection,SR Wick Rejection,sr-v1,3,3,6,4,491,0.6802443991853361,1.4370083259415343,4.4568047487884215,4.195965068761302,0.5122744722095576,0.004394918786209168,5.724001307363843,5.559722018810211,4.101206266532155,3.858789750237297,245,3.812022741884342,1.8187709188186476,246,0.13399396501014582,1.1374819134940566,1,183,2026-04-01T00:00:00.000Z,2026-09-30T23:55:00.000Z
sr35,GRASSUSDT,1m,sr25_pdh_fvg_mss,SR25 PDH/PDL Sweep + FVG/MSS,sr25-v1,3,3,6,5,86,0.7441860465116279,1.9986948911199172,4.202723756372465,4.1588063225525165,0.5124184666097926,0.023962648526836598,2.020625194233895,2.0073501513356637,3.873801226661726,3.8316641124950648,43,2.6687256285183287,2.7474688529773865,43,0.4181283320643592,1.4554602392113989,1,183,2026-04-01T00:00:00.000Z,2026-09-30T23:59:00.000Z
sr35,BLURUSDT,5m,sr25_liquidity_absorption,SR25 Liquidity Sweep + Volume Absorption,sr25-v1,3,3,6,5,503,0.6262425447316103,1.5074230184196402,4.2157404311711435,3.96054786661915,0.28972372273175195,0.003825674913544037,1.4186395064300257,1.3581508945107457,4.055184504862682,3.8073517671990382,251,1.3699799074157406,1.5376558350401115,252,1.2007530168719742,1.4795159849513657,1,183,2026-04-01T00:00:00.000Z,2026-09-30T23:55:00.000Z
sr35,VELVETUSDT,5m,sr_prior_day_sweep,SR Prior-Day High/Low Sweep,sr-v1,3,3,6,4,84,0.6547619047619048,2.1643576152481017,0.7009893737123833,0.6860855480571997,0.9349373628448936,0.05712387873144528,19.87628829223778,19.784416035181888,3.8407720374787333,3.7991881038374116,42,0.14128331249302928,1.522268525295745,42,0.4904181591832155,2.7268620230534943,1,183,2026-04-01T00:00:00.000Z,2026-09-30T23:55:00.000Z
sr35,VELVETUSDT,5m,sr25_previous_day_sweep,SR25 Previous-Day High/Low Sweep,sr25-v1,3,3,6,4,84,0.6547619047619048,2.1643576152481017,0.7009893737123833,0.6860855480571997,0.9349373628448936,0.05712387873144528,19.87628829223778,19.784416035181888,3.8407720374787333,3.7991881038374116,42,0.14128331249302928,1.522268525295745,42,0.4904181591832155,2.7268620230534943,1,183,2026-04-01T00:00:00.000Z,2026-09-30T23:55:00.000Z
sweep20,VELVETUSDT,5m,swp_prior_day,Previous-Day High/Low Sweep,sweep-v1,3,3,6,4,84,0.6547619047619048,2.1643576152481017,0.7009893737123833,0.6860855480571997,0.9349373628448936,0.05712387873144528,19.87628829223778,19.784416035181888,3.8407720374787333,3.7991881038374116,42,0.14128331249302928,1.522268525295745,42,0.4904181591832155,2.7268620230534943,1,183,2026-04-01T00:00:00.000Z,2026-09-30T23:55:00.000Z
sr35,ACEUSDT,1h,sr_level_flip,SR Breakout Level Flip,sr-v1,3,3,6,3,86,0.38372093023255816,2.117820289322316,2.8893517179868042,2.8563953270705316,0.243478777307656,0.022452521205055996,4.961789800222551,4.937609642164581,3.808163593287315,3.7665587363071467,43,1.522264582002344,2.3954286261224973,43,0.5420078233422985,1.7415435452889827,1,183,2026-04-01T00:00:00.000Z,2026-09-30T23:00:00.000Z
sweep20,ROSEUSDT,5m,swp_range48_reclaim,Sweep Range-48 Reclaim,sweep-v1,3,3,6,4,571,0.6532399299474606,1.5492823341968012,4.376629337963385,4.078998974533213,0.29460989383907876,0.003168806779697789,3.752045428215589,3.596167330932187,4.03060500096157,3.7539993492158468,285,1.1696933066443957,1.5353905313242784,286,1.4780596047829353,1.56172620603155,1,183,2026-04-01T00:00:00.000Z,2026-09-30T23:55:00.000Z
sr35,ROSEUSDT,5m,sr_wick_rejection,SR Wick Rejection,sr-v1,3,3,6,4,523,0.6673040152963671,1.5345236761827006,4.160893589520677,3.8986396640900765,0.2909163825935186,0.00339843218162283,1.917292709250321,1.842133396569646,4.003757952475105,3.7508998896704933,261,1.1257346740143546,1.5071334680989823,262,1.427816440409548,1.559966202072876,1,183,2026-04-01T00:00:00.000Z,2026-09-30T23:55:00.000Z
sr35,LITUSDT,5m,sr_wick_rejection,SR Wick Rejection,sr-v1,3,3,6,5,515,0.6466019417475728,1.333631143270694,4.043524906570671,3.7909409303731563,0.46157910767892174,0.0038480983156439544,1.456190354146281,1.3957188848537267,3.986317107662072,3.736593091985858,257,3.7202564790807333,1.6769574512107843,258,0.06848535220969687,1.0802845353305301,1,183,2026-04-01T00:00:00.000Z,2026-09-30T23:55:00.000Z
sr35,MUBARAKUSDT,15m,sr_volume_breakout,SR Volume-Confirmed Breakout,sr-v1,3,3,6,4,142,0.352112676056338,1.7621096078857055,3.4866540444914023,3.423758130299425,0.5291749172414737,0.016904278165389322,6.450578831774379,6.40632428673997,3.7981030008156704,3.730872068354441,71,3.899334769580962,2.4981608264570148,71,-0.08423199158624783,1.073675925352855,1,183,2026-04-01T00:00:00.000Z,2026-09-30T23:45:00.000Z
sweep20,ZORAUSDT,15m,swp_wick_sfp,Sweep + Wick Rejection,sweep-v1,3,3,6,5,262,0.6946564885496184,1.6226971142573892,3.2234577722611313,3.1147256923324305,0.34503416533929154,0.006471538683534621,3.2639046721691765,3.2060084312175468,3.805827311988409,3.6821672895303843,131,0.5438182935765357,1.3524318592659477,131,1.7357220664076531,2.0955825248881115,1,183,2026-04-01T00:00:00.000Z,2026-09-30T23:45:00.000Z
sr35,EDENUSDT,15m,sr25_pdh_fvg_mss,SR25 PDH/PDL Sweep + FVG/MSS,sr25-v1,3,3,6,4,80,0.7,2.2568089901135497,3.5916499170436484,3.5553636321407813,0.6598883178354322,0.031187219549077126,2.0191579536073063,2.0074019538755845,3.7174972183803368,3.679286350132399,40,1.997598342154817,2.786500950729393,40,0.5317762398223616,1.6341231620279517,1,183,2026-04-01T00:00:00.000Z,2026-09-30T23:45:00.000Z
sr35,RAVEUSDT,4h,sr25_narrow_cpr_breakout,SR25 Narrow CPR Breakout,sr25-v1,3,3,6,5,107,0.3177570093457944,2.30888834230194,2.711531108516586,2.6721312435392566,0.6375179670800741,0.03263486435878712,0.6476715574268301,0.6382023702216468,3.704600043504187,3.6571260099807708,54,0.7242305689530049,2.6102830589941837,53,1.1525723852409855,1.898471794034737,1,183,2026-04-01T00:00:00.000Z,2026-09-30T20:00:00.000Z
visual28,AVNTUSDT,5m,vis_rsi_entries,RSI Signals Entries — Derived Adapter,visual-derived-v1,3,3,6,5,407,0.6904176904176904,1.5030845960850665,3.6724352890345457,3.4866922793790547,0.3056016069516809,0.004192661483618585,1.9761272411272381,1.9102028509025946,3.787758871643385,3.5960632909565664,204,1.1357851371627463,1.5319635013747017,203,1.1876897669779543,1.4787917930167804,1,183,2026-04-01T00:00:00.000Z,2026-09-30T23:55:00.000Z
sr35,PARTIUSDT,15m,sr25_poc_mean_reversion,SR25 Volume Profile POC Mean Reversion,sr25-v1,3,3,6,4,237,0.7468354430379747,1.6644708417179654,3.865575170647328,3.752160809137938,0.4226120106193548,0.008607874575824292,0.5520822815536188,0.5333042119521267,3.697596472084493,3.591295828990214,118,0.22810781344397912,1.2106285391174583,119,2.961846930199727,2.3750794429828788,1,183,2026-04-01T00:00:00.000Z,2026-09-30T23:45:00.000Z
sweep20,MONUSDT,15m,swp_range48_reclaim,Sweep Range-48 Reclaim,sweep-v1,3,3,6,6,212,0.6886792452830188,1.647576550978538,3.3738403030822948,3.282624184180431,0.26650510341012656,0.007957914563147529,0.6163223739123691,0.5996562532640008,3.6679111084100695,3.5696815816279077,106,1.387473885079776,1.8339768739910431,106,0.8319950347587315,1.5025364290965233,1,183,2026-04-01T00:00:00.000Z,2026-09-30T23:45:00.000Z
sr35,GRASSUSDT,5m,sr_range_edge,SR Range Edge Rejection,sr-v1,3,3,6,4,650,0.6661538461538462,1.3125424116268163,3.8879307081184757,3.5808135345408063,0.6192958396038821,0.003124685608492639,3.8071943248588234,3.6438577773835643,3.8676851488299855,3.563207747413199,325,2.4446638163939163,1.493219120791993,325,0.4189862839025773,1.1635171797626258,1,183,2026-04-01T00:00:00.000Z,2026-09-30T23:55:00.000Z
sweep20,QUSDT,1h,swp_failed_breakout,Two-Bar Failed Breakout Sweep,sweep-v1,3,3,6,4,71,0.7183098591549296,2.5929445132287445,5.839806597233856,5.792280356271518,0.6007233975039155,0.03790639432939759,6.536734284925696,6.510124495893508,3.594305732260289,3.563116174542314,36,3.395178792339185,4.2107907708448336,35,0.5562066801823113,1.7409915969863883,1,183,2026-04-01T00:00:00.000Z,2026-09-30T23:00:00.000Z
sweep20,BABYUSDT,15m,swp_volume_absorption,Sweep + Volume Absorption,sweep-v1,3,3,6,5,224,0.71875,1.7027595093350452,3.920729520600717,3.812319959945947,0.538212145173711,0.00868766386471778,1.624107240810564,1.5971842593323373,3.660831326729353,3.5594908143134854,112,1.1936118203807125,1.685301971261062,112,1.2432088826667136,1.7208470162080653,1,183,2026-04-01T00:00:00.000Z,2026-09-30T23:45:00.000Z
sr35,EDGEUSDT,5m,sr_wick_rejection,SR Wick Rejection,sr-v1,3,3,6,4,484,0.6590909090909091,1.3689182354377742,3.9797719403429506,3.7448648579768316,0.5288417009113331,0.004703598433243763,2.392729884043181,2.3171789696909193,3.7736770352621303,3.548473122560594,242,1.0620095898147675,1.3314214627261503,242,1.415009108076113,1.4062218210606725,1,183,2026-04-01T00:00:00.000Z,2026-09-30T23:55:00.000Z
sr35,USUSDT,15m,sr25_inverse_fvg,SR25 Inverse Fair Value Gap,sr25-v1,3,3,6,3,172,0.5058139534883721,1.6179673201457496,5.2120902583023385,5.106674922750491,0.5856091873750255,0.016812143745391868,10.356148026286006,10.253034184321626,3.6126641120841763,3.5333509545077337,86,5.371170840052532,2.322359386662,86,-0.024968814326893574,1.1705692203871836,1,183,2026-04-01T00:00:00.000Z,2026-09-30T23:45:00.000Z
sweep20,SPKUSDT,4h,swp_opening_range,UTC Opening-Range Sweep,sweep-v1,3,3,6,4,104,0.5192307692307693,2.2372035842393827,3.1745965892855406,3.131820137954545,0.3075322773313026,0.019103838321700397,0.5125668111787163,0.5049202790146732,3.577555900564585,3.5316053019437676,52,1.2813574729744337,2.2703016109929597,52,0.8298739407299922,2.1819792143946044,1,183,2026-04-01T00:00:00.000Z,2026-09-30T20:00:00.000Z
algo9,ACEUSDT,15m,alphatrend,AlphaTrend,kivanc-core-v1,3,3,6,4,375,0.3466666666666667,1.5042595276914166,3.384609247334338,3.2234112442896627,0.4376891627679247,0.007628160143739266,3.723879732050019,3.6412824576216494,3.700977103455835,3.52862998261737,188,1.6455617848565947,1.7187360164391772,187,0.6573452460767257,1.2849813047492733,1,183,2026-04-01T00:00:00.000Z,2026-09-30T23:45:00.000Z
sweep20,GPSUSDT,5m,swp_range48_reclaim,Sweep Range-48 Reclaim,sweep-v1,3,3,6,4,649,0.6902927580893683,1.3732773848471798,3.893650081504288,3.5866847628911565,0.4671212188043298,0.0029960361043695947,4.187851070739816,4.021156268227539,3.814461193631235,3.5133584407358898,324,1.4120911394860927,1.4351477524360068,325,1.02879982492987,1.3220637085191258,1,183,2026-04-01T00:00:00.000Z,2026-09-30T23:55:00.000Z
visual28,GTCUSDT,4h,vis_candlestick_reversal,Candlestick Reversal Patterns — Derived Adapter,visual-derived-v1,3,3,6,6,87,0.5632183908045977,2.4550335790495583,3.258131901310377,3.2217568333430204,0.2697118123034352,0.019688560242335992,0.5238553649748003,0.5175246514203999,3.5144663013142807,3.4754808956133854,44,1.3092470693815499,2.3418841230558147,43,0.8439481672486298,2.6617384425006714,1,183,2026-04-01T00:00:00.000Z,2026-09-30T20:00:00.000Z
sr35,PYTHUSDT,15m,sr_liquidity_sweep,SR Liquidity Sweep + Reclaim,sr-v1,3,3,6,4,414,0.6618357487922706,1.5059691485853537,4.005355978668718,3.8030406422221192,0.525563807839198,0.004326223527641188,4.401419391738442,4.281553005630482,3.6537884935488663,3.4660975260573945,207,2.1103004838015385,1.740371756536307,207,0.6092837347184479,1.3006805015436202,1,183,2026-04-01T00:00:00.000Z,2026-09-30T23:45:00.000Z
sr35,PYTHUSDT,15m,sr25_liquidity_sweep_reclaim,SR25 Liquidity Sweep + Reclaim,sr25-v1,3,3,6,4,414,0.6618357487922706,1.5059691485853537,4.005355978668718,3.8030406422221192,0.525563807839198,0.004326223527641188,4.401419391738442,4.281553005630482,3.6537884935488663,3.4660975260573945,207,2.1103004838015385,1.740371756536307,207,0.6092837347184479,1.3006805015436202,1,183,2026-04-01T00:00:00.000Z,2026-09-30T23:45:00.000Z
sweep20,PYTHUSDT,15m,swp_range24_reclaim,Sweep Range-24 Reclaim,sweep-v1,3,3,6,4,414,0.6618357487922706,1.5059691485853537,4.005355978668718,3.8030406422221192,0.525563807839198,0.004326223527641188,4.401419391738442,4.281553005630482,3.6537884935488663,3.4660975260573945,207,2.1103004838015385,1.740371756536307,207,0.6092837347184479,1.3006805015436202,1,183,2026-04-01T00:00:00.000Z,2026-09-30T23:45:00.000Z
visual28,PUMPUSDT,4h,vis_coppock,Coppock Curve — Derived Adapter,visual-derived-v1,3,3,6,4,159,0.4025157232704403,1.5636610583398824,2.261387823279734,2.2102014615120424,0.510122921510028,0.010028196499142793,4.508327353256195,4.47562193308066,3.493145308314194,3.4342982667987423,79,2.4404125015477494,2.175593051149288,80,-0.05203581785250433,1.0544625083141286,1,183,2026-04-01T00:00:00.000Z,2026-09-30T20:00:00.000Z
sweep20,FLOCKUSDT,5m,swp_volume_absorption,Sweep + Volume Absorption,sweep-v1,3,3,6,4,716,0.6243016759776536,1.360796945066377,4.507582426944319,4.127656849280424,0.37883187750569713,0.0030005916647576417,3.1628951826276017,3.022963205010017,3.7386247117577325,3.4134435373578498,358,1.666857865484332,1.3966293298293595,358,1.06519533651415,1.3217227223857753,1,183,2026-04-01T00:00:00.000Z,2026-09-30T23:55:00.000Z
sweep20,PIPPINUSDT,5m,swp_wick_sfp,Sweep + Wick Rejection,sweep-v1,3,3,6,5,712,0.6292134831460674,1.3559165925682404,3.916175339341608,3.5786980973693563,0.533636000549909,0.0031413028468723295,0.5186015033657305,0.46583051594387914,3.7133707259476036,3.3893574616803583,356,0.33551898643945965,1.1885439641586213,356,2.681097303190206,1.5485615851088286,1,183,2026-04-01T00:00:00.000Z,2026-09-30T23:55:00.000Z
sweep20,ZETAUSDT,4h,swp_opening_range,UTC Opening-Range Sweep,sweep-v1,3,3,6,6,96,0.6145833333333334,2.6934301021338793,3.4565452949890094,3.414505419823942,0.17907063522194244,0.018986895252845953,0.9359884636142553,0.9268153427796395,3.4241591626119163,3.385054562019646,48,1.158629114069973,2.4756062894333755,48,1.064525705662538,3.093363993882068,1,183,2026-04-01T00:00:00.000Z,2026-09-30T20:00:00.000Z
sr35,ESPUSDT,15m,sr25_inverse_fvg,SR25 Inverse Fair Value Gap,sr25-v1,3,3,6,3,184,0.5217391304347826,1.8477280197288988,3.6402128877572926,3.5562085173765636,0.3106026484593095,0.009604755726898683,4.121761401715158,4.0705352994438915,3.459475892017519,3.3778512100925466,92,1.4589377958748058,1.8978591427557847,92,0.8870802244537728,1.7850140200188322,1,183,2026-04-01T00:00:00.000Z,2026-09-30T23:45:00.000Z
sr35,QUSDT,5m,sr25_poc_mean_reversion,SR25 Volume Profile POC Mean Reversion,sr25-v1,3,3,6,5,428,0.8177570093457944,1.48449377979522,4.1040654546491995,3.8907084338283697,0.5173142093722289,0.005121694082812283,2.807124852328401,2.730661568701173,3.558823333147018,3.3725810869964175,214,2.671966180268619,1.7908386555561253,214,0.3900088410606781,1.2637366123101046,1,183,2026-04-01T00:00:00.000Z,2026-09-30T23:55:00.000Z
sr35,DEXEUSDT,5m,sr_prior_day_sweep,SR Prior-Day High/Low Sweep,sr-v1,3,3,6,3,74,0.6891891891891891,2.934657844252861,2.82473628947448,2.796460558614359,0.5877464266553083,0.07151343095471982,5.316889134304702,5.292711707150109,3.4053492324270023,3.3719889493733124,37,-0.04369456730211807,1.161170735691732,37,2.9994923783757277,4.562355238380315,1,183,2026-04-01T00:00:00.000Z,2026-09-30T23:55:00.000Z
sr35,DEXEUSDT,5m,sr25_previous_day_sweep,SR25 Previous-Day High/Low Sweep,sr25-v1,3,3,6,3,74,0.6891891891891891,2.934657844252861,2.82473628947448,2.796460558614359,0.5877464266553083,0.07151343095471982,5.316889134304702,5.292711707150109,3.4053492324270023,3.3719889493733124,37,-0.04369456730211807,1.161170735691732,37,2.9994923783757277,4.562355238380315,1,183,2026-04-01T00:00:00.000Z,2026-09-30T23:55:00.000Z
sweep20,DEXEUSDT,5m,swp_prior_day,Previous-Day High/Low Sweep,sweep-v1,3,3,6,3,74,0.6891891891891891,2.934657844252861,2.82473628947448,2.796460558614359,0.5877464266553083,0.07151343095471982,5.316889134304702,5.292711707150109,3.4053492324270023,3.3719889493733124,37,-0.04369456730211807,1.161170735691732,37,2.9994923783757277,4.562355238380315,1,183,2026-04-01T00:00:00.000Z,2026-09-30T23:55:00.000Z
sr35,ZECUSDT,15m,sr_volume_breakout,SR Volume-Confirmed Breakout,sr-v1,3,3,6,5,144,0.3958333333333333,1.755807957419696,3.6049748867248903,3.5396234250511,0.38894352084318895,0.014322302660614548,1.4249593678673818,1.4089357814390508,3.4348820063120264,3.371054371202443,72,4.2612043205674786,2.6350875495977033,72,-0.12472988955726538,1.0325516702688131,1,183,2026-04-01T00:00:00.000Z,2026-09-30T23:45:00.000Z
sweep20,MOODENGUSDT,1h,swp_rsi_exhaustion,Sweep + RSI Exhaustion,sweep-v1,3,3,6,5,68,0.7647058823529411,3.1672104883751784,3.02199368136416,2.995244450023956,0.21438754339391464,0.02217538422173062,1.4862958015390846,1.4780706224905935,3.3638615058740786,3.3348793740648626,34,1.0472324345307888,3.071034049733166,34,0.9646004105469217,3.2833236945986215,1,183,2026-04-01T00:00:00.000Z,2026-09-30T23:00:00.000Z
sr35,PROMUSDT,15m,sr25_camarilla_h3_l3,SR25 Camarilla H3/L3 Mean Reversion,sr25-v1,3,3,6,4,184,0.6739130434782609,1.6937789748239367,3.878394292535636,3.789871886778112,0.4791182654257006,0.01262886742667416,2.9795213528212927,2.943079463807344,3.4066533770817014,3.3305556487217025,92,4.633961371884982,3.145149576473718,92,-0.13410938227582392,1.1526155998226797,1,183,2026-04-01T00:00:00.000Z,2026-09-30T23:45:00.000Z
sweep20,VVVUSDT,1h,swp_asia_range,Asia Range Sweep,sweep-v1,3,3,6,5,113,0.6194690265486725,1.8339904808012184,3.34486536259669,3.296509224880232,0.3209405459273106,0.0164318741252096,0.6849647967304227,0.675275427122263,3.3574932110928586,3.3089947266368736,56,3.1797513493754375,2.8996756312398446,57,0.03950330998659135,1.1480190333348184,1,183,2026-04-01T00:00:00.000Z,2026-09-30T23:00:00.000Z
visual28,ZECUSDT,15m,vis_sr_breaks,Support & Resistance Breaks — Derived Adapter,visual-derived-v1,3,3,6,5,150,0.4,1.7447066806088407,3.510964525483894,3.4442710505477176,0.350964924760383,0.013617944865293267,1.5416481404760591,1.524362582606567,3.362905238931404,3.29752753958819,75,4.207339460059161,2.6882986149796366,75,-0.1337295061934285,1.0376795001104018,1,183,2026-04-01T00:00:00.000Z,2026-09-30T23:45:00.000Z
visual28,USELESSUSDT,1h,vis_super_scalper,Super Scalper 5m/15m — Derived Adapter,visual-derived-v1,3,3,6,4,173,0.36416184971098264,1.8025625205756135,3.9781342405822526,3.892987323074543,0.6422560192215442,0.020633240380173928,5.249022075058019,5.205564002591237,3.3685885541774594,3.297362898316784,86,5.168153896255041,2.590213676160389,87,-0.19292963108383243,1.0144667516102603,1,183,2026-04-01T00:00:00.000Z,2026-09-30T23:00:00.000Z
sweep20,TOWNSUSDT,15m,swp_fvg_after,Sweep + Post-Sweep FVG,sweep-v1,3,3,6,5,189,0.5978835978835979,1.736459752197118,2.9031362866829222,2.8304897126375463,0.4046452141650012,0.00836154240301966,0.8748949742311025,0.859311233988374,3.364899686690947,3.284132805602283,94,0.578041616905772,1.4890535641015052,95,1.4734051655343525,2.0581433651430117,1,183,2026-04-01T00:00:00.000Z,2026-09-30T23:45:00.000Z
algo9,MMTUSDT,1m,tott,Twin Optimized Trend Tracker,kivanc-core-v1,3,3,6,5,192,0.40625,1.5317196043567807,3.1896749242173046,3.1104057819229167,0.4198602876534464,0.010048845855451976,1.9666720889658658,1.9350319547896007,3.317910533098696,3.234955902026785,96,1.7363774756874002,1.7174886346288412,96,0.5311026937775898,1.362731283796594,1,183,2026-04-01T00:00:00.000Z,2026-09-30T23:59:00.000Z
sweep20,BBUSDT,1h,swp_failed_breakout,Two-Bar Failed Breakout Sweep,sweep-v1,3,3,6,5,78,0.7307692307692307,2.159064011156813,3.0618700302857365,3.030792561162805,0.1959752505935214,0.020640052771089448,2.0785358359752113,2.0665541205923517,3.2662511355163364,3.2332096593181197,39,0.2948560340366633,1.3676675172978614,39,2.1369279082115518,4.143223115295716,1,183,2026-04-01T00:00:00.000Z,2026-09-30T23:00:00.000Z
sr35,BOMEUSDT,15m,sr_wick_rejection,SR Wick Rejection,sr-v1,3,3,6,4,198,0.6363636363636364,1.7028608037947697,3.437410385934731,3.3509310241557975,0.3171539630624225,0.008941318226376992,1.578858686478417,1.5533905054446984,3.3168477952265656,3.2327064166094557,99,2.347795612635379,2.5671912304776696,99,0.32547231055172166,1.2815989556868874,1,183,2026-04-01T00:00:00.000Z,2026-09-30T23:45:00.000Z
visual28,ZECUSDT,5m,vis_golden_cross_50_200,Golden Cross SMA50/200 — Derived Adapter,visual-derived-v1,3,3,6,5,318,0.330188679245283,1.4905126523152803,3.3642324651593842,3.228041467648148,0.49053261992200703,0.006467263144727244,2.1895822224127173,2.142086434486918,3.3443481013382828,3.212148309412272,159,4.0020624991827685,1.9662269080552697,159,-0.1275134075449067,1.0493488364087185,1,183,2026-04-01T00:00:00.000Z,2026-09-30T23:55:00.000Z
sweep20,WLFIUSDT,15m,swp_rsi_exhaustion,Sweep + RSI Exhaustion,sweep-v1,3,3,6,5,212,0.7075471698113207,2.2758690840447477,3.417517506815603,3.3254459435713537,0.27368111355376956,0.007488238520463669,1.2957250473141846,1.2682936517295125,3.2865427760965975,3.1967677740910876,106,0.5562893701510214,1.6202444376161735,106,1.8384936577616862,3.495508394836234,1,183,2026-04-01T00:00:00.000Z,2026-09-30T23:45:00.000Z
sr35,EULUSDT,15m,sr25_lsob,SR25 Liquidity Sweep + Order Block,sr25-v1,3,3,6,6,162,0.5432098765432098,1.7291570631509636,3.1508141466107276,3.0844847207908863,0.44018537127261936,0.01210169321016544,0.7894284339313813,0.7734405131782784,3.245360303110581,3.1766969461337844,81,1.4263805814386523,2.1217608247128257,81,0.710702013675705,1.5159961862217988,1,183,2026-04-01T00:00:00.000Z,2026-09-30T23:45:00.000Z
sweep20,FFUSDT,15m,swp_mss_confirm,Sweep + Micro Structure Shift,sweep-v1,3,3,6,5,229,0.5676855895196506,1.6715868189316108,3.4284620382247484,3.328723261305197,0.4287531016615944,0.007732455258071592,0.937424838040736,0.9132635523814345,3.2660251441864236,3.1703464975024387,114,1.8564257894986822,1.9313530468053057,115,0.5503508106198556,1.4184575080479347,1,183,2026-04-01T00:00:00.000Z,2026-09-30T23:45:00.000Z
sr35,XVGUSDT,1m,sr_prior_day_sweep,SR Prior-Day High/Low Sweep,sr-v1,3,3,6,5,88,0.75,2.597518810728708,3.8359760586633955,3.794272345480624,0.227399769875421,0.020003528409129147,1.104155727645375,1.0956876832841806,3.1868031884643218,3.1506412059225033,44,0.9051499842376705,2.353388632102743,44,1.538370258863616,2.8207542658606926,1,183,2026-04-01T00:00:00.000Z,2026-09-30T23:59:00.000Z
sr35,XVGUSDT,1m,sr25_previous_day_sweep,SR25 Previous-Day High/Low Sweep,sr25-v1,3,3,6,5,88,0.75,2.597518810728708,3.8359760586633955,3.794272345480624,0.227399769875421,0.020003528409129147,1.104155727645375,1.0956876832841806,3.1868031884643218,3.1506412059225033,44,0.9051499842376705,2.353388632102743,44,1.538370258863616,2.8207542658606926,1,183,2026-04-01T00:00:00.000Z,2026-09-30T23:59:00.000Z
sweep20,XVGUSDT,1m,swp_prior_day,Previous-Day High/Low Sweep,sweep-v1,3,3,6,5,88,0.75,2.597518810728708,3.8359760586633955,3.794272345480624,0.227399769875421,0.020003528409129147,1.104155727645375,1.0956876832841806,3.1868031884643218,3.1506412059225033,44,0.9051499842376705,2.353388632102743,44,1.538370258863616,2.8207542658606926,1,183,2026-04-01T00:00:00.000Z,2026-09-30T23:59:00.000Z
sweep20,PYTHUSDT,4h,swp_asia_range,Asia Range Sweep,sweep-v1,3,3,6,4,94,0.6170212765957447,2.161215749577061,3.715068154626058,3.6715380698657754,0.37313957657628527,0.01998288686746082,2.3633181125820135,2.3482366400134254,3.1622260931515234,3.12457463228216,47,1.9637082820568073,2.5295606749602695,47,0.5909353100548105,1.7435314790753202,1,183,2026-04-01T00:00:00.000Z,2026-09-30T20:00:00.000Z
sweep20,UBUSDT,1h,swp_failed_breakout,Two-Bar Failed Breakout Sweep,sweep-v1,3,3,6,4,85,0.6823529411764706,1.8327813389154535,4.388629108382548,4.343151584020079,0.8295322084732996,0.034264678333390114,10.635748980924667,10.583740282057006,3.130112600333729,3.095141369351201,43,5.0093868008950455,2.7009158383999274,42,-0.1032980091113529,1.2733480417783631,1,183,2026-04-01T00:00:00.000Z,2026-09-30T23:00:00.000Z
visual28,0GUSDT,1h,vis_squeeze_momentum,Squeeze Momentum — Derived Adapter,visual-derived-v1,3,3,6,6,194,0.41237113402061853,1.7067881888170289,2.646692109042287,2.5770014283426725,0.2590428245410189,0.0079940700693548,1.331074648383451,1.310114582802545,3.1669303639039788,3.088577226608,97,0.5127234870622526,1.4576757259793758,97,1.410679902990244,2.028766577033299,1,183,2026-04-01T00:00:00.000Z,2026-09-30T23:00:00.000Z
sweep20,ENJUSDT,15m,swp_compression_reclaim,Compression Sweep + Reclaim,sweep-v1,3,3,6,4,186,0.6989247311827957,1.8402495688922094,2.9964068136740156,2.923182472474061,0.2946626120421888,0.009298282419680434,0.7639569583265029,0.7466707635471019,3.1587690520458906,3.0813615145912143,93,1.363526116645874,2.0512186954628606,93,0.690866365100882,1.6190600064241731,1,183,2026-04-01T00:00:00.000Z,2026-09-30T23:45:00.000Z
sweep20,WLFIUSDT,15m,swp_range48_reclaim,Sweep Range-48 Reclaim,sweep-v1,3,3,6,6,217,0.7465437788018433,1.9699411355260155,2.8098905414238917,2.7285570959817305,0.3744537136158209,0.006702380359685828,1.133854660731818,1.109183486774997,3.1561952717185076,3.0670983115979,109,0.450086801126107,1.4580915131569518,108,1.6273534373702394,2.8530872562971346,1,183,2026-04-01T00:00:00.000Z,2026-09-30T23:45:00.000Z
sr35,PLUMEUSDT,5m,sr25_lsob,SR25 Liquidity Sweep + Order Block,sr25-v1,3,3,6,3,384,0.6041666666666666,1.4574597959325657,3.4746736179353386,3.3066360926007796,0.3863680036658049,0.004523290463971677,3.4470779466307233,3.3618075451822547,3.226278220052528,3.0667314977559954,192,1.8531414323400912,1.70149145407437,192,0.5683322134736564,1.2743025595870632,1,183,2026-04-01T00:00:00.000Z,2026-09-30T23:55:00.000Z
sweep20,MONUSDT,15m,swp_atr_expansion,Sweep + ATR Expansion,sweep-v1,3,3,6,6,257,0.6575875486381323,1.571783881885243,2.9446088066691267,2.844966618236219,0.2896312367256587,0.006134290312056356,1.295681667182814,1.2648350811429485,3.136475746573505,3.0316035916643687,128,1.228079706680838,1.6843869476871622,129,0.7704074027698948,1.4697055356734736,1,183,2026-04-01T00:00:00.000Z,2026-09-30T23:45:00.000Z
sr35,ACEUSDT,15m,sr_break_retest,SR Break + Retest,sr-v1,3,3,6,3,215,0.3813953488372093,1.659569658703687,3.160919021976521,3.0726546402507076,0.4754572658694677,0.011181929442410561,4.373014620575155,4.316313231109798,3.1118828691254494,3.0234463592785614,108,1.5602368908376194,1.8876632645331968,107,0.6252086034957551,1.4386071531103293,1,183,2026-04-01T00:00:00.000Z,2026-09-30T23:45:00.000Z
sr35,EPICUSDT,15m,sr25_breakout_retest,SR25 Breakout + Retest,sr25-v1,3,3,6,4,294,0.3843537414965986,1.4615871412221748,3.040074801648111,2.92316423769128,0.5513160018976462,0.009096972199261224,2.3516111445187198,2.3062072441348995,3.143722813594307,3.0230430501226744,147,1.9891570525786135,1.565875309677452,147,0.35157662531077527,1.3571766297938317,1,183,2026-04-01T00:00:00.000Z,2026-09-30T23:45:00.000Z
visual28,EULUSDT,5m,vis_bollinger_rsi_double,Bollinger + RSI Double — Derived Adapter,visual-derived-v1,3,3,6,4,362,0.6685082872928176,1.4081616273764388,3.1232050824625235,2.9770027394943703,0.5765486378430144,0.004981354062266409,3.6410979500470777,3.5525001999534886,3.1601612744506387,3.0118496339206473,181,1.5131353319332614,1.564489266630946,181,0.6406617781664359,1.29311453800763,1,183,2026-04-01T00:00:00.000Z,2026-09-30T23:55:00.000Z
sweep20,NEIROUSDT,4h,swp_opening_range,UTC Opening-Range Sweep,sweep-v1,3,3,6,4,111,0.5135135135135135,2.1564541128642642,2.456722691778966,2.4189052692333,0.3074265125454726,0.013631866005716944,1.8392262738986735,1.8225040230974634,3.0485005793727185,3.004681695149804,56,1.406643374204839,2.4318608604327716,55,0.4363252689738777,1.7577663249065616,1,183,2026-04-01T00:00:00.000Z,2026-09-30T20:00:00.000Z
sr35,REDUSDT,15m,sr25_narrow_cpr_breakout,SR25 Narrow CPR Breakout,sr25-v1,3,3,6,4,106,0.18867924528301888,2.649747503276673,2.9799434384034065,2.9383752271202406,0.17663335066450903,0.017611240649868968,0.8709087124807291,0.8570269273895041,3.040104462930885,2.9967141709296405,53,1.6002269108393472,3.4574633614122674,53,0.5306138944307319,1.9370490716355335,1,183,2026-04-01T00:00:00.000Z,2026-09-30T23:45:00.000Z
sweep20,BANKUSDT,5m,swp_mss_confirm,Sweep + Micro Structure Shift,sweep-v1,3,3,6,4,685,0.5532846715328467,1.3761383388610864,3.2189395902780094,2.9395827419038323,0.7556081916138762,0.004720484508786567,7.971923841190588,7.677273555457107,3.253743230336017,2.972085125461303,343,0.8737563140780218,1.3483108310604603,342,1.2515945956152388,1.3978746064573915,1,183,2026-04-01T00:00:00.000Z,2026-09-30T23:55:00.000Z
sweep20,MUBARAKUSDT,1m,swp_compression_reclaim,Compression Sweep + Reclaim,sweep-v1,3,3,6,3,992,0.5352822580645161,1.240637141415169,3.4821445820207195,3.0591926798387945,0.7245109111151615,0.0021613667671609082,13.14687680711497,12.26996238596727,3.3606078192631808,2.948719011629586,496,3.8529797946404214,1.446438060085322,496,-0.0764139205832367,1.0468725948313655,1,183,2026-04-01T00:00:00.000Z,2026-09-30T23:59:00.000Z
sweep20,MONUSDT,15m,swp_range96_reclaim,Sweep Range-96 Reclaim,sweep-v1,3,3,6,5,114,0.6929824561403509,1.831847976935618,2.5432535799880847,2.503465578163314,0.3712312706297253,0.012672663454124189,1.543172980781522,1.527155705307658,2.9863343735444103,2.941224440299648,57,1.2089818284529708,2.2852729171060284,57,0.6040211532521096,1.5447490857423025,1,183,2026-04-01T00:00:00.000Z,2026-09-30T23:45:00.000Z
visual28,ZECUSDT,1h,vis_hull_suite,Hull Suite — Derived Adapter,visual-derived-v1,3,3,6,5,200,0.4,1.615054113250165,3.727253087080049,3.634152364950797,0.5283623920082299,0.01039479057477549,1.2931421573059372,1.2734374465949077,3.002126536020242,2.9303224793811404,100,4.380543423864186,2.3470949010484135,100,-0.12141716650526735,1.0529148592703066,1,183,2026-04-01T00:00:00.000Z,2026-09-30T23:00:00.000Z
sweep20,GUSDT,4h,swp_asia_range,Asia Range Sweep,sweep-v1,3,3,6,6,89,0.6067415730337079,2.2354730034357426,2.124814198476128,2.0973473010536505,0.32068551493162145,0.01881083146326495,0.8925244753329258,0.8842743527820207,2.9626613221394185,2.927932846303678,44,1.0544301231836304,2.5182773210320386,45,0.5210126463847733,1.839681563762037,1,183,2026-04-01T00:00:00.000Z,2026-09-30T20:00:00.000Z
sr35,EULUSDT,1h,sr25_pdh_fvg_mss,SR25 PDH/PDL Sweep + FVG/MSS,sr25-v1,3,3,6,4,81,0.7037037037037037,2.5815937554777926,3.5475227536052722,3.5113980629468493,0.31228419746746205,0.022512006303982722,1.9549857241418076,1.9422804535314828,2.9572569280397203,2.9265494825961653,40,1.5752104736777657,3.0570718057276096,41,0.7658839151546168,2.105152391902367,1,183,2026-04-01T00:00:00.000Z,2026-09-30T23:00:00.000Z
sweep20,LITUSDT,15m,swp_range48_reclaim,Sweep Range-48 Reclaim,sweep-v1,3,3,6,6,210,0.6857142857142857,1.5418487025574186,3.359221940560966,3.269115631935877,0.2991641492593753,0.008533800182265742,1.2730648354254113,1.2499214319697716,3.0098576945960165,2.926153982731096,105,3.564393824693579,2.359826661174833,105,-0.04495052180261694,1.0648611790822047,1,183,2026-04-01T00:00:00.000Z,2026-09-30T23:45:00.000Z
sweep20,NOMUSDT,5m,swp_compression_reclaim,Compression Sweep + Reclaim,sweep-v1,3,3,6,5,361,0.5983379501385041,1.4364099272096087,3.20319564683936,3.054485035546687,0.3750734809693852,0.005702792025656512,1.1355085538167335,1.0975231016273979,3.0284573526755834,2.885136500708605,180,0.3856447997479626,1.227556216506121,181,2.0333860796099303,1.7009688356130763,1,183,2026-04-01T00:00:00.000Z,2026-09-30T23:55:00.000Z
fib9,SYNUSDT,1h,elliott_w2_w3,Elliott Wave 2 to Wave 3,fib-ew-causal-v1,3,3,6,5,83,0.5662650602409639,2.2817379619486085,2.9839547572211518,2.951479719772062,0.3225043907977855,0.01954978128905864,1.8266208127965187,1.8158703955388638,2.910796116104104,2.879686212024482,40,0.6482868641601287,1.782853172177032,43,1.4170275477206733,3.2320240438082233,1,183,2026-04-01T00:00:00.000Z,2026-09-30T23:00:00.000Z
sr35,NOMUSDT,1h,sr_prior_day_sweep,SR Prior-Day High/Low Sweep,sr-v1,3,3,6,4,65,0.7076923076923077,2.541990832130045,5.381880107288149,5.341317351894831,0.5181421356509315,0.0379242451175403,1.2634559641590428,1.2548093195886643,2.9036058201641777,2.878630593834447,32,0.38899946378792016,1.5536879891547928,33,3.594587884061685,7.566190515042008,1,183,2026-04-01T00:00:00.000Z,2026-09-30T23:00:00.000Z
sr35,NOMUSDT,1h,sr25_previous_day_sweep,SR25 Previous-Day High/Low Sweep,sr25-v1,3,3,6,4,65,0.7076923076923077,2.541990832130045,5.381880107288149,5.341317351894831,0.5181421356509315,0.0379242451175403,1.2634559641590428,1.2548093195886643,2.9036058201641777,2.878630593834447,32,0.38899946378792016,1.5536879891547928,33,3.594587884061685,7.566190515042008,1,183,2026-04-01T00:00:00.000Z,2026-09-30T23:00:00.000Z
sweep20,NOMUSDT,1h,swp_prior_day,Previous-Day High/Low Sweep,sweep-v1,3,3,6,4,65,0.7076923076923077,2.541990832130045,5.381880107288149,5.341317351894831,0.5181421356509315,0.0379242451175403,1.2634559641590428,1.2548093195886643,2.9036058201641777,2.878630593834447,32,0.38899946378792016,1.5536879891547928,33,3.594587884061685,7.566190515042008,1,183,2026-04-01T00:00:00.000Z,2026-09-30T23:00:00.000Z
sweep20,FOLKSUSDT,5m,swp_opening_range,UTC Opening-Range Sweep,sweep-v1,3,3,6,5,530,0.7452830188679245,1.4073809880073143,3.0560859491701997,2.8471092688098896,0.2965577668810141,0.0032795880583059416,1.1830889843906864,1.125508615770896,3.086219287587169,2.8749178137011193,265,1.9030519048311048,1.5645570862155334,265,0.3971799616880032,1.2336140293538922,1,183,2026-04-01T00:00:00.000Z,2026-09-30T23:55:00.000Z
sr35,BLURUSDT,15m,sr25_lsob,SR25 Liquidity Sweep + Order Block,sr25-v1,3,3,6,5,155,0.6580645161290323,1.8464069708166466,2.978333789350784,2.9175644862629593,0.27730460991253847,0.010914954446322674,0.621099859354644,0.6082430015163358,2.925882717413005,2.867069713185172,77,0.8942213399853944,1.8284213929951743,78,1.1002475821444682,1.864102839917247,1,183,2026-04-01T00:00:00.000Z,2026-09-30T23:45:00.000Z
sweep20,MOODENGUSDT,15m,swp_wick_sfp,Sweep + Wick Rejection,sweep-v1,3,3,6,6,262,0.6259541984732825,1.626364345412233,2.922010120788941,2.8210374210818565,0.21906449482528534,0.005896245223175993,0.7002922451543911,0.6794122415478638,2.9551905170462294,2.853366756961244,131,0.9637769818395758,1.6409206628386406,131,0.9971769488381423,1.6127148846140738,1,183,2026-04-01T00:00:00.000Z,2026-09-30T23:45:00.000Z
visual28,SAGAUSDT,1h,vis_macd_rsi,MACD + RSI — Derived Adapter,visual-derived-v1,3,3,6,4,134,0.3358208955223881,1.7743443139279909,2.209149140421783,2.166691910072899,0.23938758242537006,0.011765122124796119,1.4600178426090058,1.4467161596348266,2.8949162514048647,2.844614632570179,67,0.6821760384596438,1.7135710072305246,67,0.9077368046214573,1.835220983520441,1,183,2026-04-01T00:00:00.000Z,2026-09-30T23:00:00.000Z
sweep20,MONUSDT,15m,swp_volume_absorption,Sweep + Volume Absorption,sweep-v1,3,3,6,6,233,0.6738197424892703,1.5930763037559852,3.1591611873760286,3.063858415621371,0.22717696909854734,0.0070304256737255925,0.7284146990858726,0.7075299292775354,2.9162099807355975,2.8264523736474807,116,1.2878827834360074,1.7228589899748448,117,0.81790833756338,1.4814883315240204,1,183,2026-04-01T00:00:00.000Z,2026-09-30T23:45:00.000Z
sr35,ZECUSDT,1h,sr_pivot_breakout,SR Pivot Breakout,sr-v1,3,3,6,4,119,0.42857142857142855,1.7624715530975208,2.96873583219853,2.9221757653422964,0.435673493306433,0.015326520570922377,2.548617861157323,2.5295393000496427,2.862485195345434,2.816399487831544,60,3.739006113256142,2.7339943836719165,59,-0.1625383598689567,0.9551611941969468,1,183,2026-04-01T00:00:00.000Z,2026-09-30T23:00:00.000Z
sr35,ZECUSDT,1h,sr25_confirmed_pivot_breakout,SR25 Confirmed Pivot Breakout,sr25-v1,3,3,6,4,119,0.42857142857142855,1.7624715530975208,2.96873583219853,2.9221757653422964,0.435673493306433,0.015326520570922377,2.548617861157323,2.5295393000496427,2.862485195345434,2.816399487831544,60,3.739006113256142,2.7339943836719165,59,-0.1625383598689567,0.9551611941969468,1,183,2026-04-01T00:00:00.000Z,2026-09-30T23:00:00.000Z
sweep20,HEMIUSDT,15m,swp_pivot_sfp_body,Pivot SFP + Body Confirmation,sweep-v1,3,3,6,4,511,0.5146771037181996,1.3515409846757358,3.0137004707117647,2.8140175202557187,0.5540209703985636,0.004062863023644303,3.481150362756363,3.36525791213312,3.016206034022792,2.8160159902237942,255,1.0683184499244542,1.3709651004326577,256,0.9405621367726789,1.329443602815843,1,183,2026-04-01T00:00:00.000Z,2026-09-30T23:45:00.000Z
visual28,ZECUSDT,1h,vis_ichimoku_hull,Ichimoku + Hull — Derived Adapter,visual-derived-v1,3,3,6,5,146,0.4246575342465753,1.7670234810888015,3.5785406228427794,3.5126618642130634,0.42109637366907426,0.014022586209712659,0.8241063307923422,0.8114634602805808,2.8601737676057595,2.8072405007677794,73,4.29521554943252,2.7456902802880587,73,-0.13534386275673727,1.0529177284340858,1,183,2026-04-01T00:00:00.000Z,2026-09-30T23:00:00.000Z
sr35,GPSUSDT,5m,sr25_poc_mean_reversion,SR25 Volume Profile POC Mean Reversion,sr25-v1,3,3,6,5,412,0.8033980582524272,1.517508800202787,3.3277993719085126,3.1535900924131974,0.42193431189327524,0.0042356924758378085,2.992084662883489,2.9002135325905676,2.898224920452113,2.7450126375113717,206,1.3393026223855897,1.619939843718636,206,0.8500382680266783,1.4283712986839976,1,183,2026-04-01T00:00:00.000Z,2026-09-30T23:55:00.000Z
visual28,ZECUSDT,4h,vis_open_close_cross,Open Close Cross — Derived Adapter,visual-derived-v1,3,3,6,4,280,0.3357142857142857,1.525919432825151,2.964211660702022,2.855101136144642,0.3896958493443534,0.006857759004460966,1.938981062590312,1.9030222610658556,2.8303244628059723,2.7245159334176825,140,3.739603036232463,2.0541592835613525,140,-0.1635983793585395,0.9966281219443974,1,183,2026-04-01T00:00:00.000Z,2026-09-30T20:00:00.000Z
visual28,GRASSUSDT,5m,vis_macd_stoch,MACD + Stochastic — Derived Adapter,visual-derived-v1,3,3,6,4,104,0.6153846153846154,1.8184802740034889,3.1814740392025858,3.138622669119095,0.42170210343598513,0.017957721771814487,1.9764032371272355,1.96183077828372,2.7570849200232272,2.7174313647342547,52,2.1689248262351524,2.419795227013702,52,0.3195245291351372,1.367285103478841,1,183,2026-04-01T00:00:00.000Z,2026-09-30T23:55:00.000Z
visual28,STXUSDT,4h,vis_candlestick_reversal,Candlestick Reversal Patterns — Derived Adapter,visual-derived-v1,3,3,6,5,120,0.4083333333333333,2.1355885108483283,3.0804526246765347,3.032225388982316,0.27046399062496107,0.014627508238327617,2.141803009339398,2.1239173230777353,2.762063951151451,2.7168273751855283,60,1.669305778915406,2.6092966643413904,60,0.5286568728497298,1.6718032014389734,1,183,2026-04-01T00:00:00.000Z,2026-09-30T20:00:00.000Z
sweep20,MMTUSDT,15m,swp_range48_reclaim,Sweep Range-48 Reclaim,sweep-v1,3,3,6,4,203,0.6748768472906403,1.587861310525884,3.2668052189627286,3.1815551247496794,0.30658866932513207,0.00841385582014231,1.113301195423495,1.0917746727440925,2.763036938894116,2.6878098228724387,101,1.7214487819994813,1.8880858580269249,102,0.5678432925817742,1.3561485821200294,1,183,2026-04-01T00:00:00.000Z,2026-09-30T23:45:00.000Z
sr35,ACEUSDT,1h,sr_prior_day_sweep,SR Prior-Day High/Low Sweep,sr-v1,3,3,6,3,73,0.6164383561643836,1.8885532633687776,2.6542276398081097,2.6278916685129285,0.4284957743466328,0.026489445170482608,5.026270071326388,5.0041482808224425,2.713595395046816,2.68719508137393,36,1.4068627671068188,2.1634486652021514,37,0.5182534250594983,1.6159541156277426,1,183,2026-04-01T00:00:00.000Z,2026-09-30T23:00:00.000Z
sr35,ACEUSDT,1h,sr25_previous_day_sweep,SR25 Previous-Day High/Low Sweep,sr25-v1,3,3,6,3,73,0.6164383561643836,1.8885532633687776,2.6542276398081097,2.6278916685129285,0.4284957743466328,0.026489445170482608,5.026270071326388,5.0041482808224425,2.713595395046816,2.68719508137393,36,1.4068627671068188,2.1634486652021514,37,0.5182534250594983,1.6159541156277426,1,183,2026-04-01T00:00:00.000Z,2026-09-30T23:00:00.000Z
sweep20,ACEUSDT,1h,swp_prior_day,Previous-Day High/Low Sweep,sweep-v1,3,3,6,3,73,0.6164383561643836,1.8885532633687776,2.6542276398081097,2.6278916685129285,0.4284957743466328,0.026489445170482608,5.026270071326388,5.0041482808224425,2.713595395046816,2.68719508137393,36,1.4068627671068188,2.1634486652021514,37,0.5182534250594983,1.6159541156277426,1,183,2026-04-01T00:00:00.000Z,2026-09-30T23:00:00.000Z
sweep20,ERAUSDT,4h,swp_opening_range,UTC Opening-Range Sweep,sweep-v1,3,3,6,3,109,0.5688073394495413,2.155906537255688,3.332081125175578,3.285616487574451,0.2337730523483914,0.016651327357676663,2.9947550922362955,2.974895181283036,2.677831244416285,2.6390652488097293,55,0.5270223584300242,1.7051827019585692,54,1.8369467554027947,2.841943638810265,1,183,2026-04-01T00:00:00.000Z,2026-09-30T20:00:00.000Z
sr35,SNXUSDT,1h,sr_liquidity_sweep,SR Liquidity Sweep + Reclaim,sr-v1,3,3,6,5,114,0.7017543859649122,2.276503908406358,2.161178222025779,2.125681185209754,0.19054078326414214,0.010722545204820003,0.5862427448629477,0.577294122527626,2.677974648014493,2.636367514496893,57,0.6936573257959775,2.0997779327205532,57,0.866480411283965,2.4781805758755917,1,183,2026-04-01T00:00:00.000Z,2026-09-30T23:00:00.000Z
sr35,SNXUSDT,1h,sr25_liquidity_sweep_reclaim,SR25 Liquidity Sweep + Reclaim,sr25-v1,3,3,6,5,114,0.7017543859649122,2.276503908406358,2.161178222025779,2.125681185209754,0.19054078326414214,0.010722545204820003,0.5862427448629477,0.577294122527626,2.677974648014493,2.636367514496893,57,0.6936573257959775,2.0997779327205532,57,0.866480411283965,2.4781805758755917,1,183,2026-04-01T00:00:00.000Z,2026-09-30T23:00:00.000Z
sweep20,SNXUSDT,1h,swp_range24_reclaim,Sweep Range-24 Reclaim,sweep-v1,3,3,6,5,114,0.7017543859649122,2.276503908406358,2.161178222025779,2.125681185209754,0.19054078326414214,0.010722545204820003,0.5862427448629477,0.577294122527626,2.677974648014493,2.636367514496893,57,0.6936573257959775,2.0997779327205532,57,0.866480411283965,2.4781805758755917,1,183,2026-04-01T00:00:00.000Z,2026-09-30T23:00:00.000Z
sweep20,FARTCOINUSDT,1h,swp_pivot_sfp_body,Pivot SFP + Body Confirmation,sweep-v1,3,3,6,4,128,0.609375,1.8566400096967082,2.5807071980570604,2.535532994251172,0.40125242694781826,0.011880326711509927,4.310508379023983,4.275848127704969,2.6744249770507125,2.627717256689318,64,0.9651740248421288,1.8523078752947608,64,0.8220814812289807,1.8619714058771144,1,183,2026-04-01T00:00:00.000Z,2026-09-30T23:00:00.000Z
sweep20,FOLKSUSDT,15m,swp_volume_absorption,Sweep + Volume Absorption,sweep-v1,3,3,6,4,277,0.6209386281588448,1.422614634967532,2.4500207214401937,2.3560543176968514,0.48357816844197676,0.005768554921711227,0.8583078956722532,0.8292750817565613,2.7139955810153316,2.6121445343621925,139,1.7329045216013537,1.7027729380513383,138,0.2624007513510356,1.2071131732123785,1,183,2026-04-01T00:00:00.000Z,2026-09-30T23:45:00.000Z
sr35,PARTIUSDT,15m,sr_liquidity_sweep,SR Liquidity Sweep + Reclaim,sr-v1,3,3,6,4,432,0.6273148148148148,1.418689354826521,2.75330695475969,2.5949553280696525,0.47309296157889635,0.0040101523294410624,1.6694344699363728,1.6107976435242088,2.761716141360493,2.603010509277448,216,0.07862814279799069,1.0830302510769845,216,2.479704270485213,1.760750029553848,1,183,2026-04-01T00:00:00.000Z,2026-09-30T23:45:00.000Z
sr35,PARTIUSDT,15m,sr25_liquidity_sweep_reclaim,SR25 Liquidity Sweep + Reclaim,sr25-v1,3,3,6,4,432,0.6273148148148148,1.418689354826521,2.75330695475969,2.5949553280696525,0.47309296157889635,0.0040101523294410624,1.6694344699363728,1.6107976435242088,2.761716141360493,2.603010509277448,216,0.07862814279799069,1.0830302510769845,216,2.479704270485213,1.760750029553848,1,183,2026-04-01T00:00:00.000Z,2026-09-30T23:45:00.000Z
sweep20,PARTIUSDT,15m,swp_range24_reclaim,Sweep Range-24 Reclaim,sweep-v1,3,3,6,4,432,0.6273148148148148,1.418689354826521,2.75330695475969,2.5949553280696525,0.47309296157889635,0.0040101523294410624,1.6694344699363728,1.6107976435242088,2.761716141360493,2.603010509277448,216,0.07862814279799069,1.0830302510769845,216,2.479704270485213,1.760750029553848,1,183,2026-04-01T00:00:00.000Z,2026-09-30T23:45:00.000Z
sr35,PIEVERSEUSDT,5m,sr25_lsob,SR25 Liquidity Sweep + Order Block,sr25-v1,3,3,6,4,451,0.5764966740576497,1.3432577595562503,2.476663174040773,2.323542807686541,0.35243094966439825,0.0041055964031462356,3.0279841687249016,2.934074929688089,2.7608677195206286,2.5945404080608703,225,2.048624867645156,1.563385109489719,226,0.14040373118331395,1.1435688435793092,1,183,2026-04-01T00:00:00.000Z,2026-09-30T23:55:00.000Z
sr35,ACEUSDT,15m,sr_prior_day_sweep,SR Prior-Day High/Low Sweep,sr-v1,3,3,6,3,77,0.6363636363636364,1.8609055729714052,2.6714685810830363,2.643551252365245,0.41984428277818486,0.02509112433698146,3.757797693334253,3.739265369264003,2.6137188508552294,2.586580664291667,38,1.4034040519956887,2.1580081677960044,39,0.5276118795066522,1.5945099848186088,1,183,2026-04-01T00:00:00.000Z,2026-09-30T23:45:00.000Z
sr35,ACEUSDT,15m,sr25_previous_day_sweep,SR25 Previous-Day High/Low Sweep,sr25-v1,3,3,6,3,77,0.6363636363636364,1.8609055729714052,2.6714685810830363,2.643551252365245,0.41984428277818486,0.02509112433698146,3.757797693334253,3.739265369264003,2.6137188508552294,2.586580664291667,38,1.4034040519956887,2.1580081677960044,39,0.5276118795066522,1.5945099848186088,1,183,2026-04-01T00:00:00.000Z,2026-09-30T23:45:00.000Z
sweep20,ACEUSDT,15m,swp_prior_day,Previous-Day High/Low Sweep,sweep-v1,3,3,6,3,77,0.6363636363636364,1.8609055729714052,2.6714685810830363,2.643551252365245,0.41984428277818486,0.02509112433698146,3.757797693334253,3.739265369264003,2.6137188508552294,2.586580664291667,38,1.4034040519956887,2.1580081677960044,39,0.5276118795066522,1.5945099848186088,1,183,2026-04-01T00:00:00.000Z,2026-09-30T23:45:00.000Z
algo9,MAGMAUSDT,1h,ssl_hybrid_qqe_flip,SSL Hybrid + QQE — Flip Mode,tv-open-v1,3,3,6,3,167,0.3652694610778443,1.7873572172787602,8.12689924090257,7.976455774604021,0.655093234818668,0.02432451513064963,3.609121229632941,3.575555960078203,2.620518191586668,2.565232689486827,84,2.8119476811812234,1.9857214289889449,83,1.3942876461710485,1.5710691081958679,1,183,2026-04-01T00:00:00.000Z,2026-09-30T23:00:00.000Z
sr35,FFUSDT,15m,sr_range_edge,SR Range Edge Rejection,sr-v1,3,3,6,5,214,0.7102803738317757,1.818358098907791,3.957837936396632,3.8535126899576886,0.3733312532413158,0.008641557321463602,0.9360352550942166,0.915143051173241,2.610810075212588,2.5357836991953215,107,2.0298071366325066,2.193725198961031,107,0.6363543000651353,1.5072646381650194,1,183,2026-04-01T00:00:00.000Z,2026-09-30T23:45:00.000Z
sr35,FLOCKUSDT,15m,sr_wick_rejection,SR Wick Rejection,sr-v1,3,3,6,5,172,0.7093023255813954,1.6538583606415567,3.305792728666529,3.2327968706419448,0.30315327285132376,0.010972652116248514,1.569066474385532,1.5472394008843096,2.5862816907059774,2.5271847409066197,86,1.4023826652344202,1.722297001869954,86,0.7923009481282532,1.571937282673577,1,183,2026-04-01T00:00:00.000Z,2026-09-30T23:45:00.000Z
sr35,STRKUSDT,4h,sr25_fractal_cluster_rejection,SR25 Fractal Cluster Zone Rejection,sr25-v1,3,3,6,5,131,0.4961832061068702,1.793316083083597,1.9395299104157409,1.9015236806756017,0.2984996736314821,0.009965546928988673,1.4278559936854345,1.4173856327060248,2.533250010183551,2.4998610600262396,65,0.9486510454963861,1.9199742746021775,66,0.5084947698611408,1.641999703354,1,183,2026-04-01T00:00:00.000Z,2026-09-30T20:00:00.000Z
algo9,GTCUSDT,1h,mavilimw,MavilimW,kivanc-core-v1,3,3,6,6,91,0.46153846153846156,2.115605437888083,2.250436291797318,2.2212851768980464,0.19829673005652593,0.016388119201865278,0.3671424944078212,0.36144979016450707,2.5050168709053136,2.4774409004774127,46,0.9911770068554031,2.2395819643756654,45,0.6324195591885726,1.9660853447099509,1,183,2026-04-01T00:00:00.000Z,2026-09-30T23:00:00.000Z
sweep20,XVGUSDT,1m,swp_compression_reclaim,Compression Sweep + Reclaim,sweep-v1,3,3,6,5,797,0.562107904642409,1.2933244747508297,2.706311202305883,2.4227346031425694,0.335077596817289,0.0019498034700720156,1.4734064627774925,1.3882792044521288,2.7353697675371014,2.448537745741837,398,0.6435294861722607,1.2127820742410438,399,1.2550926122644608,1.395517652197261,1,183,2026-04-01T00:00:00.000Z,2026-09-30T23:59:00.000Z
visual28,ZECUSDT,1h,vis_fractal_breakout,Fractal Breakout — Derived Adapter,visual-derived-v1,3,3,6,4,268,0.3805970149253731,1.4195245300486792,2.374028289837547,2.2850686321983384,0.42140234157202483,0.006200368410753652,1.862631033919584,1.8270341371140808,2.5390960690048656,2.4458002791545925,134,3.4845237319411178,1.9837793935030068,134,-0.24762840124895358,0.9339891878354694,1,183,2026-04-01T00:00:00.000Z,2026-09-30T23:00:00.000Z
sweep20,ZKUSDT,15m,swp_failed_breakout,Two-Bar Failed Breakout Sweep,sweep-v1,3,3,6,4,319,0.6739811912225705,1.4776639969864442,2.738814018065062,2.6218294824234643,0.35018028624308095,0.004727754797403558,2.5865926762923714,2.5283049352479767,2.554306145471632,2.442733188100607,160,0.6034040297646168,1.3318808393592585,159,1.3317978180545866,1.642994819586523,1,183,2026-04-01T00:00:00.000Z,2026-09-30T23:45:00.000Z
sr35,PARTIUSDT,1h,sr25_poc_mean_reversion,SR25 Volume Profile POC Mean Reversion,sr25-v1,3,3,6,4,131,0.6717557251908397,1.7927600612571926,2.932902202866471,2.8820853301610185,0.44087502390748234,0.01401371982890294,0.8897256631861892,0.8760742427913699,2.4725215975070394,2.4293263225994037,65,0.10381759761899256,1.186169438741375,66,2.5630000929048427,3.097551480767513,1,183,2026-04-01T00:00:00.000Z,2026-09-30T23:00:00.000Z
sr35,NOMUSDT,1h,sr25_pdh_fvg_mss,SR25 PDH/PDL Sweep + FVG/MSS,sr25-v1,3,3,6,3,57,0.6842105263157895,2.553591087740493,3.5924749182739877,3.5667324777336127,0.6977765933705622,0.03950545939091088,0.8844572251948581,0.8777900535442065,2.44728754791524,2.4271845551038607,28,0.13134925054173485,1.4653529864844321,29,3.0592901936116785,6.714581050471128,1,183,2026-04-01T00:00:00.000Z,2026-09-30T23:00:00.000Z
sr35,ACEUSDT,1h,sr25_donchian_breakout,SR25 Donchian Dynamic S/R Breakout,sr25-v1,3,3,6,3,89,0.38202247191011235,1.7338267391018558,1.9761278042121386,1.949936071269653,0.31266078732060265,0.019034722448573686,3.0545425507395736,3.0379429767571464,2.4494694944377904,2.4198431342450935,45,1.1558866319011507,1.9280957921693036,44,0.380465818644492,1.4562221338875128,1,183,2026-04-01T00:00:00.000Z,2026-09-30T23:00:00.000Z
sr35,STXUSDT,15m,sr25_supply_demand_retest,SR25 RBD/DBR Supply-Demand Retest,sr25-v1,3,3,6,4,79,0.5189873417721519,2.1747707138267014,2.54942213439221,2.521849396237248,0.2633664615470004,0.019481546458104366,1.4848755121477297,1.4734034239246983,2.4339005348860043,2.406873705744528,40,1.4088946318413376,3.029680051660372,39,0.47346508538609733,1.6418890458962716,1,183,2026-04-01T00:00:00.000Z,2026-09-30T23:45:00.000Z
sweep20,SUSHIUSDT,15m,swp_failed_breakout,Two-Bar Failed Breakout Sweep,sweep-v1,3,3,6,6,346,0.708092485549133,1.5155269917613132,2.601630979169827,2.4795206026987056,0.22082220610686887,0.004208022886137351,1.0943487804121008,1.0583477753174142,2.5071848403333687,2.388606851382162,173,1.209666450195055,1.6834908808911218,173,0.6299432789287731,1.3829012346890701,1,183,2026-04-01T00:00:00.000Z,2026-09-30T23:45:00.000Z
sweep20,FOLKSUSDT,1h,swp_pivot_sfp,Confirmed-Pivot Swing Failure,sweep-v1,3,3,6,4,169,0.650887573964497,1.68661097271029,2.60907825443979,2.548912491415754,0.48914235514368287,0.009786216672916568,0.7191694189461182,0.7050422100081397,2.4308032011627616,2.373931333081972,85,1.8002404483675556,2.1391038991584477,84,0.28884584055764195,1.337182555312401,1,183,2026-04-01T00:00:00.000Z,2026-09-30T23:00:00.000Z
sweep20,SAGAUSDT,15m,swp_range96_reclaim,Sweep Range-96 Reclaim,sweep-v1,3,3,6,4,95,0.6736842105263158,1.8967061040384519,2.834411584111134,2.7983832615955615,0.3564495942290351,0.022746338702020256,1.5899961770080782,1.5784830294671681,2.3992310255049207,2.3679250137856767,48,0.8731111307317545,1.7960414831070604,47,1.0470817354083914,1.9853379155272413,1,183,2026-04-01T00:00:00.000Z,2026-09-30T23:45:00.000Z
sr35,EIGENUSDT,15m,sr25_poc_mean_reversion,SR25 Volume Profile POC Mean Reversion,sr25-v1,3,3,6,5,251,0.749003984063745,1.4755163162516483,2.6567129360446384,2.566417921455583,0.3445722140032411,0.00633800784146303,1.406649423072785,1.3757470027055954,2.443648880756495,2.359602439630908,126,1.3409492033817343,1.5989389955330535,125,0.5620641963363222,1.3461855863540837,1,183,2026-04-01T00:00:00.000Z,2026-09-30T23:45:00.000Z
sweep20,NOMUSDT,15m,swp_range96_reclaim,Sweep Range-96 Reclaim,sweep-v1,3,3,6,5,111,0.6216216216216216,1.5278206032070334,1.4813619270949778,1.4540661673868134,0.6200267426342707,0.012578228288008569,1.3048196830780077,1.2921154823578127,2.3873843358193483,2.350581125636751,55,-0.14564251449995724,1.060786938416163,56,1.9043602580981318,2.2116407708308494,1,183,2026-04-01T00:00:00.000Z,2026-09-30T23:45:00.000Z
sweep20,PYTHUSDT,15m,swp_mss_confirm,Sweep + Micro Structure Shift,sweep-v1,3,3,6,5,292,0.6472602739726028,1.4710248439694045,2.510769665808594,2.410091064173533,0.3243005106284278,0.005000784417558428,1.3891172125160547,1.3530226480799006,2.442214646865695,2.3438300996879735,146,1.6123909715264237,1.711360469193469,146,0.3438913639168042,1.245807213484157,1,183,2026-04-01T00:00:00.000Z,2026-09-30T23:45:00.000Z
sweep20,ZECUSDT,5m,swp_ema50_filter,Sweep + EMA50 Direction Filter,sweep-v1,3,3,6,5,72,0.5277777777777778,1.8358628361552654,2.0103119663484614,1.9889023956416856,0.4527951588675513,0.02224412762269638,1.5757635450427396,1.565418438469501,2.3639693973522964,2.3394037157723258,36,3.219469692161703,3.1876985362790826,36,-0.2865662782362036,0.7864273589085912,1,183,2026-04-01T00:00:00.000Z,2026-09-30T23:55:00.000Z
visual28,JTOUSDT,5m,vis_macd_stoch,MACD + Stochastic — Derived Adapter,visual-derived-v1,3,3,6,3,126,0.6666666666666666,1.679496259646667,2.9192226201185534,2.8705144263870537,0.44161028501332744,0.014384933081318338,2.366828285040969,2.343370717258265,2.36325922234104,2.320751725646617,63,1.7281229979338248,2.2119388186711815,63,0.4366004110103596,1.3576290538262,1,183,2026-04-01T00:00:00.000Z,2026-09-30T23:55:00.000Z
sweep20,GUSDT,1h,swp_asia_range,Asia Range Sweep,sweep-v1,3,3,6,6,104,0.6538461538461539,2.112001126062591,2.1533156135683824,2.120922424507902,0.40677169679603153,0.015316860420915446,0.3338075735373822,0.3271606534106717,2.3423924420941287,2.3077437879979867,52,1.0184486821918712,2.2646969414169607,52,0.5622471065968033,1.8889063139121518,1,183,2026-04-01T00:00:00.000Z,2026-09-30T23:00:00.000Z
sweep20,ZKUSDT,15m,swp_compression_reclaim,Compression Sweep + Reclaim,sweep-v1,3,3,6,5,167,0.6586826347305389,1.7007256646098048,2.236045757734318,2.182756119402612,0.2460877677175396,0.00829022260426789,1.2776915704201102,1.2615095205066353,2.347831584130129,2.292053760478158,83,0.49462995765035545,1.4684880031150114,84,1.1651150113581061,1.9802317781565797,1,183,2026-04-01T00:00:00.000Z,2026-09-30T23:45:00.000Z
sweep20,TRIAUSDT,1h,swp_opening_range,UTC Opening-Range Sweep,sweep-v1,3,3,6,4,331,0.5196374622356495,1.4776805989494595,1.7389205681052164,1.6497409314103963,0.5925140461715279,0.007622809011668493,4.925359706489761,4.84246883758603,2.4017812683902298,2.291430262231177,165,-0.3265638184870089,0.9916617081026954,166,3.0670825882146024,2.1198739221934124,1,183,2026-04-01T00:00:00.000Z,2026-09-30T23:00:00.000Z
sr35,VVVUSDT,15m,sr_wick_rejection,SR Wick Rejection,sr-v1,3,3,6,5,180,0.6888888888888889,1.5101667441971016,3.030022190508598,2.958540117016506,0.2961234205656208,0.00961604009590477,1.5936258335225135,1.5703327400842095,2.345761080546675,2.2870114361682172,90,3.047786126638546,2.194722287956476,90,-0.004388556009183087,1.0869521880715345,1,183,2026-04-01T00:00:00.000Z,2026-09-30T23:45:00.000Z
sweep20,PARTIUSDT,15m,swp_atr_expansion,Sweep + ATR Expansion,sweep-v1,3,3,6,5,295,0.6406779661016949,1.5440740636779273,2.7716018399872997,2.662298255310284,0.34927813051577006,0.006081826650306551,0.8898997945355136,0.8592601174883299,2.373021666906132,2.275561222284568,147,0.08204329050323578,1.115540866230392,148,2.4856293395000897,1.9070859075300552,1,183,2026-04-01T00:00:00.000Z,2026-09-30T23:45:00.000Z
sweep20,REZUSDT,5m,swp_failed_breakout,Two-Bar Failed Breakout Sweep,sweep-v1,3,3,6,4,1014,0.6449704142011834,1.2445981197640665,2.6085749585339975,2.2609319114802062,0.4203864028150206,0.0014909707207251181,3.0536971594648,2.8495415679248453,2.6216379992208916,2.2730647786538163,507,1.3019339282846083,1.3184160265786693,507,0.5676275127597106,1.1783875958330905,1,183,2026-04-01T00:00:00.000Z,2026-09-30T23:55:00.000Z
sweep20,PLUMEUSDT,5m,swp_rsi_exhaustion,Sweep + RSI Exhaustion,sweep-v1,3,3,6,4,611,0.67430441898527,1.2827667568588639,2.4814204235559063,2.2753854453117923,0.4922856875102437,0.002459033465910817,1.909084180734721,1.8264862895949632,2.4618138830053575,2.256611537709442,305,1.5159482267051496,1.4138879736787087,306,0.38374088409407414,1.1663177045858044,1,183,2026-04-01T00:00:00.000Z,2026-09-30T23:55:00.000Z
algo9,INJUSDT,1h,ssl_hybrid_qqe_flip,SSL Hybrid + QQE — Flip Mode,tv-open-v1,3,3,6,5,167,0.40718562874251496,1.5504912815948793,1.9198257915740555,1.8716965386733118,0.2348246805361731,0.008246946964428972,1.0490381830424407,1.0342492702567454,2.2769548618449487,2.227172288582707,83,1.7950889759253297,1.9662849631590966,84,0.044627135924153016,1.1045627928458952,1,183,2026-04-01T00:00:00.000Z,2026-09-30T23:00:00.000Z
sr35,VELVETUSDT,5m,sr25_pdh_fvg_mss,SR25 PDH/PDL Sweep + FVG/MSS,sr25-v1,3,3,6,4,84,0.6547619047619048,1.9828913677513538,0.08237291393847457,0.07281358183497333,0.9514048393065484,0.05231208724141717,11.911615649320881,11.85403138249608,2.2527673788742377,2.224659794154817,42,-0.08950654010741543,1.3833463244131377,42,0.1887761544889821,2.432812422957512,1,183,2026-04-01T00:00:00.000Z,2026-09-30T23:55:00.000Z
visual28,EIGENUSDT,1h,vis_bb_mean_reversion,Bollinger Mean Reversion — Derived Adapter,visual-derived-v1,3,3,6,5,74,0.7162162162162162,1.823790435429414,1.9903283535158418,1.9685229833219937,0.5167206379601326,0.018456395060379622,1.757290464359933,1.7459832184682016,2.245186454974839,2.220903461849798,37,1.1641173061228116,2.3662467085735477,37,0.38177738565995356,1.4684106891527555,1,183,2026-04-01T00:00:00.000Z,2026-09-30T23:00:00.000Z
sr35,EDENUSDT,15m,sr_wick_rejection,SR Wick Rejection,sr-v1,3,3,6,5,174,0.632183908045977,1.4095036533049603,1.6770620667253637,1.6310164757635905,0.33012794574720694,0.008295334851889232,2.168008949001639,2.1377326997381125,2.2756001567773527,2.218362158112752,87,1.3049617525512835,1.7435366696690862,87,0.1614344853064118,1.1920616126908452,1,183,2026-04-01T00:00:00.000Z,2026-09-30T23:45:00.000Z
sweep20,UBUSDT,15m,swp_wick_sfp,Sweep + Wick Rejection,sweep-v1,3,3,6,5,238,0.5966386554621849,1.4177691251795466,4.041065144141134,3.922616645007487,0.7943962159233682,0.012445991369551133,1.2130687117301306,1.188081313332638,2.291082317538826,2.214260666586643,119,4.395228665627902,1.7816661742558602,119,-0.06564383892439674,1.1535179011592538,1,183,2026-04-01T00:00:00.000Z,2026-09-30T23:45:00.000Z
visual28,CVCUSDT,5m,vis_bollinger_rsi_double,Bollinger + RSI Double — Derived Adapter,visual-derived-v1,3,3,6,6,360,0.6722222222222223,1.6190228466735712,2.480113212848607,2.357405092525071,0.34692394506009994,0.003936020335998645,0.8421932381346928,0.8099530978682525,2.3299719091100672,2.2128648235009645,180,0.9240583270346698,1.7061045903815686,180,0.8087358184261002,1.5534582763229354,1,183,2026-04-01T00:00:00.000Z,2026-09-30T23:55:00.000Z
sweep20,MMTUSDT,15m,swp_opening_range,UTC Opening-Range Sweep,sweep-v1,3,3,6,5,421,0.7030878859857482,1.4155010807813093,2.218156054561586,2.085732811544172,0.316723032715592,0.0035887558886646942,0.8146958061002452,0.774390561423151,2.330139980904838,2.1928036471987897,211,1.358045920990731,1.6047282121062922,210,0.36475546379922874,1.2527595669869485,1,183,2026-04-01T00:00:00.000Z,2026-09-30T23:45:00.000Z
sweep20,GPSUSDT,1h,swp_range12_reclaim,Sweep Range-12 Reclaim,sweep-v1,3,3,6,6,156,0.6538461538461539,1.6712838128513008,2.088343193711925,2.0408157690748614,0.30305003041879475,0.008582347207875008,1.4871807704086164,1.4673067882841968,2.2258402938624298,2.1762128353150705,78,0.9602185417556002,1.9464850419807054,78,0.5755096321790532,1.4858387403676758,1,183,2026-04-01T00:00:00.000Z,2026-09-30T23:00:00.000Z
fib9,ZROUSDT,4h,fib_retrace_382,Fibonacci Retracement 0.382 Reclaim,fib-ew-causal-v1,3,3,6,4,39,0.6410256410256411,2.9891669255360878,2.0051784441810945,1.9937658607828483,0.17139806544093217,0.03240216766401465,1.4356280839815545,1.4319246039465718,2.183882303697462,2.1727624457886816,20,1.2784030851346642,4.716352197249028,19,0.3189845395611699,1.8557639741046263,1,183,2026-04-01T00:00:00.000Z,2026-09-30T20:00:00.000Z
sr35,MERLUSDT,1h,sr25_camarilla_h3_l3,SR25 Camarilla H3/L3 Mean Reversion,sr25-v1,3,3,6,4,171,0.6900584795321637,1.5648984429800514,2.1368449948400956,2.0839323361832496,0.42369563619049944,0.008149605556737494,0.5360149087968196,0.5221500062619142,2.2236707840752468,2.170874773409247,85,1.0561558273866316,1.679113962819837,86,0.5255871919138628,1.4395946477436152,1,183,2026-04-01T00:00:00.000Z,2026-09-30T23:00:00.000Z
visual28,MYXUSDT,1m,vis_bollinger_rsi_double,Bollinger + RSI Double — Derived Adapter,visual-derived-v1,3,3,6,4,1661,0.6490066225165563,1.1774836048472794,2.8121820288447847,2.22879376604236,0.8372663841839477,0.001385366761858439,4.414263871487833,3.9777414434393954,2.7294334350912943,2.1583862215031773,830,0.12180932134291456,1.0740105691791149,831,2.398244208098775,1.2880464755487704,1,183,2026-04-01T00:00:00.000Z,2026-09-30T23:59:00.000Z
visual28,NEIROUSDT,4h,vis_structure_vwap,Structure-Anchored VWAP — Derived Adapter,visual-derived-v1,3,3,6,4,172,0.31976744186046513,1.4138476626731538,1.135310977471434,1.0989875335165102,0.483745782330985,0.006555273306070372,1.299421559621552,1.2858266321777059,2.192854662638303,2.1493633337351525,86,0.9230567819974163,1.671542050014098,86,0.1103733376263365,1.1827102995527297,1,183,2026-04-01T00:00:00.000Z,2026-09-30T20:00:00.000Z
visual28,WUSDT,15m,vis_nadaraya_watson,Nadaraya-Watson Envelope — Causal Derived Adapter,visual-derived-v1,3,3,6,6,203,0.6847290640394089,1.61645394336121,2.140621465148546,2.0778061617621666,0.24772472454059835,0.0064426231667232435,0.11200467578574225,0.10149564162822267,2.208134843177546,2.143662015676659,101,0.68322349520414,1.5854596477705547,102,0.8658374684626489,1.6456742556864832,1,183,2026-04-01T00:00:00.000Z,2026-09-30T23:45:00.000Z
sweep20,4USDT,5m,swp_rsi_exhaustion,Sweep + RSI Exhaustion,sweep-v1,3,3,6,5,658,0.6656534954407295,1.221031650469143,2.4647852230274094,2.24426625136004,0.6589024243917618,0.003069232147407242,2.4786107140544043,2.363260114254195,2.3458955178984104,2.1319909420663303,329,1.3236608660317315,1.2753304476214273,329,0.4910890283849556,1.1714253240945485,1,183,2026-04-01T00:00:00.000Z,2026-09-30T23:55:00.000Z
sr35,POWERUSDT,5m,sr_break_retest,SR Break + Retest,sr-v1,3,3,6,4,688,0.40988372093023256,1.2428405745987905,2.174017403950098,1.9631850946904366,0.3243005250790103,0.0023804998442449807,1.6115093270785477,1.5248843126310097,2.3517797925636343,2.129469736670961,344,0.8587254764895926,1.270285995426041,344,0.7076310859764894,1.217898549095371,1,183,2026-04-01T00:00:00.000Z,2026-09-30T23:55:00.000Z
sr35,ZROUSDT,1h,sr25_role_reversal_flip,SR25 S/R Role-Reversal Level Flip,sr25-v1,3,3,6,4,81,0.43209876543209874,2.02389733323599,2.109734378664724,2.0849272221021105,0.3212361380209796,0.017145147343722626,1.3479448476713816,1.338737519586958,2.1502658769119005,2.1248263276374892,41,0.6612142635744918,1.9037626906113174,40,0.8719646507088128,2.166946279755718,1,183,2026-04-01T00:00:00.000Z,2026-09-30T23:00:00.000Z
sr35,ACEUSDT,15m,sr_level_flip,SR Breakout Level Flip,sr-v1,3,3,6,3,301,0.34219269102990035,1.4889230883831617,2.2043759774910665,2.109426389165614,0.5062526768129382,0.007767941313383948,5.308375584046654,5.214434230999365,2.2194669831811975,2.1231341056719786,151,1.2465736822014502,1.6670907009778275,150,0.42633914163503084,1.3041817748985658,1,183,2026-04-01T00:00:00.000Z,2026-09-30T23:45:00.000Z
sweep20,AUSDT,5m,swp_compression_reclaim,Compression Sweep + Reclaim,sweep-v1,3,3,6,6,399,0.6265664160401002,1.534995442917294,2.0780792941728734,1.9579755126287983,0.16482572580304422,0.0031051585519151857,0.8174352344787605,0.781006690729205,2.2496319205192603,2.1219144277114035,199,0.9563167804319637,1.5771843576391191,200,0.5734053528351504,1.4808788481229216,1,183,2026-04-01T00:00:00.000Z,2026-09-30T23:55:00.000Z
sr35,EDENUSDT,1h,sr_liquidity_sweep,SR Liquidity Sweep + Reclaim,sr-v1,3,3,6,4,100,0.71,1.7544175716823402,1.5349560772098658,1.509689996008356,0.7919861042048341,0.017132818423137398,3.8910574232269184,3.8654396743295907,2.1538826833744076,2.1213135062508894,50,1.21324808704578,2.3314308588316717,50,0.14535559391062058,1.3253217683789482,1,183,2026-04-01T00:00:00.000Z,2026-09-30T23:00:00.000Z
sr35,EDENUSDT,1h,sr25_liquidity_sweep_reclaim,SR25 Liquidity Sweep + Reclaim,sr25-v1,3,3,6,4,100,0.71,1.7544175716823402,1.5349560772098658,1.509689996008356,0.7919861042048341,0.017132818423137398,3.8910574232269184,3.8654396743295907,2.1538826833744076,2.1213135062508894,50,1.21324808704578,2.3314308588316717,50,0.14535559391062058,1.3253217683789482,1,183,2026-04-01T00:00:00.000Z,2026-09-30T23:00:00.000Z
sweep20,EDENUSDT,1h,swp_range24_reclaim,Sweep Range-24 Reclaim,sweep-v1,3,3,6,4,100,0.71,1.7544175716823402,1.5349560772098658,1.509689996008356,0.7919861042048341,0.017132818423137398,3.8910574232269184,3.8654396743295907,2.1538826833744076,2.1213135062508894,50,1.21324808704578,2.3314308588316717,50,0.14535559391062058,1.3253217683789482,1,183,2026-04-01T00:00:00.000Z,2026-09-30T23:00:00.000Z
sr35,UAIUSDT,15m,sr_pivot_bounce,SR Pivot Bounce,sr-v1,3,3,6,4,730,0.5493150684931507,1.2657643587718477,2.5715539569232746,2.3201201055235585,0.8187488863133858,0.003470646024001048,2.4503759228864075,2.321814108575658,2.3509089020687988,2.114677370702657,365,1.3278421514370153,1.3142736460340505,365,0.5342766925663271,1.2155963116004282,1,183,2026-04-01T00:00:00.000Z,2026-09-30T23:45:00.000Z
visual28,LDOUSDT,1h,vis_bb_mean_reversion,Bollinger Mean Reversion — Derived Adapter,visual-derived-v1,3,3,6,6,83,0.7228915662650602,2.188603960855797,2.172307968555755,2.14640946005542,0.12986632710809287,0.015415443657357027,1.0918838933238768,1.0834620931359407,2.134936530384877,2.109651537791073,42,1.1321291262156685,2.694951005713626,41,0.4878592152560228,1.7739137653185029,1,183,2026-04-01T00:00:00.000Z,2026-09-30T23:00:00.000Z
sr35,POWERUSDT,4h,sr25_narrow_cpr_breakout,SR25 Narrow CPR Breakout,sr25-v1,3,3,6,5,109,0.3577981651376147,1.8825920431436174,2.82100929574524,2.7799599211054935,0.31229726149713444,0.016116225908742097,2.113598134985048,2.098977732973655,2.1262276430975784,2.0938230482249307,54,1.0334564551853638,2.0228457667347217,55,0.8790711185388678,1.7530005015749948,1,183,2026-04-01T00:00:00.000Z,2026-09-30T20:00:00.000Z
visual28,STXUSDT,4h,vis_coppock,Coppock Curve — Derived Adapter,visual-derived-v1,3,3,6,4,160,0.3625,1.6903696900394698,1.7293466879800463,1.6862007066965443,0.3804488646037757,0.00882757283630942,2.3919986525684687,2.375063213518006,2.131620605528547,2.0929717680416515,80,1.2023778601431685,2.205988199429592,80,0.23927266858858443,1.2967009402375558,1,183,2026-04-01T00:00:00.000Z,2026-09-30T20:00:00.000Z
sr35,ARBUSDT,4h,sr25_fractal_cluster_rejection,SR25 Fractal Cluster Zone Rejection,sr25-v1,3,3,6,4,126,0.3888888888888889,2.335049462045642,2.626584408459134,2.5815564265794424,0.22735963858087282,0.012310269707616369,2.032768566625874,2.018546830135339,2.1096705142894674,2.0793436939400656,63,1.5812900528200373,3.0741993655913307,63,0.4049503675486308,1.6548281452658218,1,183,2026-04-01T00:00:00.000Z,2026-09-30T20:00:00.000Z
sr35,NEIROUSDT,15m,sr25_liquidity_absorption,SR25 Liquidity Sweep + Volume Absorption,sr25-v1,3,3,6,4,190,0.6894736842105263,1.6557869826912182,2.418307988272257,2.354261823898539,0.4160582378506519,0.008093708294127483,1.1875367985221557,1.165266458505886,2.127995231622301,2.0690539786913553,95,1.3264785373086685,1.9330014261889168,95,0.46930561939619153,1.4541581089985836,1,183,2026-04-01T00:00:00.000Z,2026-09-30T23:45:00.000Z
sweep20,WLFIUSDT,1h,swp_failed_breakout,Two-Bar Failed Breakout Sweep,sweep-v1,3,3,6,5,75,0.7733333333333333,2.3091060563602053,1.8391882042631185,1.8182267149829179,0.44210811910946524,0.015677455122200642,0.9989800652131393,0.9925254321125911,2.0836776053263035,2.060330031097323,38,0.263255006986878,1.5098773110140613,37,1.247517871340294,3.9898913832161043,1,183,2026-04-01T00:00:00.000Z,2026-09-30T23:00:00.000Z
fib9,ACEUSDT,4h,fib_retrace_382,Fibonacci Retracement 0.382 Reclaim,fib-ew-causal-v1,3,3,6,5,40,0.5,2.3281718589240845,1.5970465712168083,1.5868697594841281,0.24585600623714388,0.03018275940208659,1.094700078570367,1.09105352228993,2.059402257773752,2.0486847005679345,18,0.7003377666367243,2.666200677183506,22,0.5273709860328386,2.0342163038478467,1,183,2026-04-01T00:00:00.000Z,2026-09-30T20:00:00.000Z
sr35,QUSDT,15m,sr25_lsob,SR25 Liquidity Sweep + Order Block,sr25-v1,3,3,6,4,161,0.5527950310559007,1.4831507574470368,1.5868568758973747,1.54564668477822,0.5060242785574269,0.009391887293012158,1.6983412147082841,1.6751436346600173,2.0976478996922823,2.0486624281781403,81,1.7026222747486206,1.9337783363685466,80,-0.042834472257879175,1.102036226024102,1,183,2026-04-01T00:00:00.000Z,2026-09-30T23:45:00.000Z
sr35,QUSDT,1h,sr_range_edge,SR Range Edge Rejection,sr-v1,3,3,6,4,67,0.6865671641791045,2.1513826945843224,2.8016620570466255,2.776625922013543,0.5597762493319406,0.026302083597806135,3.044253225934403,3.0297956633136556,2.0649792129434927,2.045645053361881,34,2.369364356841445,4.118215561412809,33,0.1283024494894438,1.3784533978099964,1,183,2026-04-01T00:00:00.000Z,2026-09-30T23:00:00.000Z
sweep20,EDENUSDT,1h,swp_mss_confirm,Sweep + Micro Structure Shift,sweep-v1,3,3,6,4,70,0.6857142857142857,1.9888222288415134,1.8262694638295316,1.80643286117727,0.8189992964088123,0.0312064904872337,5.718362489428486,5.691251283652084,2.0654668704694883,2.042783493708978,35,1.351606080409593,2.555703475032375,35,0.20184646883429624,1.5538422174161575,1,183,2026-04-01T00:00:00.000Z,2026-09-30T23:00:00.000Z
sweep20,EIGENUSDT,15m,swp_atr_expansion,Sweep + ATR Expansion,sweep-v1,3,3,6,3,236,0.6567796610169492,1.4585381402774298,2.310151491700151,2.2332218755237596,0.49531455264795154,0.006423224324481049,2.801912701043894,2.7532699630015203,2.107489745932179,2.0349481146156645,118,1.1955927987108699,1.6198945647926375,118,0.5076345184060016,1.3250708592265126,1,183,2026-04-01T00:00:00.000Z,2026-09-30T23:45:00.000Z
sweep20,POWERUSDT,15m,swp_volume_absorption,Sweep + Volume Absorption,sweep-v1,3,3,6,4,245,0.6775510204081633,1.4923096845939454,2.3519722726192707,2.271126460669604,0.5680703840986079,0.006321422643497123,5.400215185622156,5.318601540415348,2.1067914738385918,2.032442676169917,123,0.9221032149196633,1.5953275883734346,122,0.7439085719230605,1.4153133817199108,1,183,2026-04-01T00:00:00.000Z,2026-09-30T23:45:00.000Z
sr35,LITUSDT,5m,sr25_liquidity_absorption,SR25 Liquidity Sweep + Volume Absorption,sr25-v1,3,3,6,4,588,0.6343537414965986,1.2335150420013692,2.4340046771508628,2.2381620248865044,0.40610159510765254,0.002790476886837843,1.5627876948724992,1.489218696035043,2.1794060083954707,1.9980596812964788,294,2.9118666897985657,1.5188392481940982,294,-0.12215702899433656,1.0245744788123543,1,183,2026-04-01T00:00:00.000Z,2026-09-30T23:55:00.000Z
sweep20,CHZUSDT,1m,swp_opening_range,UTC Opening-Range Sweep,sweep-v1,3,3,6,5,434,0.7788018433179723,1.4570245598303746,2.114882723037301,1.982868558494812,0.1563977181845807,0.003029998787258871,0.6556292263260557,0.6196760166971116,2.117371556078816,1.9846550949169561,217,0.09759381559899838,1.0962842541931777,217,1.837919345725716,1.844196878959953,1,183,2026-04-01T00:00:00.000Z,2026-09-30T23:59:00.000Z
sweep20,BOMEUSDT,1h,swp_opening_range,UTC Opening-Range Sweep,sweep-v1,3,3,6,4,278,0.5251798561151079,1.4810470975550296,1.759749384550803,1.6842751704709253,0.27679103915634307,0.004852808287170908,1.4321133949445488,1.397989987879439,2.061227160998891,1.9790286184425963,139,1.7439661308138104,1.8981134585945505,139,0.005751985623929645,1.052803748181874,1,183,2026-04-01T00:00:00.000Z,2026-09-30T23:00:00.000Z
visual28,WLFIUSDT,15m,vis_rsi_entries,RSI Signals Entries — Derived Adapter,visual-derived-v1,3,3,6,4,118,0.7627118644067796,2.060807169287084,2.0367556359573187,2.001422584650816,0.49292495428289707,0.010511768262246566,1.4127862307277073,1.3992746816693566,2.014638871999002,1.9786702033027361,59,0.2923011224744887,1.465705075732086,59,1.34988237891689,2.8995198837438454,1,183,2026-04-01T00:00:00.000Z,2026-09-30T23:45:00.000Z
sr35,NOMUSDT,15m,sr25_pdh_fvg_mss,SR25 PDH/PDL Sweep + FVG/MSS,sr25-v1,3,3,6,4,65,0.6615384615384615,2.2800419394038016,3.5469759905911893,3.517928170689186,0.6401219070042654,0.032472107402053654,1.3879806864574813,1.3788700391958222,1.9961185712048035,1.976575189109925,32,0.13840777422273587,1.384259224452911,33,2.9941540224421797,6.468098402739963,1,183,2026-04-01T00:00:00.000Z,2026-09-30T23:45:00.000Z
visual28,WLFIUSDT,1h,vis_bb_mean_reversion,Bollinger Mean Reversion — Derived Adapter,visual-derived-v1,3,3,6,6,81,0.7654320987654321,3.0924534518969047,2.49358766023504,2.465795384038602,0.14876842105263166,0.01700726117451895,0.5457627638871196,0.5393471801762646,1.9816527125935433,1.9573021916916167,41,0.4013770994283068,2.0454681607775504,40,1.4929675685868218,4.296388274812747,1,183,2026-04-01T00:00:00.000Z,2026-09-30T23:00:00.000Z
sr35,MORPHOUSDT,1m,sr25_camarilla_h3_l3,SR25 Camarilla H3/L3 Mean Reversion,sr25-v1,3,3,6,4,176,0.6761363636363636,1.4490382837135818,1.436989031727549,1.3946447104191564,0.4289949247687075,0.0059770899366836825,2.3117167572139676,2.2791288339233136,2.00823235157557,1.9551390446532513,88,1.0270640480639797,1.838172068238653,88,0.20222596521066127,1.199592803926542,1,183,2026-04-01T00:00:00.000Z,2026-09-30T23:59:00.000Z
sr35,ZECUSDT,1h,sr25_breakout_retest,SR25 Breakout + Retest,sr25-v1,3,3,6,4,77,0.4935064935064935,1.7554623509005776,2.0723199604371447,2.0489696059162834,0.5971285615452042,0.02032299853525632,1.5735218747796949,1.5637040697425562,1.9690834510508521,1.9465090725056196,39,3.1644467417494466,3.422910971961549,38,-0.26225014966898363,0.9164424087033746,1,183,2026-04-01T00:00:00.000Z,2026-09-30T23:00:00.000Z
sweep20,BABYUSDT,15m,swp_atr_expansion,Sweep + ATR Expansion,sweep-v1,3,3,6,5,242,0.6735537190082644,1.4864568243621414,2.145537271691182,2.0705684938775857,0.4535687962883672,0.0061902174497749365,1.7109202798920413,1.6815025213008483,2.0143543801530828,1.9433825710935508,121,0.7538643305169945,1.488019601153283,121,0.7934895059778986,1.4849590566956457,1,183,2026-04-01T00:00:00.000Z,2026-09-30T23:45:00.000Z
sr35,CHZUSDT,15m,sr25_supply_demand_retest,SR25 RBD/DBR Supply-Demand Retest,sr25-v1,3,3,6,3,73,0.5616438356164384,2.5443646894037006,2.61787211938266,2.5919523158962066,0.19018471975956808,0.020376353239645106,0.8321350447399827,0.8238292828969949,1.959322386169914,1.9374828512588653,37,0.1820306408323289,1.3765170170218703,36,2.060726172745516,5.156371781696532,1,183,2026-04-01T00:00:00.000Z,2026-09-30T23:45:00.000Z
sweep20,NOMUSDT,1h,swp_rsi_exhaustion,Sweep + RSI Exhaustion,sweep-v1,3,3,6,3,61,0.6885245901639344,2.1476647316904454,2.4511004160506022,2.4303540981025193,0.5668458685286714,0.027440116719306407,1.8970725743618067,1.887527273386064,1.9549188276191298,1.9371169769788552,30,0.021393527458048345,1.3203507029593269,31,2.378815631071588,4.475745973883155,1,183,2026-04-01T00:00:00.000Z,2026-09-30T23:00:00.000Z
sweep20,VIRTUALUSDT,15m,swp_failed_breakout,Two-Bar Failed Breakout Sweep,sweep-v1,3,3,6,6,347,0.6657060518731989,1.4009161218418105,2.1476595411866475,2.040600185658143,0.23832098487747,0.0037851851284199703,0.47644059203312006,0.45203222679733,2.0325332480172267,1.9296717274217499,173,0.9417443944912778,1.4598571334603612,174,0.6210473171013402,1.3435719881594783,1,183,2026-04-01T00:00:00.000Z,2026-09-30T23:45:00.000Z
sweep20,GPSUSDT,5m,swp_wick_sfp,Sweep + Wick Rejection,sweep-v1,3,3,6,3,773,0.6545924967658473,1.2655483130104035,2.2228079578681035,1.9832769402895734,0.5852718671166284,0.0020400665820754812,3.5638570834354306,3.3964223623690817,2.1579274221143043,1.9237973210579429,386,0.9574598305700752,1.3046551204494095,387,0.6464235472609969,1.2309992383419128,1,183,2026-04-01T00:00:00.000Z,2026-09-30T23:55:00.000Z
visual28,1000BONKUSDT,1h,vis_macd_rsi,MACD + RSI — Derived Adapter,visual-derived-v1,3,3,6,5,118,0.3050847457627119,1.6581458872991355,1.2951439199571295,1.268356703025054,0.32547371692426996,0.009181228011587035,1.451634962690123,1.4393409128504118,1.9566998967930584,1.9234361906154804,59,0.2142890002610851,1.3667374913138113,59,0.8901134074867283,1.9508089129578912,1,183,2026-04-01T00:00:00.000Z,2026-09-30T23:00:00.000Z
sr35,XVGUSDT,5m,sr25_pdh_fvg_mss,SR25 PDH/PDL Sweep + FVG/MSS,sr25-v1,3,3,6,5,79,0.7341772151898734,2.0253556451625845,1.842060345121725,1.819937815073223,0.28683157508698587,0.015582502154582022,0.922080118159144,0.9150927235354072,1.9450723068017304,1.9221632496933485,39,0.48028581065434217,1.7443105310408862,40,0.9199402741457259,2.3399932251716495,1,183,2026-04-01T00:00:00.000Z,2026-09-30T23:55:00.000Z
sweep20,HUSDT,15m,swp_range48_reclaim,Sweep Range-48 Reclaim,sweep-v1,3,3,6,5,227,0.6696035242290749,1.5212009500568136,1.3077403963086018,1.2552571455993369,0.8184495838174688,0.014662800249984084,3.177232489487359,3.1274934856691656,1.9872095313614642,1.9193570015478416,114,0.3940885874039395,1.536404097607433,113,0.6553757179850745,1.5047530770472286,1,183,2026-04-01T00:00:00.000Z,2026-09-30T23:45:00.000Z
sr35,REZUSDT,5m,sr25_supply_demand_retest,SR25 RBD/DBR Supply-Demand Retest,sr25-v1,3,3,6,4,225,0.4622222222222222,1.4984391370353212,1.7624456894430973,1.7011891800585306,0.2552450583310829,0.005718304241441137,0.7118582869143932,0.6915052863429008,1.9839072789417491,1.9177607957390848,112,1.0113103195828028,1.6884254121548181,113,0.37345573308453894,1.3162890027573688,1,183,2026-04-01T00:00:00.000Z,2026-09-30T23:55:00.000Z
sweep20,BIOUSDT,5m,swp_asia_range,Asia Range Sweep,sweep-v1,3,3,6,5,134,0.6492537313432836,1.6558853726154064,1.7773468368954153,1.7405051639895892,0.5098878760678682,0.011432222275575154,0.559388283874426,0.5491899055347536,1.9437725779779238,1.9038810986826262,67,1.2582674099315683,1.8478114741204714,67,0.22985737857306376,1.4127411800005343,1,183,2026-04-01T00:00:00.000Z,2026-09-30T23:55:00.000Z
sweep20,WLFIUSDT,15m,swp_range96_reclaim,Sweep Range-96 Reclaim,sweep-v1,3,3,6,4,116,0.7758620689655172,1.9509836560799099,1.7998799564332018,1.7678305879238447,0.4684476890649719,0.010086908022104102,1.284948455641921,1.27077666070717,1.9285960921994354,1.8948015475508728,58,0.23899611054810688,1.3629644765444684,58,1.2597972121111751,3.105634752000879,1,183,2026-04-01T00:00:00.000Z,2026-09-30T23:45:00.000Z
visual28,USELESSUSDT,4h,vis_coppock,Coppock Curve — Derived Adapter,visual-derived-v1,3,3,6,4,161,0.34782608695652173,1.4215356840075661,1.1887392148186344,1.153765164077409,0.5399245494867564,0.010602221916272274,3.322434259273355,3.2974960572322622,1.929735474955684,1.8926489559744382,81,3.0305954785133364,2.2101765931402264,80,-0.4569687713672669,0.9255177003254552,1,183,2026-04-01T00:00:00.000Z,2026-09-30T20:00:00.000Z
visual28,CVCUSDT,5m,vis_rsi_entries,RSI Signals Entries — Derived Adapter,visual-derived-v1,3,3,6,6,398,0.6708542713567839,1.526233957215962,2.1155187336210517,1.9942348559384135,0.35345260937350986,0.0032585410265806415,0.5716080889804085,0.5420740599263296,2.008535399977377,1.8914060044703538,199,0.832984513090532,1.5880750869547258,199,0.6996972485970887,1.4767496500028485,1,183,2026-04-01T00:00:00.000Z,2026-09-30T23:55:00.000Z
fib9,USELESSUSDT,1h,elliott_abc,Elliott ABC Completion Reversal,fib-ew-causal-v1,3,3,6,6,44,0.5681818181818182,3.100396957503267,1.7707758289553657,1.7588626167483135,0.13753015463426776,0.02579905878307054,0.7077636837976806,0.7040894724813203,1.9017301687231027,1.8895559825146067,22,1.112534534284631,4.409070994014264,22,0.31158841855034347,2.082142989946084,1,183,2026-04-01T00:00:00.000Z,2026-09-30T23:00:00.000Z
sweep20,AUSDT,5m,swp_range96_reclaim,Sweep Range-96 Reclaim,sweep-v1,3,3,6,4,329,0.6595744680851063,1.5343670063063006,2.2303499879454365,2.126124848136328,0.25754096578193186,0.00391431992840302,1.4160325158872356,1.373834277999161,1.9814008254025817,1.8851850230820064,164,0.997178016744948,1.6140031582403098,165,0.6174572125575175,1.4543015590702482,1,183,2026-04-01T00:00:00.000Z,2026-09-30T23:55:00.000Z
visual28,WLFIUSDT,5m,vis_bollinger_rsi_double,Bollinger + RSI Double — Derived Adapter,visual-derived-v1,3,3,6,4,334,0.7095808383233533,1.5530250905474259,1.9312203114483588,1.8352045265609416,0.3365123882893173,0.0035263543130649526,1.2578121899907657,1.2165996474438892,1.979631660925555,1.8817466937443506,167,0.2728044069635449,1.2470223470869892,167,1.3029621011771981,1.9703403741525056,1,183,2026-04-01T00:00:00.000Z,2026-09-30T23:55:00.000Z
sweep20,AUSDT,1m,swp_asia_range,Asia Range Sweep,sweep-v1,3,3,6,6,155,0.6903225806451613,1.806486066443681,1.8259616821332778,1.7827520661951826,0.24563250333143694,0.007443011024865687,0.3751844326135918,0.36521654169817075,1.927009819566385,1.8816894560051507,77,0.867218383616833,2.2723549408679977,78,0.513460721535606,1.543533723595796,1,183,2026-04-01T00:00:00.000Z,2026-09-30T23:59:00.000Z
sr35,AEROUSDT,1h,sr25_pdh_fvg_mss,SR25 PDH/PDL Sweep + FVG/MSS,sr25-v1,3,3,6,4,80,0.6625,1.7581797282899752,1.4134743550257372,1.3943879291414847,0.4126743603517553,0.01455949004558989,1.4834272815056266,1.4734570747356166,1.9016434006180498,1.8790427198609105,40,1.5264555032813036,2.5204997954260993,40,-0.04471923139308298,1.0464513085480904,1,183,2026-04-01T00:00:00.000Z,2026-09-30T23:00:00.000Z
sr35,PIEVERSEUSDT,5m,sr25_poc_mean_reversion,SR25 Volume Profile POC Mean Reversion,sr25-v1,3,3,6,5,415,0.8048192771084337,1.2792464982675908,1.1364335384125774,1.0495774436543277,0.5742200549348653,0.003389034197787998,1.0879049822113753,1.0409527383607022,1.985111089622495,1.8650056424303938,208,1.4092782257557128,1.5173643030418138,207,-0.11324747985781192,1.105695264998375,1,183,2026-04-01T00:00:00.000Z,2026-09-30T23:55:00.000Z
sweep20,ARKMUSDT,4h,swp_asia_range,Asia Range Sweep,sweep-v1,3,3,6,6,85,0.611764705882353,1.9499830815841968,1.3719541759697491,1.352045340326553,0.22926587922688757,0.011933245260024464,0.9340126830763045,0.9260216217168216,1.8812786570305158,1.8571496844779878,42,0.8075604550977373,2.8793631353597315,43,0.31224057778000835,1.4946716683367978,1,183,2026-04-01T00:00:00.000Z,2026-09-30T20:00:00.000Z
visual28,JTOUSDT,15m,vis_bollinger_rsi_double,Bollinger + RSI Double — Derived Adapter,visual-derived-v1,3,3,6,4,123,0.6341463414634146,1.4699077327272232,1.3777703820589413,1.3488337648674964,0.4674354092184093,0.009366351934818553,0.7640041807016424,0.752660697089663,1.878953551985234,1.8431220673190896,62,1.1523604354575587,2.051524742266383,61,0.10472685842390606,1.1848170195587926,1,183,2026-04-01T00:00:00.000Z,2026-09-30T23:45:00.000Z
visual28,SPXUSDT,5m,vis_rsi_entries,RSI Signals Entries — Derived Adapter,visual-derived-v1,3,3,6,5,424,0.6745283018867925,1.2868706778516552,1.8441118675404673,1.7262548378509592,0.4233590740493922,0.00302181428892164,1.829375436605451,1.768338219893073,1.9648676584078868,1.8414495375240318,212,1.182584155786885,1.4191405696705528,212,0.30309379365721645,1.1662667413322376,1,183,2026-04-01T00:00:00.000Z,2026-09-30T23:55:00.000Z
sr35,MORPHOUSDT,15m,sr25_camarilla_h3_l3,SR25 Camarilla H3/L3 Mean Reversion,sr25-v1,3,3,6,4,168,0.6845238095238095,1.4872679047628716,1.361628048556184,1.3224449668361973,0.2826218987582356,0.006044623025850021,1.2537726964839746,1.2319575559403981,1.8868700065707222,1.838177867087142,84,0.9932229331039204,1.8916257323140107,84,0.18482885648850478,1.20864301598966,1,183,2026-04-01T00:00:00.000Z,2026-09-30T23:45:00.000Z
sr35,BROCCOLI714USDT,1h,sr_pivot_bounce,SR Pivot Bounce,sr-v1,3,3,6,4,189,0.5767195767195767,1.586921777265114,1.7089018501640765,1.6583668880276452,0.5263788228947561,0.007094007732590604,1.0714952813731582,1.0507908839245892,1.8917026759210347,1.8372092176094368,94,1.4556057800948032,1.9322150961196178,95,0.10315013595524847,1.1594131803606749,1,183,2026-04-01T00:00:00.000Z,2026-09-30T23:00:00.000Z
sr35,MORPHOUSDT,5m,sr25_camarilla_h3_l3,SR25 Camarilla H3/L3 Mean Reversion,sr25-v1,3,3,6,5,176,0.6818181818181818,1.4502661008887403,1.3541097271019118,1.3132002491056136,0.368744331906552,0.005714129186315781,1.6849867744362936,1.6585111724512616,1.8838636724084292,1.8329570242853217,88,0.9908724118356504,1.8383593745895497,88,0.18245132792379337,1.1929128879936257,1,183,2026-04-01T00:00:00.000Z,2026-09-30T23:55:00.000Z
sr35,MANAUSDT,5m,sr25_poc_mean_reversion,SR25 Volume Profile POC Mean Reversion,sr25-v1,3,3,6,6,425,0.8188235294117647,1.7138806051201882,2.246394696777129,2.1116490040104394,0.1924050884255999,0.0029487072533111365,1.048448959167493,0.9986056111882327,1.9526157880668764,1.8328683928704672,212,0.818746730128034,1.7570589725435208,213,0.7849624925778409,1.675578850704666,1,183,2026-04-01T00:00:00.000Z,2026-09-30T23:55:00.000Z
sweep20,PARTIUSDT,5m,swp_range96_reclaim,Sweep Range-96 Reclaim,sweep-v1,3,3,6,5,347,0.6743515850144092,1.3825979182221135,2.0462081185192567,1.942526687961962,0.44880670982414206,0.0041659807465259935,1.0229300113023663,0.9883561525414071,1.931587829331531,1.8320801419158657,174,-0.021804962188081145,1.0899455049164641,173,2.1141111953840896,1.804193436386681,1,183,2026-04-01T00:00:00.000Z,2026-09-30T23:55:00.000Z
algo9,ZECUSDT,1h,ssl_hybrid_flip,SSL Hybrid — Flip Mode,tv-open-v1,3,3,6,4,235,0.39574468085106385,1.5496963986973018,3.811575533209938,3.7003447438158057,0.41495796824316533,0.008901015622895483,1.4282179542823412,1.4044786050875526,1.8873335106846745,1.8269755045853229,118,4.42220138757009,2.18000595761485,117,-0.1126158566813753,1.0600761632673317,1,183,2026-04-01T00:00:00.000Z,2026-09-30T23:00:00.000Z
sr35,GRASSUSDT,1h,sr25_poc_mean_reversion,SR25 Volume Profile POC Mean Reversion,sr25-v1,3,3,6,5,132,0.6136363636363636,1.513108620063351,1.8101971196915079,1.7735291669323314,0.35787678510927623,0.010513698485363512,0.7667198881528783,0.7558706799994792,1.8627036756887438,1.8247886545115293,66,1.6500121595758004,1.9695170419888168,66,0.06044687739898902,1.1592133998076866,1,183,2026-04-01T00:00:00.000Z,2026-09-30T23:00:00.000Z
sr35,TUTUSDT,1h,sr_pivot_breakout,SR Pivot Breakout,sr-v1,3,3,6,3,127,0.33858267716535434,2.0087059319868406,1.6932527941220408,1.6590744413304344,0.7628732655445182,0.035752180012182125,10.618834848856878,10.55153785030342,1.8476084651486033,1.8114992272941777,64,1.7191761785928206,2.7679613110863506,63,-0.00953354353236291,1.2113186602596362,1,183,2026-04-01T00:00:00.000Z,2026-09-30T23:00:00.000Z
sr35,TUTUSDT,1h,sr25_confirmed_pivot_breakout,SR25 Confirmed Pivot Breakout,sr25-v1,3,3,6,3,127,0.33858267716535434,2.0087059319868406,1.6932527941220408,1.6590744413304344,0.7628732655445182,0.035752180012182125,10.618834848856878,10.55153785030342,1.8476084651486033,1.8114992272941777,64,1.7191761785928206,2.7679613110863506,63,-0.00953354353236291,1.2113186602596362,1,183,2026-04-01T00:00:00.000Z,2026-09-30T23:00:00.000Z
sr35,RENDERUSDT,1h,sr25_value_area_80,SR25 Value-Area Edge / 80% Rule,sr25-v1,3,3,6,6,108,0.6388888888888888,2.306743086240578,2.070810363704701,2.0381302095632567,0.14518757515030056,0.011461525039905147,0.7657407931137044,0.7557972918757032,1.8368211059438062,1.8071704725185533,54,0.8101785023779955,2.4811573729323233,54,0.6964130110210895,2.1616525292745146,1,183,2026-04-01T00:00:00.000Z,2026-09-30T23:00:00.000Z
sweep20,EDGEUSDT,1m,swp_opening_range,UTC Opening-Range Sweep,sweep-v1,3,3,6,3,498,0.7811244979919679,1.3248905274977587,2.172666919717164,2.018662967798454,0.7324965022385157,0.003501109848473897,1.7624659049744347,1.6912490939739966,1.9434348755969326,1.8002575082367214,249,0.5862165920467448,1.294091988589514,249,1.0001473541664123,1.354222613666538,1,183,2026-04-01T00:00:00.000Z,2026-09-30T23:59:00.000Z
sweep20,BIOUSDT,1m,swp_asia_range,Asia Range Sweep,sweep-v1,3,3,6,5,132,0.6590909090909091,1.6304169559725483,1.6346884084022175,1.6002457992418422,0.5075710022942207,0.011187038687034733,0.4139146846883197,0.4049351121548965,1.837709327592953,1.7995245166437157,66,1.2008247028745984,1.8402508656034204,66,0.19713687553621617,1.377743210460179,1,183,2026-04-01T00:00:00.000Z,2026-09-30T23:59:00.000Z
sr35,TRIAUSDT,15m,sr25_inverse_fvg,SR25 Inverse Fair Value Gap,sr25-v1,3,3,6,5,200,0.545,1.4355709930369285,2.2659875808408514,2.201464960275641,0.60099523170389,0.009705463832550776,1.2218858152732754,1.1972235294321565,1.851077594430389,1.7944432203304816,100,-0.28436739356796714,0.9898834243645723,100,3.563776931747501,2.026042578247615,1,183,2026-04-01T00:00:00.000Z,2026-09-30T23:45:00.000Z
sr35,MONUSDT,15m,sr_range_edge,SR Range Edge Rejection,sr-v1,3,3,6,5,222,0.6936936936936937,1.3842027640192225,1.4047920433665495,1.352149407202846,0.2970004218025867,0.004838101080774668,0.7373070539314253,0.7164877681709276,1.8562728366417218,1.7929595875274225,111,0.780914564684503,1.5253292712148843,111,0.3503129746106415,1.271938106564416,1,183,2026-04-01T00:00:00.000Z,2026-09-30T23:45:00.000Z
sr35,OPNUSDT,5m,sr25_impulse_ob_retest,SR25 Impulse Order Block Retest,sr25-v1,3,3,6,5,464,0.45905172413793105,1.3448523378864936,1.9126732414445944,1.780705500139955,0.5884158600459795,0.003893772697390446,0.7794861134426767,0.7344100157035056,1.9240672215824204,1.7913051343977262,232,-0.04391280102900996,1.038133757952665,232,2.046451458171832,1.6117289158579937,1,183,2026-04-01T00:00:00.000Z,2026-09-30T23:55:00.000Z
sweep20,FLOCKUSDT,15m,swp_atr_expansion,Sweep + ATR Expansion,sweep-v1,3,3,6,5,268,0.6753731343283582,1.4235496863314219,2.3154334115358197,2.2280121584344648,0.44008702582758175,0.00594571407524937,1.0906992824393007,1.0642101742840495,1.8656500202941366,1.7908867010888931,134,1.0652924716408254,1.4912313364658811,134,0.6053093966404641,1.3518020336022676,1,183,2026-04-01T00:00:00.000Z,2026-09-30T23:45:00.000Z
sr35,JTOUSDT,15m,sr_prior_day_sweep,SR Prior-Day High/Low Sweep,sr-v1,3,3,6,5,79,0.5822784810126582,1.5966309230942446,1.4161457913080877,1.397264174575831,0.3686485818035412,0.015581864542960159,0.32342960334167614,0.3181708069880804,1.8132267073970803,1.7904473889936847,40,1.1646978273942268,2.2210390195600045,39,0.1161584590383895,1.2165116157576221,1,183,2026-04-01T00:00:00.000Z,2026-09-30T23:45:00.000Z
sr35,JTOUSDT,15m,sr25_previous_day_sweep,SR25 Previous-Day High/Low Sweep,sr25-v1,3,3,6,5,79,0.5822784810126582,1.5966309230942446,1.4161457913080877,1.397264174575831,0.3686485818035412,0.015581864542960159,0.32342960334167614,0.3181708069880804,1.8132267073970803,1.7904473889936847,40,1.1646978273942268,2.2210390195600045,39,0.1161584590383895,1.2165116157576221,1,183,2026-04-01T00:00:00.000Z,2026-09-30T23:45:00.000Z
sweep20,JTOUSDT,15m,swp_prior_day,Previous-Day High/Low Sweep,sweep-v1,3,3,6,5,79,0.5822784810126582,1.5966309230942446,1.4161457913080877,1.397264174575831,0.3686485818035412,0.015581864542960159,0.32342960334167614,0.3181708069880804,1.8132267073970803,1.7904473889936847,40,1.1646978273942268,2.2210390195600045,39,0.1161584590383895,1.2165116157576221,1,183,2026-04-01T00:00:00.000Z,2026-09-30T23:45:00.000Z
sr35,WLFIUSDT,15m,sr_wick_rejection,SR Wick Rejection,sr-v1,3,3,6,4,180,0.6944444444444444,1.7217513719769828,1.5123948011873876,1.4677701966053087,0.4268976485131849,0.005782893292101979,0.8777130448837387,0.8608138534266379,1.8187512208310652,1.7681689829107916,90,0.16556065072185033,1.2439559138330372,90,1.1555247250594949,2.552479219047747,1,183,2026-04-01T00:00:00.000Z,2026-09-30T23:45:00.000Z
sweep20,PARTIUSDT,15m,swp_compression_reclaim,Compression Sweep + Reclaim,sweep-v1,3,3,6,5,211,0.6445497630331753,1.5350355059126053,1.5693061019437016,1.5157810920553203,0.6533940793975124,0.006456669074879217,1.920980588091512,1.888433533656428,1.8138854769062158,1.755016832537236,105,-0.1048796200944947,1.057698161667462,106,1.8703470054105282,2.0188500034049945,1,183,2026-04-01T00:00:00.000Z,2026-09-30T23:45:00.000Z
sr35,WLFIUSDT,5m,sr25_poc_mean_reversion,SR25 Volume Profile POC Mean Reversion,sr25-v1,3,3,6,5,409,0.7995110024449877,1.5920931760785018,1.7055960512886528,1.5973956523864405,0.5181118871769375,0.00267222732106847,1.1419757864041724,1.095311467567834,1.8625910044984857,1.7503274432975227,205,0.22015271078117937,1.226278254700097,204,1.2174241202615121,2.1681279866377645,1,183,2026-04-01T00:00:00.000Z,2026-09-30T23:55:00.000Z
sweep20,NEIROUSDT,15m,swp_volume_absorption,Sweep + Volume Absorption,sweep-v1,3,3,6,5,212,0.6839622641509434,1.5673529315570836,2.0765202464300136,2.012199861075218,0.4160582378506519,0.006911683427289894,0.5085928260314847,0.49168280583201773,1.7974614922156054,1.7386750524238401,106,1.207172690399315,1.8323640600909916,106,0.3938738277309073,1.388410329031208,1,183,2026-04-01T00:00:00.000Z,2026-09-30T23:45:00.000Z
sweep20,IOSTUSDT,15m,swp_volume_absorption,Sweep + Volume Absorption,sweep-v1,3,3,6,4,210,0.638095238095238,1.6437170290035883,1.6653723961955538,1.6101125145047206,0.6109800452271749,0.006669408336844369,1.2525607892081383,1.2251062237361792,1.7968667102824254,1.738072417390025,105,0.4711365123680249,1.5475616127718572,105,0.8117777471957515,1.779611857419707,1,183,2026-04-01T00:00:00.000Z,2026-09-30T23:45:00.000Z
sr35,PYTHUSDT,15m,sr25_liquidity_absorption,SR25 Liquidity Sweep + Volume Absorption,sr25-v1,3,3,6,3,169,0.6627218934911243,1.4862066013541508,1.586249613917805,1.5430982856701418,0.41822021049177505,0.006759350379788299,2.2775464374657797,2.2469055074423543,1.7756316544475053,1.7290674054264268,85,1.253230361287256,1.9357971062350896,84,0.14779636310256983,1.18132002748805,1,183,2026-04-01T00:00:00.000Z,2026-09-30T23:45:00.000Z
algo9,PHAUSDT,1h,mavilimw,MavilimW,kivanc-core-v1,3,3,6,6,94,0.44680851063829785,1.6692489538244877,1.4130732836917463,1.3906105901434853,0.563359685841028,0.014302688021913154,0.4435931468097347,0.43755382998768866,1.7514827518425355,1.7289083080508645,47,1.2532814832469406,2.3037560771379564,47,0.07091515269301718,1.1800756065788607,1,183,2026-04-01T00:00:00.000Z,2026-09-30T23:00:00.000Z
sweep20,PYTHUSDT,1m,swp_asia_range,Asia Range Sweep,sweep-v1,3,3,6,4,150,0.6933333333333334,1.5085302254098931,1.5981509211418676,1.5596550261235222,0.4510578717794045,0.007803582280323364,0.5602328898369633,0.5490916565773813,1.7688288033579682,1.7272757260597458,75,1.2400732285174625,1.9394054935052898,75,0.159850887045059,1.199351064431574,1,183,2026-04-01T00:00:00.000Z,2026-09-30T23:59:00.000Z
visual28,SUSHIUSDT,5m,vis_bollinger_rsi_double,Bollinger + RSI Double — Derived Adapter,visual-derived-v1,3,3,6,4,357,0.6666666666666666,1.400836528396791,1.8553455821264384,1.7554408404888289,0.250803624078372,0.0034271668397471136,1.2924702717685244,1.2492556336467335,1.8136752920438246,1.7152243886429739,178,0.983285777013754,1.578520241675334,179,0.4397045626101095,1.2732040930205613,1,183,2026-04-01T00:00:00.000Z,2026-09-30T23:55:00.000Z
sr35,GPSUSDT,15m,sr25_value_area_80,SR25 Value-Area Edge / 80% Rule,sr25-v1,3,3,6,4,122,0.639344262295082,1.7663577309273624,1.6846109856990212,1.6522397432438276,0.2685498820707024,0.010874135397628024,2.252642606677985,2.232847146524965,1.746029978045113,1.712921581636047,61,0.9343171375893267,2.165974337050165,61,0.3878856437392473,1.48368714709608,1,183,2026-04-01T00:00:00.000Z,2026-09-30T23:45:00.000Z
sweep20,WLFIUSDT,15m,swp_asia_range,Asia Range Sweep,sweep-v1,3,3,6,5,131,0.732824427480916,2.2341957076575802,1.8407064110852924,1.8039990321298656,0.25490046857142845,0.008728491049627283,1.0566897088153788,1.0424851278864415,1.7334668438503065,1.6978655924271315,65,0.24891575638939556,1.44889177497869,66,1.274538051547808,3.508781984858983,1,183,2026-04-01T00:00:00.000Z,2026-09-30T23:45:00.000Z
sweep20,PYTHUSDT,15m,swp_volume_absorption,Sweep + Volume Absorption,sweep-v1,3,3,6,4,207,0.6618357487922706,1.4525993293688242,1.7388239006272896,1.682922680706425,0.3207696850590941,0.005875194567882577,1.6921753245997753,1.6618906269780909,1.7531800782456983,1.6969880653660532,104,1.3152085558910107,1.8541179510486103,103,0.1829707063142958,1.1827574645224315,1,183,2026-04-01T00:00:00.000Z,2026-09-30T23:45:00.000Z
sweep20,AKEUSDT,15m,swp_range12_reclaim,Sweep Range-12 Reclaim,sweep-v1,3,3,6,3,674,0.6320474777448071,1.2884843966209938,1.8005375800961687,1.6172813924554328,0.8677609450106609,0.006396495856826654,8.005420407288703,7.696737506985491,1.8813996396055321,1.6931311037505918,337,20.05557811808484,1.7328346105010803,337,-0.8669930806748657,0.9996688247709851,1,183,2026-04-01T00:00:00.000Z,2026-09-30T23:45:00.000Z
sr35,XVGUSDT,1h,sr25_poc_mean_reversion,SR25 Volume Profile POC Mean Reversion,sr25-v1,3,3,6,5,138,0.644927536231884,1.7556556430909644,1.9091021885850363,1.869487096286698,0.3230606335951757,0.008961838175209388,0.7383655429389631,0.7270144870222068,1.7253954264484919,1.689608785056706,69,0.5034782472419563,1.5652533974952112,69,0.9349147178694586,1.9703859463092972,1,183,2026-04-01T00:00:00.000Z,2026-09-30T23:00:00.000Z
sweep20,AUSDT,5m,swp_asia_range,Asia Range Sweep,sweep-v1,3,3,6,6,151,0.7086092715231788,1.7719571106767553,1.6309013433226478,1.591692811731518,0.18115624218704196,0.007148128077797055,0.5181068732501268,0.5062137109208678,1.7301806801432074,1.6889653687300878,75,0.8007180674860854,2.1518335030153217,76,0.461029014383993,1.5330911684138253,1,183,2026-04-01T00:00:00.000Z,2026-09-30T23:55:00.000Z
algo9,SYNUSDT,1h,ssl_hybrid_qqe_flip,SSL Hybrid + QQE — Flip Mode,tv-open-v1,3,3,6,4,178,0.3258426966292135,1.6170878898738936,2.699882863429079,2.634633273061368,0.5276553877382628,0.016397146962733675,0.7801715017254973,0.7663733180565708,1.7237986909813938,1.6791896033464546,89,2.255334406509864,1.981225576326443,89,0.13655999704062016,1.2183526001502605,1,183,2026-04-01T00:00:00.000Z,2026-09-30T23:00:00.000Z
sweep20,TOWNSUSDT,15m,swp_asia_range,Asia Range Sweep,sweep-v1,3,3,6,4,126,0.5952380952380952,1.607017941556936,1.6672460023874098,1.6340582325886492,0.38039106127246547,0.009263282426027447,1.7133576793150724,1.6968295469322192,1.7125485812174506,1.6779982063367855,63,0.31161821568927306,1.3594171802419621,63,1.0335536442559516,1.8949054715590157,1,183,2026-04-01T00:00:00.000Z,2026-09-30T23:45:00.000Z
sr35,EDENUSDT,15m,sr_range_edge,SR Range Edge Rejection,sr-v1,3,3,6,5,220,0.6863636363636364,1.3981231190175591,1.8646160301483898,1.8023902444835134,0.49716346291329483,0.007653313054031236,1.2039412097276854,1.1782240380236417,1.7114736639534924,1.653095397879199,110,1.396075032501931,1.6397458764318493,110,0.19554521093490895,1.2316088774183722,1,183,2026-04-01T00:00:00.000Z,2026-09-30T23:45:00.000Z
sweep20,VVVUSDT,15m,swp_range48_reclaim,Sweep Range-48 Reclaim,sweep-v1,3,3,6,4,210,0.6428571428571429,1.3297272777482372,1.528770052944711,1.4763553864868175,0.4782330716181895,0.006095537366083361,1.5598170526005228,1.5299821970983447,1.6929941869733502,1.6374553375650263,105,2.2064554462710917,1.900569449349098,105,-0.2113503227105462,0.9867928368544078,1,183,2026-04-01T00:00:00.000Z,2026-09-30T23:45:00.000Z
visual28,GPSUSDT,5m,vis_bb_mean_reversion,Bollinger Mean Reversion — Derived Adapter,visual-derived-v1,3,3,6,5,834,0.5971223021582733,1.2419959074799825,1.910276833671316,1.6775716968065137,0.45956794391663736,0.0017748927374880157,0.8153444034940576,0.7398627211648177,1.851376046410313,1.623375308800925,417,0.8428076925254846,1.2664559628359506,417,0.5792623644211694,1.222430867018277,1,183,2026-04-01T00:00:00.000Z,2026-09-30T23:55:00.000Z
algo9,ZECUSDT,15m,alphatrend,AlphaTrend,kivanc-core-v1,3,3,6,4,370,0.372972972972973,1.3175259423175962,1.8141673657425335,1.7121055034821016,0.43618577454762963,0.004125390437001219,1.3544419661723524,1.312834028879485,1.711707105335499,1.6130897780272146,185,3.063692951053625,1.7487380665839511,185,-0.3074852358092458,0.9416036504347567,1,183,2026-04-01T00:00:00.000Z,2026-09-30T23:45:00.000Z
visual28,EIGENUSDT,15m,vis_rsi_entries,RSI Signals Entries — Derived Adapter,visual-derived-v1,3,3,6,5,122,0.6147540983606558,1.4859029190972866,1.4295674504757745,1.4002634428059677,0.5071555434561684,0.009090994403509621,1.6211601918616543,1.6046629576112785,1.6447841754997188,1.612122171898318,61,0.9237543627398093,1.7090956330488838,61,0.2629301835685438,1.2842174385499,1,183,2026-04-01T00:00:00.000Z,2026-09-30T23:45:00.000Z
sr35,GTCUSDT,15m,sr25_trendline_breakout,SR25 Multi-Touch Trendline Breakout,sr25-v1,3,3,6,5,91,0.5384615384615384,1.9038555601328955,1.867256223117165,1.8415136683201925,0.30305361092780514,0.014248086280708111,0.5696158698166107,0.5624741736734915,1.6319640017161459,1.6083137286054852,46,0.8511175022484574,2.2306747729476597,45,0.5489325878203075,1.6707004320578125,1,183,2026-04-01T00:00:00.000Z,2026-09-30T23:45:00.000Z
sr35,AUSDT,5m,sr25_liquidity_absorption,SR25 Liquidity Sweep + Volume Absorption,sr25-v1,3,3,6,5,589,0.6213921901528013,1.3399444533960543,1.7916489051044673,1.6321995998292627,0.20644540979634018,0.0019482240188411963,0.9215304427116939,0.8669015920863257,1.7655405610544785,1.6067978386036121,294,0.9013197338761112,1.4276756805992148,295,0.4682690424788798,1.254879706560766,1,183,2026-04-01T00:00:00.000Z,2026-09-30T23:55:00.000Z
sr35,2ZUSDT,15m,sr25_value_area_80,SR25 Value-Area Edge / 80% Rule,sr25-v1,3,3,6,5,125,0.696,1.84618429418046,1.805824246477937,1.7712041133483072,0.29270857474129286,0.009694247535164558,0.8914947744409278,0.8787857299778123,1.6382527165590353,1.606210509325964,63,0.47696780421618445,1.5979554595322032,62,0.8997193022545036,2.221706545003801,1,183,2026-04-01T00:00:00.000Z,2026-09-30T23:45:00.000Z
sr35,COWUSDT,1h,sr_range_edge,SR Range Edge Rejection,sr-v1,3,3,6,3,56,0.7142857142857143,2.1966856539521085,1.4338822087838574,1.4204617894412133,0.16561378776142532,0.01947801543174863,1.8554585213630679,1.8468809696265351,1.6184129226859114,1.6042590400064052,28,0.42781705979202056,1.776000757881352,28,0.7046176834015305,3.0896401032075196,1,183,2026-04-01T00:00:00.000Z,2026-09-30T23:00:00.000Z
sr35,PENGUUSDT,15m,sr25_supply_demand_retest,SR25 RBD/DBR Supply-Demand Retest,sr25-v1,3,3,6,4,57,0.43859649122807015,2.2532436290464015,1.9242907561741762,1.9079187663925645,0.23403761446135363,0.0230570841466252,1.20637973072298,1.1994810981108905,1.6036776772090877,1.5885632281174193,29,1.0584594240324177,2.4643674856250435,28,0.42062103436833254,1.9690106494526143,1,183,2026-04-01T00:00:00.000Z,2026-09-30T23:45:00.000Z
sweep20,KASUSDT,15m,swp_wick_sfp,Sweep + Wick Rejection,sweep-v1,3,3,6,5,250,0.648,1.5708404977642187,1.7388505324748236,1.6714644972984298,0.2643447087999562,0.004464280027884037,0.8285246622375606,0.8066277327206752,1.6502403397396908,1.5850260847086233,125,0.9391928996927315,1.8220680538558696,125,0.4123662132368551,1.3739493190901788,1,183,2026-04-01T00:00:00.000Z,2026-09-30T23:45:00.000Z
sweep20,RENDERUSDT,5m,swp_range48_reclaim,Sweep Range-48 Reclaim,sweep-v1,3,3,6,4,576,0.6597222222222222,1.3257715290499648,1.832061181714499,1.6737810120056285,0.2363894555122572,0.0020195494161497685,1.035870295731312,0.9805774867501145,1.7275699145270296,1.575635171503757,288,0.735932074418886,1.3429173009556061,288,0.6314354826714923,1.308603193769249,1,183,2026-04-01T00:00:00.000Z,2026-09-30T23:55:00.000Z
sr35,ALGOUSDT,15m,sr25_trendline_breakout,SR25 Multi-Touch Trendline Breakout,sr25-v1,3,3,6,5,74,0.5540540540540541,2.356227955807722,2.0182045990657205,1.9962443989202856,0.1512229117739391,0.016765488248933636,0.45087368418303186,0.4455626960228578,1.5881359568916897,1.5687496146959,37,0.9388215379851845,2.338315527419018,37,0.5567212040579175,2.3842089728343856,1,183,2026-04-01T00:00:00.000Z,2026-09-30T23:45:00.000Z
sweep20,MORPHOUSDT,15m,swp_compression_reclaim,Compression Sweep + Reclaim,sweep-v1,3,3,6,4,161,0.6149068322981367,1.5602447203681384,1.6100063415174741,1.5685101251223679,0.43554417046807237,0.007319813800800112,1.850469475585304,1.8291569642415326,1.603846041480879,1.561429375469706,81,1.0689583486600251,1.8083808671390338,80,0.2615074359558096,1.3000408483590986,1,183,2026-04-01T00:00:00.000Z,2026-09-30T23:45:00.000Z
visual28,SPXUSDT,5m,vis_bollinger_rsi_double,Bollinger + RSI Double — Derived Adapter,visual-derived-v1,3,3,6,5,379,0.6701846965699209,1.275934584517819,1.6222307302646315,1.5248843592466383,0.3366163009345159,0.0031701339185814443,1.444650155514105,1.3983459234804174,1.6580293069322063,1.5588455136729826,189,1.0769466575076065,1.4011540695635598,190,0.26254120238763434,1.1579574097653742,1,183,2026-04-01T00:00:00.000Z,2026-09-30T23:55:00.000Z
sr35,QUSDT,5m,sr25_value_area_80,SR25 Value-Area Edge / 80% Rule,sr25-v1,3,3,6,3,151,0.6887417218543046,1.6401334405474741,1.980031051471138,1.9355661122845471,0.44665987365620263,0.009915006615115407,2.1343128396624964,2.1099473326509774,1.592451984795788,1.5542454627417475,76,1.850942379771361,2.4887454534941758,75,0.04527929873845116,1.1739541711198,1,183,2026-04-01T00:00:00.000Z,2026-09-30T23:55:00.000Z
algo9,ZECUSDT,1h,ssl_hybrid_qqe_flip,SSL Hybrid + QQE — Flip Mode,tv-open-v1,3,3,6,5,161,0.40993788819875776,1.6610321177602696,3.3574266262300343,3.288265584176319,0.524150103837435,0.012497552522059521,1.1984349746404788,1.183017965332553,1.5757783066019777,1.5391078490839534,81,4.154731493371422,2.5165109603215856,80,-0.15467437405161832,1.0270779709235227,1,183,2026-04-01T00:00:00.000Z,2026-09-30T23:00:00.000Z
sweep20,AUSDT,5m,swp_range48_reclaim,Sweep Range-48 Reclaim,sweep-v1,3,3,6,4,605,0.6363636363636364,1.3368147314939938,1.7871828412037112,1.6237924116472557,0.2645303538110715,0.0018590364361074703,0.74412066799487,0.6931659055831749,1.695371369882515,1.5368471681941367,302,0.8998205507897366,1.4296023990260842,303,0.46707689841817457,1.2503556157233975,1,183,2026-04-01T00:00:00.000Z,2026-09-30T23:55:00.000Z
sr35,BIOUSDT,15m,sr25_liquidity_absorption,SR25 Liquidity Sweep + Volume Absorption,sr25-v1,3,3,6,4,207,0.6618357487922706,1.4438670479472786,1.5967413323268347,1.5436611200758286,0.49873593488434287,0.006678443710530491,1.5497525434859534,1.520815518506196,1.5884197913381142,1.5362684184260749,103,1.1912658031606167,1.7022033998208574,104,0.1850416907804482,1.26166137264663,1,183,2026-04-01T00:00:00.000Z,2026-09-30T23:45:00.000Z
algo9,NEIROUSDT,4h,ut_bot_quantnomad,UT Bot Strategy — QuantNomad,tv-open-v1,3,3,6,4,106,0.4056603773584906,1.4611258120927566,0.9824631970020641,0.9616429256274932,0.43526307274451714,0.0091266860680044,0.8226398651327953,0.8150902578050438,1.55785129748276,1.5333336548450913,53,0.8244831455775588,1.8252025737704,53,0.08658893440996707,1.1701384315532724,1,183,2026-04-01T00:00:00.000Z,2026-09-30T20:00:00.000Z
algo9,AAVEUSDT,15m,pmax,PMax Explorer,kivanc-core-v1,3,3,6,4,183,0.3825136612021858,1.523267009692411,1.4277222657768802,1.383861130528547,0.4376652239919322,0.006050728132480932,1.0829579707319654,1.0654599350515466,1.578960527893777,1.5326357505908303,91,0.9873340123640739,1.8273408459846912,92,0.22159750231866293,1.2493833534239045,1,183,2026-04-01T00:00:00.000Z,2026-09-30T23:45:00.000Z
sr35,FETUSDT,1h,sr25_fvg_first_touch,SR25 Fair Value Gap First-Touch Rejection,sr25-v1,3,3,6,3,184,0.44021739130434784,1.4821496210486416,1.5043882987956718,1.4588992226573398,0.28681882316063356,0.0062631319872741955,1.3203321246428925,1.299481472517431,1.5778083104847487,1.5307400425289148,92,0.5358700004529586,1.4493361900937825,92,0.6305991379850369,1.5168674855342112,1,183,2026-04-01T00:00:00.000Z,2026-09-30T23:00:00.000Z
sweep20,ICPUSDT,5m,swp_volume_absorption,Sweep + Volume Absorption,sweep-v1,3,3,6,5,608,0.6217105263157895,1.2923176025412728,1.7246562920448967,1.5641447971113336,0.34102560334143095,0.001883230107546491,1.6390412030930785,1.553604681199467,1.6874579899897393,1.5288814932496853,304,0.9807024859775952,1.4027570751570322,304,0.37560098567762035,1.1927109634447737,1,183,2026-04-01T00:00:00.000Z,2026-09-30T23:55:00.000Z
sweep20,ORDIUSDT,1m,swp_asia_range,Asia Range Sweep,sweep-v1,3,3,6,5,145,0.696551724137931,1.651315963016901,1.5402249128009329,1.5037382775344597,0.6676389357432653,0.011278860020350785,0.4437141405116807,0.433543336943254,1.5553481458491447,1.5178905130286302,72,1.2369623319112208,2.1328008245306234,73,0.1355689260223738,1.2162417378252697,1,183,2026-04-01T00:00:00.000Z,2026-09-30T23:59:00.000Z
sweep20,PARTIUSDT,15m,swp_rsi_exhaustion,Sweep + RSI Exhaustion,sweep-v1,3,3,6,4,233,0.6437768240343348,1.4725034904957321,1.656509491359079,1.595487533075946,0.5419146310654209,0.005889636090609731,0.7900972254424312,0.768475447674958,1.573376208479698,1.51400438568028,117,-0.08686748170802383,1.0075286097245482,116,1.9092266874123665,1.969310040728541,1,183,2026-04-01T00:00:00.000Z,2026-09-30T23:45:00.000Z
sweep20,1000BONKUSDT,5m,swp_mss_confirm,Sweep + Micro Structure Shift,sweep-v1,3,3,6,3,778,0.5411311053984575,1.2617386390205962,1.747123564538795,1.5417017121199206,0.3980710801685141,0.0015279385899458933,2.4683225359020247,2.340703743019599,1.7133787179511004,1.5112305553678747,389,0.319889297052657,1.1499635171898401,389,1.0813287680059118,1.3838924345671948,1,183,2026-04-01T00:00:00.000Z,2026-09-30T23:55:00.000Z
sr35,VELVETUSDT,1h,sr25_kernel_supply_demand,SR25 Kernel/Volume-Scored Supply-Demand,sr25-v1,3,3,6,4,211,0.5924170616113744,1.7229743980339838,2.147061297673192,2.0804430302407173,0.7844105785777338,0.027529782095275044,5.573058259221197,5.513651464377915,1.558078817349239,1.5104227786221833,106,0.5734695881762968,1.3583352886774174,105,1.0000776127619604,1.9663985395056238,1,183,2026-04-01T00:00:00.000Z,2026-09-30T23:00:00.000Z
sr35,BBUSDT,1m,sr25_camarilla_h3_l3,SR25 Camarilla H3/L3 Mean Reversion,sr25-v1,3,3,6,6,191,0.7277486910994765,1.6031097413112128,2.1978685197999894,2.137668797635997,0.331727240965781,0.0070769866489074195,0.8872636069137472,0.8704551119200026,1.5381921968750492,1.4920981905288007,95,0.14053631866115457,1.1762526331086944,96,1.8038287492272738,2.371124730749409,1,183,2026-04-01T00:00:00.000Z,2026-09-30T23:59:00.000Z
sweep20,PLUMEUSDT,5m,swp_range96_reclaim,Sweep Range-96 Reclaim,sweep-v1,3,3,6,4,305,0.6426229508196721,1.354149564422178,1.8211622027603247,1.736634649051108,0.4981781269754062,0.004105141870027308,0.9333807800625749,0.9056554156535535,1.567139029483298,1.490448418710728,152,1.2670629388446835,1.6124715723631213,153,0.24441282790234853,1.1711188865562294,1,183,2026-04-01T00:00:00.000Z,2026-09-30T23:55:00.000Z
sweep20,LDOUSDT,15m,swp_range96_reclaim,Sweep Range-96 Reclaim,sweep-v1,3,3,6,4,115,0.7478260869565218,1.7916069975996205,2.0213667690201986,1.9870954432769192,0.29785668158015033,0.011085609307278484,0.8932913551084118,0.8830096173153807,1.5157185332191063,1.4876364150346593,58,1.0498897538303247,2.184620779701424,57,0.47391671350842945,1.5217645517697014,1,183,2026-04-01T00:00:00.000Z,2026-09-30T23:45:00.000Z
sr35,WLFIUSDT,1h,sr25_poc_mean_reversion,SR25 Volume Profile POC Mean Reversion,sr25-v1,3,3,6,5,127,0.7322834645669292,1.8941242739495516,1.8009090935579506,1.7658085372125516,0.527949297391183,0.009128593564665981,1.4105624052276595,1.3939489403485763,1.5177915582223065,1.4867105052351546,64,0.2541264306722426,1.3622317748001724,63,1.2333546483480107,2.643504582477318,1,183,2026-04-01T00:00:00.000Z,2026-09-30T23:00:00.000Z
visual28,WLFIUSDT,15m,vis_bollinger_rsi_double,Bollinger + RSI Double — Derived Adapter,visual-derived-v1,3,3,6,4,108,0.7777777777777778,1.9935478045088286,1.6113295221563,1.5834938593042889,0.4672789944239716,0.009941452451212082,0.9060685250368596,0.89592015942606,1.5111645374175722,1.4841409316064613,54,0.19717587119507174,1.3665919625416423,54,1.1812413572531821,2.873856282178882,1,183,2026-04-01T00:00:00.000Z,2026-09-30T23:45:00.000Z
sweep20,MEGAUSDT,15m,swp_failed_breakout,Two-Bar Failed Breakout Sweep,sweep-v1,3,3,6,5,347,0.6743515850144092,1.2992553797618174,1.4247355967824,1.3421680966907745,0.40909516131217305,0.0034239502095547267,1.9565212654393762,1.9029039191431378,1.569318992909321,1.4823400893762582,174,-0.09887391011614799,1.0220892387910119,173,1.690783924694638,1.692974145198587,1,183,2026-04-01T00:00:00.000Z,2026-09-30T23:45:00.000Z
visual28,ZETAUSDT,4h,vis_candlestick_reversal,Candlestick Reversal Patterns — Derived Adapter,visual-derived-v1,3,3,6,4,91,0.4065934065934066,1.7553154847321282,1.329546884410981,1.3085856959239996,0.28963491244923856,0.012212263055465493,1.6447163101229325,1.6330589221741905,1.503892132542684,1.4806350255553262,45,0.5938949996101002,1.8981366331579281,46,0.46154350504947717,1.6264189588102578,1,183,2026-04-01T00:00:00.000Z,2026-09-30T20:00:00.000Z
sweep20,REZUSDT,15m,swp_wick_sfp,Sweep + Wick Rejection,sweep-v1,3,3,6,5,244,0.6229508196721312,1.4569961328570094,1.6685828067556678,1.6044532947069445,0.21639426742504686,0.004937147019464087,1.1032235018168297,1.0757714019027413,1.5309208740789741,1.470086486785212,122,0.9655321838855184,1.6007186496212245,122,0.3576897028876642,1.302758428530125,1,183,2026-04-01T00:00:00.000Z,2026-09-30T23:45:00.000Z
sr35,SUSDT,1h,sr_compression_breakout,SR Compression Breakout,sr-v1,3,3,6,4,70,0.4714285714285714,1.7273118720484257,1.202444488984539,1.18719517708297,0.36353140811238893,0.015783875436130086,0.9108759882958783,0.9048700017869513,1.4755065750611558,1.4586424078519094,35,0.4570170337124775,1.629649390707219,35,0.5116120388604612,1.863569955973562,1,183,2026-04-01T00:00:00.000Z,2026-09-30T23:00:00.000Z
sweep20,AUSDT,15m,swp_rsi_exhaustion,Sweep + RSI Exhaustion,sweep-v1,3,3,6,4,227,0.6872246696035242,1.5837816948919308,1.6866022827437868,1.6265306722923314,0.27396143553616636,0.004829504369518526,0.6767641803623445,0.6574992902825203,1.513833099460494,1.457362651766093,114,0.859126981784325,1.8135919721816216,113,0.44508810267778376,1.409494575004091,1,183,2026-04-01T00:00:00.000Z,2026-09-30T23:45:00.000Z
sweep20,FARTCOINUSDT,1h,swp_range12_reclaim,Sweep Range-12 Reclaim,sweep-v1,3,3,6,4,172,0.6046511627906976,1.4652914271430844,1.731232036662913,1.6848498665156724,0.3390979965982456,0.007419119215296371,1.5203758907566223,1.4972335747808594,1.49958382838471,1.4571152332834938,86,0.7164526430532676,1.526647466230574,86,0.5912073354989469,1.4153062443282936,1,183,2026-04-01T00:00:00.000Z,2026-09-30T23:00:00.000Z
sweep20,MEGAUSDT,5m,swp_opening_range,UTC Opening-Range Sweep,sweep-v1,3,3,6,4,381,0.7086614173228346,1.3498812490378587,1.4236359909524845,1.3331363761023711,0.6248613654295361,0.003386628839894899,1.6089713576329858,1.553441676456107,1.5529924735900567,1.456704425912529,191,-0.1072704810561188,1.0621388172145971,190,1.7148603687035027,1.869802523437744,1,183,2026-04-01T00:00:00.000Z,2026-09-30T23:55:00.000Z
sr35,FILUSDT,15m,sr25_impulse_ob_retest,SR25 Impulse Order Block Retest,sr25-v1,3,3,6,4,158,0.5,1.5454099958076648,1.2788805186925196,1.2433016024653645,0.3605334064376826,0.0063570776244102735,2.180640926664845,2.15121130141074,1.484133731821724,1.4456185749798913,79,0.681077882570726,1.6833660322302924,79,0.35560674631423095,1.4156863734120535,1,183,2026-04-01T00:00:00.000Z,2026-09-30T23:45:00.000Z
visual28,FFUSDT,5m,vis_bollinger_rsi_double,Bollinger + RSI Double — Derived Adapter,visual-derived-v1,3,3,6,4,411,0.6666666666666666,1.2697884916024273,1.202629661773852,1.11403885589118,0.3187695377266454,0.0025789756025283734,0.713286708084921,0.6764078068254002,1.5483252729617099,1.4448884913023106,205,1.0145810543812468,1.5161616280407735,206,0.09334377834222063,1.115944727459052,1,183,2026-04-01T00:00:00.000Z,2026-09-30T23:55:00.000Z
algo9,FLOCKUSDT,1h,alphatrend,AlphaTrend,kivanc-core-v1,3,3,6,4,91,0.3516483516483517,1.6027147868901326,1.3196493735725467,1.2987472820746708,0.32127164661345486,0.014043401664591958,1.1037168871631833,1.09376005437159,1.467059701849268,1.4446074882248578,45,0.7608996109522936,1.7794812090710097,46,0.31730926575540597,1.406082156741951,1,183,2026-04-01T00:00:00.000Z,2026-09-30T23:00:00.000Z
sweep20,WLFIUSDT,5m,swp_range96_reclaim,Sweep Range-96 Reclaim,sweep-v1,3,3,6,5,304,0.6973684210526315,1.5079451091315639,1.5699823051138506,1.4932350861743005,0.3903517927815542,0.0034491876932904366,0.8293433942245203,0.7980692576952433,1.51641313482172,1.4407725384744379,152,0.18644528328963972,1.1801581488367168,152,1.1661195348074518,2.078265396559235,1,183,2026-04-01T00:00:00.000Z,2026-09-30T23:55:00.000Z
sr35,BIOUSDT,1h,sr25_pdh_fvg_mss,SR25 PDH/PDL Sweep + FVG/MSS,sr25-v1,3,3,6,5,72,0.5555555555555556,1.7731583770807375,1.2461540292807256,1.2301267287135143,0.4291027751706218,0.016694048083161054,0.5168329132322187,0.5109825767786438,1.456171461088482,1.4381791737987575,36,1.0523942456653184,2.898028569765255,36,0.09440670769011739,1.3059386213673647,1,183,2026-04-01T00:00:00.000Z,2026-09-30T23:00:00.000Z
sweep20,IOUSDT,1m,swp_opening_range,UTC Opening-Range Sweep,sweep-v1,3,3,6,5,389,0.7172236503856041,1.3320140938598142,1.4676808100585292,1.3736948492646954,0.2676638937428596,0.0028262841750136282,0.4012620616403748,0.3743746770980414,1.5300615138087341,1.432732168328997,194,0.9383180016940686,1.4717130135060659,195,0.2731042109198827,1.193411349865489,1,183,2026-04-01T00:00:00.000Z,2026-09-30T23:59:00.000Z
sweep20,ETHFIUSDT,15m,swp_rsi_exhaustion,Sweep + RSI Exhaustion,sweep-v1,3,3,6,6,262,0.6793893129770993,1.3758127689589388,1.6791276171340135,1.6100479995207908,0.3304194881804857,0.004492369624254487,0.4537450784460395,0.43557650512167956,1.4921264144927626,1.4278506003190357,131,1.0835754896345926,1.5422195082164865,131,0.2858317975337037,1.2194326407128222,1,183,2026-04-01T00:00:00.000Z,2026-09-30T23:45:00.000Z
sr35,TAOUSDT,1h,sr25_inverse_fvg,SR25 Inverse Fair Value Gap,sr25-v1,3,3,6,4,62,0.5645161290322581,1.966028812041908,1.1320769949684828,1.1190237561798462,0.25833904842164057,0.015021931126801943,0.8136600260171809,0.8077808726142814,1.4381701939718399,1.4225550781479197,31,0.4636834886598411,2.094598738836101,31,0.4566516678552035,1.8680639061814406,1,183,2026-04-01T00:00:00.000Z,2026-09-30T23:00:00.000Z
sweep20,MOODENGUSDT,1h,swp_atr_expansion,Sweep + ATR Expansion,sweep-v1,3,3,6,4,71,0.704225352112676,1.9284735377056679,1.4463431556900006,1.4292129916395395,0.3207314029548666,0.014823618915054642,0.42596689525489984,0.4204564390791463,1.4310778754290072,1.414298687480517,35,0.580016312002273,1.8786197896663621,36,0.548302468213052,1.9879544466702057,1,183,2026-04-01T00:00:00.000Z,2026-09-30T23:00:00.000Z
sweep20,BERAUSDT,5m,swp_ema50_filter,Sweep + EMA50 Direction Filter,sweep-v1,3,3,6,5,68,0.4411764705882353,1.908499286985504,1.393466490113716,1.3774137362658831,0.21563620593305755,0.015509445653478681,0.5515210361211471,0.5456942186016251,1.4282219298733767,1.4112158053476516,34,0.16523607884323188,1.3581853711594714,34,1.0540614331902498,2.4615779307270804,1,183,2026-04-01T00:00:00.000Z,2026-09-30T23:55:00.000Z
visual28,ALICEUSDT,1h,vis_ichimoku_hull,Ichimoku + Hull — Derived Adapter,visual-derived-v1,3,3,6,5,149,0.4161073825503356,1.4704931026489205,1.0132163945636337,0.9835412415876177,0.3248619945813571,0.006156746852619863,0.5634077807584699,0.5533407356442614,1.4406821941045247,1.4076406452932484,74,0.7518844600964674,1.758059796948529,75,0.1491719005560308,1.1957492273925525,1,183,2026-04-01T00:00:00.000Z,2026-09-30T23:00:00.000Z
sweep20,ORDIUSDT,5m,swp_asia_range,Asia Range Sweep,sweep-v1,3,3,6,5,141,0.6666666666666666,1.6535644980422253,1.4525629709718908,1.4182951776825896,0.6743635822437919,0.011302464440881514,0.7473968235443826,0.7356412342493084,1.4421073602663808,1.4075044657239943,70,1.1994182241932525,2.1269482535478175,71,0.1150962304458929,1.2078461354787222,1,183,2026-04-01T00:00:00.000Z,2026-09-30T23:55:00.000Z
sr35,CRVUSDT,5m,sr25_camarilla_h3_l3,SR25 Camarilla H3/L3 Mean Reversion,sr25-v1,3,3,6,4,166,0.6867469879518072,1.4204962328208033,0.9024828724441376,0.871243011299246,0.34850175524504956,0.005146738055188346,1.671598936661709,1.6484173203394965,1.4429545472581542,1.4029037857118092,83,0.8691208121238947,1.7765139940149461,83,0.017849065776722517,1.0895122010305136,1,183,2026-04-01T00:00:00.000Z,2026-09-30T23:55:00.000Z
sr35,CCUSDT,4h,sr25_pdh_fvg_mss,SR25 PDH/PDL Sweep + FVG/MSS,sr25-v1,3,3,6,3,67,0.47761194029850745,2.9293404893696176,1.8904288856213256,1.8714050617631774,0.21889622840390732,0.017356599577109156,2.1228169802867467,2.11223790046576,1.4172796401798204,1.4013293611257778,33,0.6176428953691433,2.723547267500508,34,0.7868151826931722,3.143429042595152,1,183,2026-04-01T00:00:00.000Z,2026-09-30T20:00:00.000Z
algo9,WLDUSDT,5m,tott,Twin Optimized Trend Tracker,kivanc-core-v1,3,3,6,4,109,0.43119266055045874,1.4869483846224356,1.5244067880558463,1.4971712185919244,0.514650039691811,0.012606580554906117,1.0024496016555764,0.9927772114233508,1.4273488664262732,1.4004347984146097,55,1.1978533140611196,1.7457762034411624,54,0.14857837504693672,1.2477057173049177,1,183,2026-04-01T00:00:00.000Z,2026-09-30T23:55:00.000Z
sr35,CELOUSDT,1h,sr_liquidity_sweep,SR Liquidity Sweep + Reclaim,sr-v1,3,3,6,6,102,0.6862745098039216,2.133802398501944,1.9496010401444548,1.9199515937666818,0.23308964113835062,0.011639920167623146,0.5071562625291615,0.5001418176397747,1.4232393975428406,1.3990725232970016,51,0.9435584528084091,2.5733706979658453,51,0.5176291898411032,1.8020759162030913,1,183,2026-04-01T00:00:00.000Z,2026-09-30T23:00:00.000Z
sr35,CELOUSDT,1h,sr25_liquidity_sweep_reclaim,SR25 Liquidity Sweep + Reclaim,sr25-v1,3,3,6,6,102,0.6862745098039216,2.133802398501944,1.9496010401444548,1.9199515937666818,0.23308964113835062,0.011639920167623146,0.5071562625291615,0.5001418176397747,1.4232393975428406,1.3990725232970016,51,0.9435584528084091,2.5733706979658453,51,0.5176291898411032,1.8020759162030913,1,183,2026-04-01T00:00:00.000Z,2026-09-30T23:00:00.000Z
sweep20,CELOUSDT,1h,swp_range24_reclaim,Sweep Range-24 Reclaim,sweep-v1,3,3,6,6,102,0.6862745098039216,2.133802398501944,1.9496010401444548,1.9199515937666818,0.23308964113835062,0.011639920167623146,0.5071562625291615,0.5001418176397747,1.4232393975428406,1.3990725232970016,51,0.9435584528084091,2.5733706979658453,51,0.5176291898411032,1.8020759162030913,1,183,2026-04-01T00:00:00.000Z,2026-09-30T23:00:00.000Z
sr35,KAVAUSDT,5m,sr25_liquidity_absorption,SR25 Liquidity Sweep + Volume Absorption,sr25-v1,3,3,6,4,509,0.6168958742632613,1.4908704399636759,1.5091434004297057,1.384820869920766,0.24682115403609994,0.0019431830822871866,1.2235356524147427,1.1521650781918327,1.5213699038615078,1.396442646096974,254,0.784132444663034,1.6240909263029342,255,0.40636610691960695,1.3636528661956733,1,183,2026-04-01T00:00:00.000Z,2026-09-30T23:55:00.000Z
sr35,PEOPLEUSDT,15m,sr25_impulse_ob_retest,SR25 Impulse Order Block Retest,sr25-v1,3,3,6,4,133,0.518796992481203,1.7304074960146238,1.8630382238269934,1.8254580156168347,0.4340122700223419,0.009271153195551034,1.4982755918049913,1.4815482744307302,1.4242910894682952,1.3926697703844142,67,1.0189968459012166,1.8309972123174532,66,0.41804987444099617,1.5828152239198239,1,183,2026-04-01T00:00:00.000Z,2026-09-30T23:45:00.000Z
visual28,KMNOUSDT,1h,vis_squeeze_momentum,Squeeze Momentum — Derived Adapter,visual-derived-v1,3,3,6,5,215,0.40930232558139534,1.4217443585367735,1.275128736492829,1.2268639916821074,0.3180543278103415,0.005016626777640848,1.1358932604470455,1.1190060094677978,1.4421831088779395,1.391109846708471,107,1.3843656505567217,1.8425593393561799,108,-0.04581382643152532,1.020310490852224,1,183,2026-04-01T00:00:00.000Z,2026-09-30T23:00:00.000Z
sr35,WLFIUSDT,15m,sr_range_edge,SR Range Edge Rejection,sr-v1,3,3,6,5,219,0.726027397260274,1.6436620942053852,1.3377061337185898,1.2872292358452588,0.4748485224579986,0.004427756649922898,0.6918908162067943,0.6734636948295927,1.4416007763430514,1.3896079215243606,110,0.1358975384115173,1.194666865445618,109,1.0580255301791808,2.4085564278270626,1,183,2026-04-01T00:00:00.000Z,2026-09-30T23:45:00.000Z
visual28,CFXUSDT,15m,vis_bb_mean_reversion,Bollinger Mean Reversion — Derived Adapter,visual-derived-v1,3,3,6,4,276,0.6557971014492754,1.4504286665451753,1.387097773757715,1.3222898838060564,0.23856199975426018,0.003522485189491666,0.5322189393292422,0.5114286256807601,1.4545871182360828,1.386759939751642,138,0.5559309905001437,1.4598377719341094,138,0.5341925755912871,1.4412160148951056,1,183,2026-04-01T00:00:00.000Z,2026-09-30T23:45:00.000Z
sr35,CRVUSDT,1m,sr25_camarilla_h3_l3,SR25 Camarilla H3/L3 Mean Reversion,sr25-v1,3,3,6,4,170,0.6764705882352942,1.4118424519413006,0.90279994680429,0.8708066011575235,0.33538810179218614,0.005024184225712118,1.8077841602959843,1.783434351157688,1.4197983932016336,1.3791729215549675,85,0.869278246974694,1.770554026805155,85,0.017932964171516907,1.0869607262107421,1,183,2026-04-01T00:00:00.000Z,2026-09-30T23:59:00.000Z
sr35,UNIUSDT,1h,sr25_role_reversal_flip,SR25 S/R Role-Reversal Level Flip,sr25-v1,3,3,6,3,78,0.3974358974358974,1.9493776740096675,1.8330435799510894,1.8112630209220986,0.1696851485539005,0.016440861925666794,1.1152535958517085,1.1065188317503378,1.3943461116245475,1.375668990829932,39,1.7863124293193025,2.8806439552851795,39,0.01677168365616688,1.0880178286846154,1,183,2026-04-01T00:00:00.000Z,2026-09-30T23:00:00.000Z
sweep20,WLFIUSDT,15m,swp_volume_absorption,Sweep + Volume Absorption,sweep-v1,3,3,6,5,239,0.694560669456067,1.551406124628127,1.2391415954635976,1.1864061514886481,0.31362394451618525,0.0038960098461176093,0.3615363842104726,0.34304608063200837,1.4202485112247687,1.3627980374356081,120,0.11054624364741827,1.170903632955019,119,1.01625245978905,2.1755801065115783,1,183,2026-04-01T00:00:00.000Z,2026-09-30T23:45:00.000Z
sr35,ROSEUSDT,5m,sr_range_edge,SR Range Edge Rejection,sr-v1,3,3,6,4,654,0.6574923547400612,1.2828688062106905,1.5742828655486445,1.4115011374031958,0.3015080955764804,0.001637444488523816,1.7474944922325903,1.6593521046022364,1.514296248788415,1.3560090958714714,327,0.4958885528822772,1.2428324799522394,327,0.7209055183880622,1.3235303663141307,1,183,2026-04-01T00:00:00.000Z,2026-09-30T23:55:00.000Z
sweep20,1000SHIBUSDT,1h,swp_rsi_exhaustion,Sweep + RSI Exhaustion,sweep-v1,3,3,6,5,80,0.8125,2.2938128304840597,1.7272850456465911,1.7058023776547575,0.2554071435624402,0.013532981825567966,0.6173517181642061,0.6112883240915143,1.3722972547939452,1.353814817436847,40,0.6326595729999624,2.3197590587330024,40,0.6704554279097437,2.2699438054537717,1,183,2026-04-01T00:00:00.000Z,2026-09-30T23:00:00.000Z
sweep20,PYTHUSDT,15m,swp_wick_sfp,Sweep + Wick Rejection,sweep-v1,3,3,6,3,265,0.6415094339622641,1.3650401960007217,1.6491690289337932,1.5800807531640912,0.4163387252505194,0.004467118529578216,2.2877839531826076,2.2424240283405776,1.4123574719517258,1.34965795099095,133,1.2824173170438513,1.622827198578014,132,0.16068565075774965,1.1422315654750879,1,183,2026-04-01T00:00:00.000Z,2026-09-30T23:45:00.000Z
sweep20,PEOPLEUSDT,15m,swp_mss_confirm,Sweep + Micro Structure Shift,sweep-v1,3,3,6,4,245,0.6489795918367347,1.4158255321064828,1.351575121217241,1.2948046809235998,0.33068209174844776,0.004330573033235035,0.4798135500995333,0.459714024663036,1.406070439339679,1.3479896423898898,123,0.8732021255967455,1.660683175918775,122,0.2553771368736313,1.2366629214857274,1,183,2026-04-01T00:00:00.000Z,2026-09-30T23:45:00.000Z
fib9,BROCCOLI714USDT,1h,fib_golden_pocket,Fibonacci Golden Pocket 0.618-0.670,fib-ew-causal-v1,3,3,6,3,124,0.6048387096774194,1.9287543548727786,1.456616296663391,1.426537591646405,0.2260112758806463,0.007958056468726235,1.0385220562342723,1.0266619657627594,1.3748558973868943,1.346944201937891,64,1.1435711240151236,2.8594369864372644,60,0.14603908829575096,1.2879112233188221,1,183,2026-04-01T00:00:00.000Z,2026-09-30T23:00:00.000Z
fib9,BROCCOLI714USDT,1h,fib_retrace_618,Fibonacci Retracement 0.618 Reclaim,fib-ew-causal-v1,3,3,6,3,124,0.6048387096774194,1.9287543548727786,1.456616296663391,1.426537591646405,0.2260112758806463,0.007958056468726235,1.0385220562342723,1.0266619657627594,1.3748558973868943,1.346944201937891,64,1.1435711240151236,2.8594369864372644,60,0.14603908829575096,1.2879112233188221,1,183,2026-04-01T00:00:00.000Z,2026-09-30T23:00:00.000Z
sr35,ZENUSDT,15m,sr25_liquidity_absorption,SR25 Liquidity Sweep + Volume Absorption,sr25-v1,3,3,6,5,204,0.6764705882352942,1.4485760299982413,1.2005613706537144,1.1562397656529826,0.35290145531095973,0.00496785023937186,0.9054760625467078,0.8835974719748929,1.3884823550110905,1.3396943755920439,102,0.6805553856219566,1.6723692311000646,102,0.30942508023281334,1.2976194802594014,1,183,2026-04-01T00:00:00.000Z,2026-09-30T23:45:00.000Z
sr35,MONUSDT,5m,sr_wick_rejection,SR Wick Rejection,sr-v1,3,3,6,4,513,0.621832358674464,1.250398548071206,1.4970842050855762,1.3723759500252481,0.30048795378516724,0.002179339128240099,0.7650733292056826,0.7212281286465971,1.4538522955266422,1.331998786142226,256,0.7751711514908999,1.3041029296391573,257,0.40667236676777274,1.1966060475827363,1,183,2026-04-01T00:00:00.000Z,2026-09-30T23:55:00.000Z
sweep20,BIOUSDT,15m,swp_asia_range,Asia Range Sweep,sweep-v1,3,3,6,5,126,0.6507936507936508,1.5558563306521336,1.2459739377274537,1.2179054823585442,0.5141089119935984,0.010541344214975438,0.2820739549655067,0.2744273543059621,1.3616203947935537,1.3314289008952285,63,1.0332136358177304,1.7747946485947883,63,0.1046423741025877,1.2997351613515349,1,183,2026-04-01T00:00:00.000Z,2026-09-30T23:45:00.000Z
sr35,MEWUSDT,4h,sr_prior_day_sweep,SR Prior-Day High/Low Sweep,sr-v1,3,3,6,4,67,0.582089552238806,1.5033235833932113,0.5653296371632184,0.5549227194856536,0.3471524457542787,0.008901816193222521,0.6879342886875031,0.6822826113016736,1.3451022290744272,1.3305492550774636,34,0.19480539284262877,1.3676165698422365,33,0.31011263134580913,1.8040962028881902,1,183,2026-04-01T00:00:00.000Z,2026-09-30T20:00:00.000Z
sr35,MEWUSDT,4h,sr25_previous_day_sweep,SR25 Previous-Day High/Low Sweep,sr25-v1,3,3,6,4,67,0.582089552238806,1.5033235833932113,0.5653296371632184,0.5549227194856536,0.3471524457542787,0.008901816193222521,0.6879342886875031,0.6822826113016736,1.3451022290744272,1.3305492550774636,34,0.19480539284262877,1.3676165698422365,33,0.31011263134580913,1.8040962028881902,1,183,2026-04-01T00:00:00.000Z,2026-09-30T20:00:00.000Z
sweep20,MEWUSDT,4h,swp_prior_day,Previous-Day High/Low Sweep,sweep-v1,3,3,6,4,67,0.582089552238806,1.5033235833932113,0.5653296371632184,0.5549227194856536,0.3471524457542787,0.008901816193222521,0.6879342886875031,0.6822826113016736,1.3451022290744272,1.3305492550774636,34,0.19480539284262877,1.3676165698422365,33,0.31011263134580913,1.8040962028881902,1,183,2026-04-01T00:00:00.000Z,2026-09-30T20:00:00.000Z
sweep20,BROCCOLI714USDT,1m,swp_ema50_filter,Sweep + EMA50 Direction Filter,sweep-v1,3,3,6,3,277,0.4404332129963899,1.3380783978831459,1.4632977281922823,1.3961380746489302,0.6396685657245845,0.004477989604056366,3.131312092318675,3.070715296315104,1.39426586906687,1.3287488757226806,138,1.3300549988213626,1.5761409840230796,139,0.05718437094331241,1.0894625149974506,1,183,2026-04-01T00:00:00.000Z,2026-09-30T23:59:00.000Z
sweep20,WLFIUSDT,1m,swp_asia_range,Asia Range Sweep,sweep-v1,3,3,6,4,140,0.7714285714285715,1.871784699588157,1.3763816761406233,1.3435165421857325,0.4473037254311274,0.006991033980057769,1.176023949551316,1.1594941386342987,1.359562179324413,1.326467978866536,70,0.1408798520117065,1.2667853054643972,70,1.082937718595312,3.101255823488476,1,183,2026-04-01T00:00:00.000Z,2026-09-30T23:59:00.000Z
sr35,ZROUSDT,5m,sr25_supply_demand_retest,SR25 RBD/DBR Supply-Demand Retest,sr25-v1,3,3,6,4,235,0.48936170212765956,1.357327483611099,1.3266020283893911,1.2726993059831768,0.3917738000417872,0.004622741654752232,0.6892030994293281,0.6684522832313278,1.3796251167732838,1.3242668716718007,118,0.46093124665897056,1.3159290877536438,117,0.5925472425277614,1.4006872816043976,1,183,2026-04-01T00:00:00.000Z,2026-09-30T23:55:00.000Z
sr35,WLFIUSDT,1m,sr25_poc_mean_reversion,SR25 Volume Profile POC Mean Reversion,sr25-v1,3,3,6,4,993,0.8046324269889225,1.4878209483005702,1.5797110990518668,1.3360427739926752,0.3554165958572193,0.001038718984912407,0.7143938280784641,0.6170591333187343,1.5556596367926216,1.323072425443533,497,0.1932210115929769,1.1879600466566214,496,1.1619725717098306,1.8856229426134212,1,183,2026-04-01T00:00:00.000Z,2026-09-30T23:59:00.000Z
visual28,GUSDT,5m,vis_nadaraya_watson,Nadaraya-Watson Envelope — Causal Derived Adapter,visual-derived-v1,3,3,6,6,594,0.622895622895623,1.302037443021215,1.4073129435710503,1.268608773709214,0.36119467519758686,0.0019966603092627377,0.6795060772385966,0.6307323718089253,1.4594525481290277,1.3182122045525984,297,0.7174020522257407,1.3484820866077403,297,0.4017177517932933,1.259472414666083,1,183,2026-04-01T00:00:00.000Z,2026-09-30T23:55:00.000Z
sweep20,4USDT,5m,swp_atr_expansion,Sweep + ATR Expansion,sweep-v1,3,3,6,4,814,0.6216216216216216,1.1807696142330903,1.650966312840099,1.443733366298083,0.5715778004709404,0.002267727922802931,2.126895011884516,2.0011509260366407,1.5147708439391132,1.3179391388816275,407,1.023629517949955,1.2270600075621079,407,0.3100057541785959,1.1300871472203855,1,183,2026-04-01T00:00:00.000Z,2026-09-30T23:55:00.000Z
sweep20,NOMUSDT,1h,swp_failed_breakout,Two-Bar Failed Breakout Sweep,sweep-v1,3,3,6,4,67,0.5970149253731343,1.85404636592171,1.4952328448020773,1.478660428249873,0.5343640251114687,0.022158263169246052,0.601727247548177,0.596035254249228,1.3302845748957837,1.31478958276481,33,-0.24748896491280326,0.9508216875633319,34,2.3158754203690104,3.2974211252776002,1,183,2026-04-01T00:00:00.000Z,2026-09-30T23:00:00.000Z
sweep20,GUSDT,5m,swp_range96_reclaim,Sweep Range-96 Reclaim,sweep-v1,3,3,6,5,323,0.6873065015479877,1.3857899536866956,1.3524415973044008,1.2778141203365863,0.4314902106216505,0.0033237928189422533,1.8003623945713803,1.7536802491899688,1.3891476339817652,1.3128958033490439,162,0.7028093535564828,1.4674515242850885,161,0.38150615181382075,1.3002231021432853,1,183,2026-04-01T00:00:00.000Z,2026-09-30T23:55:00.000Z
sweep20,ACEUSDT,1h,swp_pivot_sfp_body,Pivot SFP + Body Confirmation,sweep-v1,3,3,6,4,129,0.5581395348837209,1.703400348859012,1.5447587898609396,1.5121808913299608,0.5845276217709888,0.014067941112837743,2.523899155107795,2.5023135044499116,1.339453392423939,1.3087906096519037,64,1.0082614138282504,1.9156535721964059,65,0.2671451895348578,1.412387528589837,1,183,2026-04-01T00:00:00.000Z,2026-09-30T23:00:00.000Z
sweep20,BANKUSDT,5m,swp_failed_breakout,Two-Bar Failed Breakout Sweep,sweep-v1,3,3,6,3,922,0.6399132321041214,1.2443118276365728,1.5719499651861164,1.345143390143443,0.797351665072232,0.0028962754381905613,7.345473952647756,6.963600251728569,1.5305194081318914,1.3071321214403135,461,0.45880865137305094,1.248709044472857,461,0.7630481987924618,1.239935139474236,1,183,2026-04-01T00:00:00.000Z,2026-09-30T23:55:00.000Z
sr35,SOLUSDT,1h,sr25_breakout_retest,SR25 Breakout + Retest,sr25-v1,3,3,6,5,74,0.47297297297297297,2.4980266742975026,1.491977680876916,1.4738061064215233,0.12994576721381312,0.013793456352554146,0.4819613742023543,0.4766866226720077,1.3225135557330217,1.3055633070103658,37,0.9463317885485443,3.2748106158553147,37,0.28034577431183005,1.8103702734374088,1,183,2026-04-01T00:00:00.000Z,2026-09-30T23:00:00.000Z
sr35,SUSHIUSDT,15m,sr25_value_area_80,SR25 Value-Area Edge / 80% Rule,sr25-v1,3,3,6,4,127,0.7007874015748031,1.560576552918798,1.011902918304925,0.986616839658216,0.3038590255266841,0.0067745576903788934,0.8541819688112966,0.8422649313339696,1.330088241860703,1.301067762495527,63,0.68011342202371,1.8203831581593546,64,0.1974804152695655,1.323489726004478,1,183,2026-04-01T00:00:00.000Z,2026-09-30T23:45:00.000Z
sr35,SAGAUSDT,15m,sr_range_edge,SR Range Edge Rejection,sr-v1,3,3,6,4,212,0.6415094339622641,1.529331228435183,1.416524196760296,1.3658043276810288,0.8019415216389613,0.009156878786500924,4.643931350678454,4.585679874663328,1.3468084672769383,1.2980047131212338,106,0.4504200405810428,1.3567940645907264,106,0.6660857745679185,1.7193364464574508,1,183,2026-04-01T00:00:00.000Z,2026-09-30T23:45:00.000Z
sr35,AEROUSDT,15m,sr25_trendline_breakout,SR25 Multi-Touch Trendline Breakout,sr25-v1,3,3,6,4,74,0.44594594594594594,1.6675169499945353,1.2652319314948204,1.2486630759253585,0.37797863043730107,0.014287367047843285,1.694418553051046,1.684170218119779,1.297841954776188,1.2803570262362816,37,1.45129371968196,2.5925519178591863,37,-0.07590350625598652,1.0251672853360343,1,183,2026-04-01T00:00:00.000Z,2026-09-30T23:45:00.000Z
sweep20,MMTUSDT,1h,swp_failed_breakout,Two-Bar Failed Breakout Sweep,sweep-v1,3,3,6,4,72,0.6944444444444444,1.4043266377872596,0.7288724177811998,0.7165149852476711,0.4152878450090943,0.0112976471690066,2.133835736060527,2.120388288271772,1.29529833950415,1.277825045132563,36,0.7602056329903499,1.7371067363820938,36,-0.01780088338651653,1.0872346240233355,1,183,2026-04-01T00:00:00.000Z,2026-09-30T23:00:00.000Z
sr35,COMPUSDT,1m,sr25_camarilla_h3_l3,SR25 Camarilla H3/L3 Mean Reversion,sr25-v1,3,3,6,6,192,0.7395833333333334,1.5759718430312013,1.4036111250475813,1.3580785213584843,0.17187244094488174,0.005166714521122399,0.33127458262761555,0.31687486641118,1.3129954946412812,1.2698521658853235,96,0.9017068925305716,2.0561554068601033,96,0.26392302330520256,1.2908846784244097,1,183,2026-04-01T00:00:00.000Z,2026-09-30T23:59:00.000Z
sr35,LITUSDT,1h,sr25_value_area_80,SR25 Value-Area Edge / 80% Rule,sr25-v1,3,3,6,4,108,0.6111111111111112,1.6703780670364414,1.835303182447491,1.8050649255325752,0.5095329495592329,0.011995367744543187,1.5780012047181753,1.5638161741470302,1.2933610118347092,1.2697648948853608,54,2.5145150595206682,3.1524182400051304,54,-0.19325906008944882,0.9375048693898871,1,183,2026-04-01T00:00:00.000Z,2026-09-30T23:00:00.000Z
sr35,EIGENUSDT,1h,sr25_poc_mean_reversion,SR25 Volume Profile POC Mean Reversion,sr25-v1,3,3,6,5,131,0.6946564885496184,1.461935311085894,1.5459534779832138,1.5129773891145222,0.6124101104046233,0.009296947235435723,1.173110469288127,1.1600397585500364,1.287476481287579,1.258275537891496,66,0.9443777962713431,1.5924757952397572,65,0.30939238396236113,1.3094182142331678,1,183,2026-04-01T00:00:00.000Z,2026-09-30T23:00:00.000Z
sweep20,ICPUSDT,15m,swp_wick_sfp,Sweep + Wick Rejection,sweep-v1,3,3,6,4,256,0.6875,1.3814647226664154,1.1667484798549577,1.1121061455922794,0.5122254689982747,0.0037004655183266472,1.6901168392513886,1.6548222094119733,1.3169756901585865,1.2581089407747026,128,0.7606474483673682,1.5793737976340336,128,0.2306543719835361,1.2258567430561,1,183,2026-04-01T00:00:00.000Z,2026-09-30T23:45:00.000Z
fib9,FLOCKUSDT,1h,fib_golden_pocket,Fibonacci Golden Pocket 0.618-0.670,fib-ew-causal-v1,3,3,6,4,132,0.49242424242424243,1.7347496475939286,1.3846032338259127,1.3535033524401157,0.25095176957622856,0.007732138463142443,1.202560444427347,1.1888772437906208,1.2868373178206753,1.2579063350585926,79,0.9321768819925349,1.8688212147372207,53,0.2341536926820167,1.4919260587842271,1,183,2026-04-01T00:00:00.000Z,2026-09-30T23:00:00.000Z
fib9,FLOCKUSDT,1h,fib_retrace_618,Fibonacci Retracement 0.618 Reclaim,fib-ew-causal-v1,3,3,6,4,132,0.49242424242424243,1.7347496475939286,1.3846032338259127,1.3535033524401157,0.25095176957622856,0.007732138463142443,1.202560444427347,1.1888772437906208,1.2868373178206753,1.2579063350585926,79,0.9321768819925349,1.8688212147372207,53,0.2341536926820167,1.4919260587842271,1,183,2026-04-01T00:00:00.000Z,2026-09-30T23:00:00.000Z
visual28,KITEUSDT,15m,vis_golden_cross_50_200,Golden Cross SMA50/200 — Derived Adapter,visual-derived-v1,3,3,6,5,95,0.37894736842105264,1.7196341868287466,1.6481981144899227,1.6233551193866225,0.24263924131141346,0.012892672564942639,0.44376845682503974,0.43775959303195755,1.270249222632276,1.2500457426887337,48,0.6090200773882628,1.7424201105327226,47,0.6458452891330226,1.7021761199935725,1,183,2026-04-01T00:00:00.000Z,2026-09-30T23:45:00.000Z
fib9,KAITOUSDT,1h,fib_retrace_382,Fibonacci Retracement 0.382 Reclaim,fib-ew-causal-v1,3,3,6,5,166,0.4939759036144578,1.6952814006769197,1.5329138560919944,1.4914153744673873,0.19476010209739936,0.006334170186633618,0.9290296942730045,0.9145347609627721,1.286289277386131,1.2497094489664753,84,0.5558569493248071,1.6083426379986725,82,0.6279863371701346,1.7981287818544034,1,183,2026-04-01T00:00:00.000Z,2026-09-30T23:00:00.000Z
sr35,FLOCKUSDT,1h,sr25_donchian_breakout,SR25 Donchian Dynamic S/R Breakout,sr25-v1,3,3,6,4,80,0.425,1.47017396474417,0.7508946816046496,0.7369818463608995,0.3544133974963225,0.011828564800606298,1.1496055935019993,1.1409300368447126,1.2659220074115578,1.2479776794748125,40,0.5120804328368662,1.6691275235784793,40,0.1579375300292294,1.2767864387921244,1,183,2026-04-01T00:00:00.000Z,2026-09-30T23:00:00.000Z
visual28,WLFIUSDT,5m,vis_rsi_entries,RSI Signals Entries — Derived Adapter,visual-derived-v1,3,3,6,4,366,0.6912568306010929,1.3992338566975577,1.2756131658992196,1.1939828387273956,0.44870067928161295,0.0025455033808211877,1.2943252126304214,1.2477236262775349,1.3211278767765369,1.2374217678906256,183,0.11922033726080228,1.1334850502189524,183,1.0332128448171245,1.7571378219029503,1,183,2026-04-01T00:00:00.000Z,2026-09-30T23:55:00.000Z
visual28,MYXUSDT,1m,vis_macd_stoch,MACD + Stochastic — Derived Adapter,visual-derived-v1,3,3,6,4,510,0.6019607843137255,1.198954233265994,1.1482326440751844,1.0414399036353545,0.6338770595144683,0.002730795203446813,1.522232614712106,1.4554664332076142,1.35088078859409,1.2333644727095012,255,-0.12302054344781421,1.0551616457451367,255,1.449581490222002,1.394052137741484,1,183,2026-04-01T00:00:00.000Z,2026-09-30T23:59:00.000Z
sr35,SNXUSDT,5m,sr25_pdh_fvg_mss,SR25 PDH/PDL Sweep + FVG/MSS,sr25-v1,3,3,6,6,79,0.7341772151898734,2.071987369686267,1.1958560445412885,1.1787276679619922,0.2762054728760427,0.011044901328033978,0.4835244020290328,0.4773604894070409,1.250248601521382,1.2322621923411572,39,0.4049695876476318,1.760459904408008,40,0.5629206951147272,2.6512986047290554,1,183,2026-04-01T00:00:00.000Z,2026-09-30T23:55:00.000Z
sweep20,1INCHUSDT,15m,swp_pivot_sfp_body,Pivot SFP + Body Confirmation,sweep-v1,3,3,6,6,426,0.5305164319248826,1.4626188485799891,1.176893325998544,1.0862494670005378,0.20710436300253499,0.0019814128743814337,0.7129114727628787,0.6641983526782873,1.3287968610198733,1.2316196060231994,213,0.5508373943210008,1.4910004143133395,213,0.4036889579591598,1.430429530472703,1,183,2026-04-01T00:00:00.000Z,2026-09-30T23:45:00.000Z
sweep20,UBUSDT,1h,swp_atr_expansion,Sweep + ATR Expansion,sweep-v1,3,3,6,3,67,0.6716417910447762,1.564693473515187,0.08284550360720178,0.0752980086226318,0.9361473317243351,0.027585566547953518,2.84327519516663,2.827978661567794,1.2453485804821245,1.2297443246826587,34,1.6408555988234412,2.4947771035049797,33,-0.5899641373463841,1.2422139237334369,1,183,2026-04-01T00:00:00.000Z,2026-09-30T23:00:00.000Z
visual28,AUSDT,5m,vis_bollinger_rsi_double,Bollinger + RSI Double — Derived Adapter,visual-derived-v1,3,3,6,4,341,0.6422287390029325,1.3919489161575354,1.4610642318464273,1.378742312987535,0.29947434903226444,0.0029355489482440437,1.0678916061608827,1.0305269016280127,1.3072466997160044,1.229609434716437,170,0.7774594175042042,1.5413280793672357,171,0.3845965807208669,1.272827133211278,1,183,2026-04-01T00:00:00.000Z,2026-09-30T23:55:00.000Z
sweep20,PROMUSDT,1m,swp_opening_range,UTC Opening-Range Sweep,sweep-v1,3,3,6,5,436,0.7660550458715596,1.3404392838485362,1.8306449364605943,1.7099507873298472,0.4807036286526042,0.003953309367380153,1.5052850470247914,1.4523586373782273,1.317563166321516,1.2178100633322018,218,3.315020566094913,1.8838063383859645,218,-0.3440019825856072,0.9825566137138667,1,183,2026-04-01T00:00:00.000Z,2026-09-30T23:59:00.000Z
visual28,USELESSUSDT,15m,vis_macd_sma200,MACD + SMA200 — Derived Adapter,visual-derived-v1,3,3,6,4,135,0.31851851851851853,2.016816254169949,3.9032772912553986,3.837801961854181,0.44201291298201784,0.025400084182563284,2.7166740629434827,2.6951554379436193,1.246975165951607,1.2171216485081477,68,4.9164729483047696,3.0141052579284255,67,-0.17124994331963883,1.0026807470717713,1,183,2026-04-01T00:00:00.000Z,2026-09-30T23:45:00.000Z
sweep20,BOMEUSDT,15m,swp_wick_sfp,Sweep + Wick Rejection,sweep-v1,3,3,6,4,264,0.6363636363636364,1.3290983874844453,1.2877084217166526,1.2282215109586376,0.5003529384678735,0.004193907502464537,2.026398487809927,1.987289796448099,1.275703665666427,1.216527928817499,132,1.4057493679293382,1.688977675648263,132,-0.04906618610661351,1.052094194352559,1,183,2026-04-01T00:00:00.000Z,2026-09-30T23:45:00.000Z
algo9,SUSDT,1h,mavilimw,MavilimW,kivanc-core-v1,3,3,6,5,91,0.38461538461538464,2.130089517440703,2.445068877369487,2.4141748945867816,0.4104334718345931,0.01780286912941222,0.7598191660178977,0.7532223770807995,1.2299321227566606,1.2120618135265668,46,0.8442097651457106,2.282472510306775,45,0.8680461097641434,2.018875797898026,1,183,2026-04-01T00:00:00.000Z,2026-09-30T23:00:00.000Z
sr35,CRVUSDT,15m,sr25_camarilla_h3_l3,SR25 Camarilla H3/L3 Mean Reversion,sr25-v1,3,3,6,4,162,0.6419753086419753,1.3877045521861686,0.7789244450610822,0.7504017754721386,0.26559466530105336,0.00487109089545193,1.5058455592937818,1.4845830162541316,1.2479432296036137,1.2119556644077725,81,0.8116225085925524,1.7564372496512717,81,-0.018049049057616395,1.0527890094574295,1,183,2026-04-01T00:00:00.000Z,2026-09-30T23:45:00.000Z
visual28,JTOUSDT,15m,vis_auto_range_breakout,Auto Range Detector Breakout — Derived Adapter,visual-derived-v1,3,3,6,4,231,0.42424242424242425,1.341873788619931,1.5233055712586236,1.4658261021750758,0.4236480611254586,0.005618965657758103,1.6916473588738894,1.664825920536079,1.2543531077601782,1.202754268752154,115,1.2159366554737852,1.589299640959797,116,0.13870834936801324,1.1301521026207613,1,183,2026-04-01T00:00:00.000Z,2026-09-30T23:45:00.000Z
sweep20,MOODENGUSDT,15m,swp_compression_reclaim,Compression Sweep + Reclaim,sweep-v1,3,3,6,4,168,0.6130952380952381,1.5080856248781005,1.3151249833463887,1.2767133964476698,0.364981280479448,0.005845245195335384,2.032174044800637,2.0041136645749957,1.235205295867385,1.1974531979953604,84,0.5057675388548244,1.487021927070905,84,0.5375049093614421,1.531029992048568,1,183,2026-04-01T00:00:00.000Z,2026-09-30T23:45:00.000Z
sr35,PNUTUSDT,15m,sr_liquidity_sweep,SR Liquidity Sweep + Reclaim,sr-v1,3,3,6,4,426,0.6596244131455399,1.2925503037878565,1.3123301105096457,1.2160344423074063,0.3352290280689345,0.002380739616269683,0.5485760057507176,0.5155386953000489,1.283715323917927,1.1890464158698406,213,0.75688502920466,1.4166217935771717,213,0.3161533464466002,1.1961392309647383,1,183,2026-04-01T00:00:00.000Z,2026-09-30T23:45:00.000Z
sr35,PNUTUSDT,15m,sr25_liquidity_sweep_reclaim,SR25 Liquidity Sweep + Reclaim,sr25-v1,3,3,6,4,426,0.6596244131455399,1.2925503037878565,1.3123301105096457,1.2160344423074063,0.3352290280689345,0.002380739616269683,0.5485760057507176,0.5155386953000489,1.283715323917927,1.1890464158698406,213,0.75688502920466,1.4166217935771717,213,0.3161533464466002,1.1961392309647383,1,183,2026-04-01T00:00:00.000Z,2026-09-30T23:45:00.000Z
sweep20,PNUTUSDT,15m,swp_range24_reclaim,Sweep Range-24 Reclaim,sweep-v1,3,3,6,4,426,0.6596244131455399,1.2925503037878565,1.3123301105096457,1.2160344423074063,0.3352290280689345,0.002380739616269683,0.5485760057507176,0.5155386953000489,1.283715323917927,1.1890464158698406,213,0.75688502920466,1.4166217935771717,213,0.3161533464466002,1.1961392309647383,1,183,2026-04-01T00:00:00.000Z,2026-09-30T23:45:00.000Z
sr35,ALGOUSDT,5m,sr_wick_rejection,SR Wick Rejection,sr-v1,3,3,6,5,542,0.6309963099630996,1.2381728719641738,1.1220723087236113,1.010235405694405,0.25309141429289417,0.0016399330883929914,0.9372640981779641,0.883319717942713,1.3099739581175123,1.1880343969043858,271,0.6184341719396018,1.2961455909387198,271,0.3111885212979839,1.1806846849660368,1,183,2026-04-01T00:00:00.000Z,2026-09-30T23:55:00.000Z
sr35,TRIAUSDT,15m,sr25_lsob,SR25 Liquidity Sweep + Order Block,sr25-v1,3,3,6,5,174,0.5172413793103449,1.3925719418174551,1.0786456116463472,1.042779572832949,0.5579552116176548,0.009161087164242807,1.7169539242592329,1.6957275970086645,1.2265986169398966,1.1875444418949481,87,-0.4313830387511588,0.8892591721375844,87,2.655616615939597,2.0593912025870935,1,183,2026-04-01T00:00:00.000Z,2026-09-30T23:45:00.000Z
sr35,ROSEUSDT,15m,sr25_poc_mean_reversion,SR25 Volume Profile POC Mean Reversion,sr25-v1,3,3,6,4,241,0.7385892116182573,1.4296073378422496,1.297403937335912,1.2428477673062899,0.3063180291083768,0.004043409138503143,1.432924025062813,1.4014577249039935,1.2352798764236503,1.1830660689885217,121,0.41556786194592465,1.3638943009809887,120,0.6229557049831327,1.500884507606544,1,183,2026-04-01T00:00:00.000Z,2026-09-30T23:45:00.000Z
sweep20,USELESSUSDT,5m,swp_opening_range,UTC Opening-Range Sweep,sweep-v1,3,3,6,4,453,0.7527593818984547,1.3169441481117126,1.5391115042698917,1.4265704692123675,0.7086638361756022,0.0045516446546875105,2.1749043351215134,2.104007782160086,1.2714752772362878,1.1705578312579852,227,3.424558417154775,1.7490896203500597,226,-0.42613222272638185,0.9998186283080226,1,183,2026-04-01T00:00:00.000Z,2026-09-30T23:55:00.000Z
sr35,ACEUSDT,5m,sr25_value_area_80,SR25 Value-Area Edge / 80% Rule,sr25-v1,3,3,6,4,115,0.6521739130434783,1.472883265688644,0.9745186529749654,0.9519767030786863,0.3897830129065871,0.009956634853386796,1.5210964746278113,1.5081435091106026,1.1922118083360504,1.1674200075354624,57,0.770052253986159,1.662211190053228,58,0.11551432932465633,1.271912447618323,1,183,2026-04-01T00:00:00.000Z,2026-09-30T23:55:00.000Z
sweep20,LAUSDT,5m,swp_range48_reclaim,Sweep Range-48 Reclaim,sweep-v1,3,3,6,3,584,0.6558219178082192,1.1860934460001546,1.0561655697583374,0.93961349234733,0.6032833383128325,0.001625465889001806,2.383161892307597,2.272374317723645,1.294507455560959,1.1644704139070123,292,-0.12808452926462022,0.9926170133063362,292,1.3582166377024532,1.4344332563362563,1,183,2026-04-01T00:00:00.000Z,2026-09-30T23:55:00.000Z
sr35,LAUSDT,15m,sr25_lsob,SR25 Liquidity Sweep + Order Block,sr25-v1,3,3,6,4,180,0.6,1.5302350717809239,1.8135771344259908,1.7636116012605894,0.2704821151125504,0.00691417721845604,1.275931816703881,1.254795688783588,1.1988821779212753,1.1604289652028847,90,-0.0013388489442841545,1.0711271785543048,90,1.817349139346887,2.1543763913505125,1,183,2026-04-01T00:00:00.000Z,2026-09-30T23:45:00.000Z
sweep20,PYTHUSDT,15m,swp_atr_expansion,Sweep + ATR Expansion,sweep-v1,3,3,6,4,235,0.6127659574468085,1.3538430976592144,1.245037843956219,1.193025512247614,0.3483868185782749,0.004270992517108081,1.0618331910344905,1.0351235298022972,1.209146237732798,1.1579623677701902,117,1.0845263407689405,1.6738091278477027,118,0.07700142715782032,1.112286763413766,1,183,2026-04-01T00:00:00.000Z,2026-09-30T23:45:00.000Z
sweep20,METISUSDT,15m,swp_asia_range,Asia Range Sweep,sweep-v1,3,3,6,5,139,0.6474820143884892,1.54200341583325,1.2747250973965856,1.2434709215630981,0.3815655801805753,0.007068943085958548,0.4662468148429686,0.45679372879247593,1.187836103578603,1.157336089014688,70,0.6330034924007448,1.7540606022991998,69,0.3929701363053546,1.4048695687023978,1,183,2026-04-01T00:00:00.000Z,2026-09-30T23:45:00.000Z
sr35,BABYUSDT,15m,sr_liquidity_sweep,SR Liquidity Sweep + Reclaim,sr-v1,3,3,6,5,367,0.6648501362397821,1.2807929915452418,1.1565703296851786,1.0789442915259064,0.4705551254927266,0.0029922732902074004,0.8090088366127188,0.7759389669769794,1.2345005809547445,1.1540775715987195,184,0.4511563987168188,1.2733730234475455,183,0.48610468974407084,1.2889027374088082,1,183,2026-04-01T00:00:00.000Z,2026-09-30T23:45:00.000Z
sr35,BABYUSDT,15m,sr25_liquidity_sweep_reclaim,SR25 Liquidity Sweep + Reclaim,sr25-v1,3,3,6,5,367,0.6648501362397821,1.2807929915452418,1.1565703296851786,1.0789442915259064,0.4705551254927266,0.0029922732902074004,0.8090088366127188,0.7759389669769794,1.2345005809547445,1.1540775715987195,184,0.4511563987168188,1.2733730234475455,183,0.48610468974407084,1.2889027374088082,1,183,2026-04-01T00:00:00.000Z,2026-09-30T23:45:00.000Z
sweep20,BABYUSDT,15m,swp_range24_reclaim,Sweep Range-24 Reclaim,sweep-v1,3,3,6,5,367,0.6648501362397821,1.2807929915452418,1.1565703296851786,1.0789442915259064,0.4705551254927266,0.0029922732902074004,0.8090088366127188,0.7759389669769794,1.2345005809547445,1.1540775715987195,184,0.4511563987168188,1.2733730234475455,183,0.48610468974407084,1.2889027374088082,1,183,2026-04-01T00:00:00.000Z,2026-09-30T23:45:00.000Z
sr35,METUSDT,1m,sr_prior_day_sweep,SR Prior-Day High/Low Sweep,sr-v1,3,3,6,4,90,0.7222222222222222,1.7248370243939273,1.8791611365494072,1.8535821371378702,0.4395072692317653,0.014769492814706532,2.4554788180400156,2.438966581369354,1.165763980518785,1.1468944494805666,45,1.6695548280353707,2.8156069167433673,45,0.07851732667663391,1.188938327683254,1,183,2026-04-01T00:00:00.000Z,2026-09-30T23:59:00.000Z
sr35,METUSDT,1m,sr25_previous_day_sweep,SR25 Previous-Day High/Low Sweep,sr25-v1,3,3,6,4,90,0.7222222222222222,1.7248370243939273,1.8791611365494072,1.8535821371378702,0.4395072692317653,0.014769492814706532,2.4554788180400156,2.438966581369354,1.165763980518785,1.1468944494805666,45,1.6695548280353707,2.8156069167433673,45,0.07851732667663391,1.188938327683254,1,183,2026-04-01T00:00:00.000Z,2026-09-30T23:59:00.000Z
sweep20,METUSDT,1m,swp_prior_day,Previous-Day High/Low Sweep,sweep-v1,3,3,6,4,90,0.7222222222222222,1.7248370243939273,1.8791611365494072,1.8535821371378702,0.4395072692317653,0.014769492814706532,2.4554788180400156,2.438966581369354,1.165763980518785,1.1468944494805666,45,1.6695548280353707,2.8156069167433673,45,0.07851732667663391,1.188938327683254,1,183,2026-04-01T00:00:00.000Z,2026-09-30T23:59:00.000Z
sr35,MORPHOUSDT,4h,sr25_camarilla_h3_l3,SR25 Camarilla H3/L3 Mean Reversion,sr25-v1,3,3,6,4,120,0.6,1.4462722165441397,0.8271347023328302,0.8054185270713063,0.27897220304665304,0.006387452223093655,0.37896807858701975,0.36952028523347824,1.1689951427458398,1.1428233142781847,60,0.7423300653267946,1.84310713214992,60,0.04867311808117658,1.128845442850189,1,183,2026-04-01T00:00:00.000Z,2026-09-30T20:00:00.000Z
sweep20,FETUSDT,1h,swp_opening_range,UTC Opening-Range Sweep,sweep-v1,3,3,6,4,280,0.5714285714285714,1.3388679778887138,0.9449470183906343,0.8913272113044459,0.45294630729537255,0.003149275923023371,0.739101046946576,0.7160264430476666,1.2017110297262512,1.1416822743585109,140,0.4003351058339235,1.3059969129421711,140,0.38891541766524784,1.3952191115472241,1,183,2026-04-01T00:00:00.000Z,2026-09-30T23:00:00.000Z
sr35,UBUSDT,1h,sr25_poc_mean_reversion,SR25 Volume Profile POC Mean Reversion,sr25-v1,3,3,6,4,127,0.6456692913385826,1.3310213155963355,0.4299115172110084,0.41167686014705795,0.9370249537050254,0.013726828848727795,7.349608453094753,7.294555596586012,1.1664934708315626,1.139013171254653,64,1.9298997071282247,1.7484649600379583,63,-0.5119588859194939,1.0536906558560581,1,183,2026-04-01T00:00:00.000Z,2026-09-30T23:00:00.000Z
sweep20,AUSDT,15m,swp_mss_confirm,Sweep + Micro Structure Shift,sweep-v1,3,3,6,5,266,0.6390977443609023,1.445985722806587,1.1998290548596362,1.1422257843692054,0.22129556869283407,0.003396932848051608,0.3873346525816197,0.3693138958808204,1.193096600790736,1.135455469268102,133,0.6542318067802473,1.64492461131582,133,0.32981910143616977,1.3036942445667394,1,183,2026-04-01T00:00:00.000Z,2026-09-30T23:45:00.000Z
sweep20,RUNEUSDT,4h,swp_opening_range,UTC Opening-Range Sweep,sweep-v1,3,3,6,4,114,0.5263157894736842,1.5038368852899473,0.8609566335928662,0.8399437687263702,0.2834199669270988,0.0070527144055936054,0.8850112103862788,0.8753380367447685,1.1539429246882205,1.1307193642856657,57,0.9837250305553109,2.31663102204878,57,-0.061887809586229525,1.0326425053233659,1,183,2026-04-01T00:00:00.000Z,2026-09-30T20:00:00.000Z
visual28,FORMUSDT,5m,vis_rsi_entries,RSI Signals Entries — Derived Adapter,visual-derived-v1,3,3,6,4,387,0.6873385012919897,1.2692543399106069,1.2415372315186057,1.1565658479792384,0.31143938963635365,0.002668113143504485,1.5114098431720255,1.460149444229026,1.2140155034828872,1.129658359104543,194,0.6705854407017688,1.3533737164442239,193,0.34176748875352114,1.2015131138744428,1,183,2026-04-01T00:00:00.000Z,2026-09-30T23:55:00.000Z
sweep20,EULUSDT,5m,swp_compression_reclaim,Compression Sweep + Reclaim,sweep-v1,3,3,6,5,433,0.6120092378752887,1.269668817706108,1.1815192907870382,1.0891239638179266,0.5892442943555674,0.00302003290908896,1.849533593339153,1.7801910776211938,1.2135554638731838,1.1193819946713628,216,0.8591161295933782,1.3809743314132255,217,0.1734174407190907,1.1820867502804693,1,183,2026-04-01T00:00:00.000Z,2026-09-30T23:55:00.000Z
sweep20,1000LUNCUSDT,15m,swp_range12_reclaim,Sweep Range-12 Reclaim,sweep-v1,3,3,6,5,725,0.6331034482758621,1.2400082700574548,1.4571872596943112,1.2854915009799948,0.3739748216896276,0.0015414962756206108,0.4951428728597884,0.440883120815865,1.275638651922534,1.1168242188722424,362,0.8850879379844445,1.3319892068348438,363,0.3034868083244753,1.1579347842422607,1,183,2026-04-01T00:00:00.000Z,2026-09-30T23:45:00.000Z
algo9,NIGHTUSDT,1h,mavilimw,MavilimW,kivanc-core-v1,3,3,6,3,89,0.39325842696629215,1.5966012065260085,1.0665406178604546,1.04832765273528,0.3242391306045489,0.011423057483145368,1.5624788210116507,1.5529543084903104,1.1316030626866929,1.1153644006594012,45,0.38992887754439876,1.598453018484016,44,0.4867959442007075,1.5946381451400427,1,183,2026-04-01T00:00:00.000Z,2026-09-30T23:00:00.000Z
sweep20,MMTUSDT,5m,swp_opening_range,UTC Opening-Range Sweep,sweep-v1,3,3,6,5,443,0.7584650112866818,1.292151511681397,1.312948596567825,1.2128259765754894,0.3425599939375922,0.002650558462490037,0.8961827573698438,0.8509238927686322,1.2054630616090307,1.109141850051984,222,0.9991345492365178,1.4475959708826163,221,0.15697495071112422,1.159547468616834,1,183,2026-04-01T00:00:00.000Z,2026-09-30T23:55:00.000Z
sweep20,MEGAUSDT,5m,swp_range48_reclaim,Sweep Range-48 Reclaim,sweep-v1,3,3,6,3,603,0.6616915422885572,1.2013750739220908,1.1664043004504636,1.0397106376039464,0.5168432222732045,0.0018348418940252252,2.783667339021062,2.6609300859990253,1.2371099565039718,1.1060777509139084,302,-0.14779196488541402,0.9967530663450307,301,1.5421073390362636,1.46160309893145,1,183,2026-04-01T00:00:00.000Z,2026-09-30T23:55:00.000Z
sr35,BLURUSDT,15m,sr25_camarilla_h3_l3,SR25 Camarilla H3/L3 Mean Reversion,sr25-v1,3,3,6,4,162,0.6975308641975309,1.4892614615168622,1.1937942161655464,1.1586410089534098,0.5639223792833683,0.0066474977369328486,1.9541937769385629,1.9285861877342767,1.1373526149595667,1.104150687717139,81,0.5134906661456202,1.5095197608613726,81,0.4494930594798068,1.4723267305305305,1,183,2026-04-01T00:00:00.000Z,2026-09-30T23:45:00.000Z
sr35,DYDXUSDT,15m,sr25_liquidity_absorption,SR25 Liquidity Sweep + Volume Absorption,sr25-v1,3,3,6,4,176,0.6704545454545454,1.6623983640796083,2.0779503217917683,2.0244978390910418,0.4322967315384131,0.008019437098416106,0.6979689518771803,0.6786302090617604,1.1376131421429223,1.1006315541279377,88,1.0845728831248254,1.9429475052355332,88,0.4765376383376172,1.4758055084971813,1,183,2026-04-01T00:00:00.000Z,2026-09-30T23:45:00.000Z
sweep20,AVNTUSDT,1h,swp_failed_breakout,Two-Bar Failed Breakout Sweep,sweep-v1,3,3,6,4,84,0.6428571428571429,1.647571893500695,1.0153665530369844,0.9986273444548879,0.19705285010646745,0.009525685480824542,0.7110342967506889,0.7039458376862311,1.1160301687664895,1.0980452947581387,42,0.4455472936024414,1.6926976532348121,42,0.39418928869113556,1.6032771676307138,1,183,2026-04-01T00:00:00.000Z,2026-09-30T23:00:00.000Z
sr35,FETUSDT,4h,sr25_swing_anchored_vwap,SR25 Swing-Anchored VWAP Rejection / Flip,sr25-v1,3,3,6,4,215,0.3023255813953488,1.3292745944822144,0.821211503633662,0.7825420003135701,0.31555278560648137,0.0038287104237977737,0.5155438440758364,0.5006594607265566,1.140031509525902,1.0979823622729983,108,0.3186267594456256,1.3112399478100114,107,0.3811425337669725,1.3483246126336554,1,183,2026-04-01T00:00:00.000Z,2026-09-30T20:00:00.000Z
sweep20,ORDIUSDT,15m,swp_asia_range,Asia Range Sweep,sweep-v1,3,3,6,5,125,0.656,1.6153446639536182,1.1240176476087758,1.097659848774275,0.7083188705750282,0.01151918282798891,0.5438495979348543,0.5343657485247266,1.1216349878993364,1.0948886201588923,62,1.0477362379900232,2.182240813706505,63,0.03725157967299042,1.16339709786439,1,183,2026-04-01T00:00:00.000Z,2026-09-30T23:45:00.000Z
visual28,HOMEUSDT,5m,vis_macd_sma200,MACD + SMA200 — Derived Adapter,visual-derived-v1,3,3,6,4,430,0.2534883720930233,1.3190091120332437,1.1398690252597192,1.0497971534767685,0.7350415055391033,0.00393971770076673,3.5719423500843224,3.4841351613055025,1.1828001763134206,1.092385899802673,215,-0.18470577910371389,1.0334810692915795,215,1.6246586452032887,1.5980742272102,1,183,2026-04-01T00:00:00.000Z,2026-09-30T23:55:00.000Z
sweep20,APTUSDT,5m,swp_ema50_filter,Sweep + EMA50 Direction Filter,sweep-v1,3,3,6,4,85,0.4588235294117647,1.697661811853032,1.2125077124246726,1.1939077247469227,0.3252666058189402,0.01210753362697541,1.1261791609061906,1.117821123807282,1.1058218135141535,1.0872752827908703,42,0.38351551132341055,1.565208000419948,43,0.5991925600518098,1.8867115119745759,1,183,2026-04-01T00:00:00.000Z,2026-09-30T23:55:00.000Z
sr35,BANKUSDT,15m,sr_range_edge,SR Range Edge Rejection,sr-v1,3,3,6,4,192,0.609375,1.5533388166978097,1.5835746057882076,1.5340925484335703,0.6752955446726102,0.014631124234798414,2.8208666656631056,2.784391532023227,1.1257428471838722,1.0857841046137633,96,0.23392896064131552,1.4065773815903746,96,1.0937790490349042,1.7112337088850862,1,183,2026-04-01T00:00:00.000Z,2026-09-30T23:45:00.000Z
sweep20,SKYAIUSDT,5m,swp_volume_absorption,Sweep + Volume Absorption,sweep-v1,3,3,6,4,713,0.6437587657784011,1.206315454538504,1.302953641753541,1.1441313230848675,0.8822595388301886,0.0042017669684199154,1.374713638457072,1.2917086414655148,1.236725210621576,1.0820486226044572,356,0.28391228094741594,1.1581541810581386,357,0.7937001428587993,1.2560917321176956,1,183,2026-04-01T00:00:00.000Z,2026-09-30T23:55:00.000Z
sweep20,QNTUSDT,15m,swp_pivot_sfp,Confirmed-Pivot Swing Failure,sweep-v1,3,3,6,4,672,0.5550595238095238,1.3260584896722154,1.173953592894657,1.0327666551956223,0.27159669827889,0.001542789637381797,1.4727909854219758,1.3876646239479014,1.2259511452911487,1.0811840415794851,336,1.9732060417373734,1.906000127777943,336,-0.2688183858175125,0.8743889259316211,1,183,2026-04-01T00:00:00.000Z,2026-09-30T23:45:00.000Z
sweep20,ONEUSDT,15m,swp_opening_range,UTC Opening-Range Sweep,sweep-v1,3,3,6,4,368,0.6413043478260869,1.383152631002958,1.0055463160573774,0.9330622055906337,0.49168061480078307,0.00376387458271958,1.1652367133624093,1.1247025389403311,1.1480795814735187,1.0700432749531794,184,0.4459043958675861,1.3620588571701393,184,0.3870531978388465,1.4074096452269214,1,183,2026-04-01T00:00:00.000Z,2026-09-30T23:45:00.000Z
sweep20,RENDERUSDT,5m,swp_rsi_exhaustion,Sweep + RSI Exhaustion,sweep-v1,3,3,6,4,582,0.6563573883161512,1.2510510218783515,1.3061512878814576,1.1759106455685662,0.28756054567849143,0.001662252591321364,0.7516701633017144,0.7059457809619265,1.1934193904713477,1.0695350727806043,291,0.5761814968494943,1.2698543534343036,291,0.46312546650943687,1.2326158147976198,1,183,2026-04-01T00:00:00.000Z,2026-09-30T23:55:00.000Z
sr35,PROMUSDT,1m,sr25_camarilla_h3_l3,SR25 Camarilla H3/L3 Mean Reversion,sr25-v1,3,3,6,4,188,0.6861702127659575,1.4157739347549987,1.4388841686992273,1.393515549260023,0.579374464935109,0.007945945242053228,2.7865294302526338,2.751853668236212,1.1030100883355956,1.0661365752546574,94,2.98089124981826,2.31852828385875,94,-0.3873522245023475,0.9312399239567569,1,183,2026-04-01T00:00:00.000Z,2026-09-30T23:59:00.000Z
sr35,VVVUSDT,1h,sr25_poc_mean_reversion,SR25 Volume Profile POC Mean Reversion,sr25-v1,3,3,6,5,146,0.6438356164383562,1.4779608459082108,2.0213478516114884,1.977757985334526,0.35305997537193945,0.010277163517581678,0.5681627741512363,0.5564940748015972,1.0938058071790615,1.0647635884276023,73,2.5398141007269412,2.1932495040332802,73,-0.14646708396607067,1.0392455517872912,1,183,2026-04-01T00:00:00.000Z,2026-09-30T23:00:00.000Z
sweep20,KSMUSDT,5m,swp_range48_reclaim,Sweep Range-48 Reclaim,sweep-v1,3,3,6,5,621,0.6489533011272142,1.2538053824592286,1.2025716797790098,1.0700851355760257,0.2475155000491418,0.0014564465575448732,0.5619372091320842,0.5150718932281464,1.195316928912888,1.063266133075174,310,0.6481170389484348,1.3278317904657537,311,0.3364170309071839,1.18833092311028,1,183,2026-04-01T00:00:00.000Z,2026-09-30T23:55:00.000Z
sr35,ESPUSDT,1h,sr25_poc_mean_reversion,SR25 Volume Profile POC Mean Reversion,sr25-v1,3,3,6,4,128,0.6640625,1.5449069968863371,1.4957301126014197,1.4641646126352699,0.3207528878963435,0.008647358390504,1.004542912147825,0.9908757995167983,1.0886510305303099,1.062402871629049,64,0.8644899254653602,1.7056592473597203,64,0.3385591836751314,1.3698509785226773,1,183,2026-04-01T00:00:00.000Z,2026-09-30T23:00:00.000Z
sweep20,IOUSDT,15m,swp_wick_sfp,Sweep + Wick Rejection,sweep-v1,3,3,6,4,268,0.6455223880597015,1.309410044193737,1.1752602838052506,1.1178541126873998,0.42223961337208105,0.0036673452692124204,0.7795175358685507,0.7552149620167761,1.1181069158162487,1.0617912537753567,134,0.8161038113938526,1.4560089552327624,134,0.1977620828490787,1.17519404718273,1,183,2026-04-01T00:00:00.000Z,2026-09-30T23:45:00.000Z
sweep20,EIGENUSDT,15m,swp_range12_reclaim,Sweep Range-12 Reclaim,sweep-v1,3,3,6,4,695,0.6129496402877698,1.1688439243549054,1.1180099197831272,0.9758870061133698,0.36162303324909517,0.0015205975808670741,1.480693472627089,1.3931623802983943,1.209985854087293,1.0616998670759283,347,0.769581293313655,1.2334532846003123,348,0.19689890924254372,1.104403549759035,1,183,2026-04-01T00:00:00.000Z,2026-09-30T23:45:00.000Z
sweep20,PIEVERSEUSDT,1h,swp_pivot_sfp,Confirmed-Pivot Swing Failure,sweep-v1,3,3,6,4,164,0.6097560975609756,1.331336467337866,0.49546070660520836,0.4710878272795489,0.6790914339973526,0.0058208099456674225,2.123129287084594,2.0982443220745726,1.0949546849630636,1.0608685309766943,82,0.9961525332894485,1.790887406486828,82,-0.2508284403793294,1.0388102811939448,1,183,2026-04-01T00:00:00.000Z,2026-09-30T23:00:00.000Z
sr35,VTHOUSDT,15m,sr25_camarilla_h3_l3,SR25 Camarilla H3/L3 Mean Reversion,sr25-v1,3,3,6,5,150,0.6666666666666666,1.5506876715754854,0.899975894610183,0.8717846399754234,0.16472982423742033,0.005158903816378963,0.8752440610610197,0.8624482284934651,1.0868448833093143,1.0561057191320926,75,0.5455027733272853,1.7127316724128618,75,0.22935780342843382,1.36629061248005,1,183,2026-04-01T00:00:00.000Z,2026-09-30T23:45:00.000Z
visual28,THETAUSDT,15m,vis_golden_cross_50_200,Golden Cross SMA50/200 — Derived Adapter,visual-derived-v1,3,3,6,5,113,0.35398230088495575,1.459659219202823,0.7782397657466977,0.7583312130698927,0.2605549039301347,0.006634063836390342,0.6227304421448105,0.6158326724656675,1.0771803978379668,1.0558072538462606,57,0.6442830512666282,1.8230445016882122,56,0.08146815986267075,1.1646126771596799,1,183,2026-04-01T00:00:00.000Z,2026-09-30T23:45:00.000Z
sweep20,ONGUSDT,5m,swp_mss_confirm,Sweep + Micro Structure Shift,sweep-v1,3,3,6,4,759,0.5428194993412385,1.2809800440183299,1.4426966899115246,1.2642136415087224,0.6268491376855607,0.0020473194453568787,3.0225894502413153,2.8826518384627526,1.2160852321253044,1.0545513765818653,379,0.8701510512697928,1.347244950999724,380,0.30614940876191943,1.2015135750725903,1,183,2026-04-01T00:00:00.000Z,2026-09-30T23:55:00.000Z
sr35,REZUSDT,5m,sr25_impulse_ob_retest,SR25 Impulse Order Block Retest,sr25-v1,3,3,6,5,470,0.46170212765957447,1.249789021361691,1.131258760132198,1.0335066721057458,0.4035989858624518,0.0021496964307329424,0.7237089990879677,0.6786963113552149,1.152131444385315,1.0532185798649243,235,0.767019083399096,1.35398395992557,235,0.2061322824156704,1.1395055311337365,1,183,2026-04-01T00:00:00.000Z,2026-09-30T23:55:00.000Z
sr35,CCUSDT,1h,sr25_pdh_fvg_mss,SR25 PDH/PDL Sweep + FVG/MSS,sr25-v1,3,3,6,4,91,0.5604395604395604,1.945372610332634,1.2893068401877725,1.2687309631557935,0.19527733454228735,0.010364616475232388,1.3400016567320483,1.3301384389160997,1.066695456156372,1.0487143533904937,46,0.42365714781975994,1.8111917478166082,45,0.6080464623759301,2.0777026236387974,1,183,2026-04-01T00:00:00.000Z,2026-09-30T23:00:00.000Z
sweep20,PIEVERSEUSDT,1m,swp_asia_range,Asia Range Sweep,sweep-v1,3,3,6,4,126,0.7063492063492064,1.465638564077036,1.2028038107490446,1.1753018806397337,0.44655372207440924,0.009291142447596606,1.1360526742833668,1.1240417381350079,1.0732324104851232,1.046928191915386,63,1.4430733494178143,2.0339901324930216,63,-0.0983472472187662,1.0673623342604894,1,183,2026-04-01T00:00:00.000Z,2026-09-30T23:59:00.000Z
sweep20,KASUSDT,5m,swp_ema50_filter,Sweep + EMA50 Direction Filter,sweep-v1,3,3,6,4,77,0.4935064935064935,2.0263155309119427,1.2600416112617858,1.2428662733391205,0.16016752537415446,0.011951653149565158,0.7823509194458635,0.7762158200948532,1.0555344968612324,1.0392828652387673,38,0.7854169970656468,2.345961585945769,39,0.2658340404377182,1.6465910856919166,1,183,2026-04-01T00:00:00.000Z,2026-09-30T23:55:00.000Z
sr35,ZKUSDT,15m,sr_liquidity_sweep,SR Liquidity Sweep + Reclaim,sr-v1,3,3,6,4,378,0.6534391534391535,1.2756689897957665,1.0793903560405287,1.0023609127239808,0.39015892005807484,0.002420138518852924,1.5216156160813088,1.4704000038585345,1.1163999465886962,1.0377993406735286,189,0.18386769817554072,1.1429981022565578,189,0.7564381216288574,1.4299372546957447,1,183,2026-04-01T00:00:00.000Z,2026-09-30T23:45:00.000Z
sr35,ZKUSDT,15m,sr25_liquidity_sweep_reclaim,SR25 Liquidity Sweep + Reclaim,sr25-v1,3,3,6,4,378,0.6534391534391535,1.2756689897957665,1.0793903560405287,1.0023609127239808,0.39015892005807484,0.002420138518852924,1.5216156160813088,1.4704000038585345,1.1163999465886962,1.0377993406735286,189,0.18386769817554072,1.1429981022565578,189,0.7564381216288574,1.4299372546957447,1,183,2026-04-01T00:00:00.000Z,2026-09-30T23:45:00.000Z
sweep20,ZKUSDT,15m,swp_range24_reclaim,Sweep Range-24 Reclaim,sweep-v1,3,3,6,4,378,0.6534391534391535,1.2756689897957665,1.0793903560405287,1.0023609127239808,0.39015892005807484,0.002420138518852924,1.5216156160813088,1.4704000038585345,1.1163999465886962,1.0377993406735286,189,0.18386769817554072,1.1429981022565578,189,0.7564381216288574,1.4299372546957447,1,183,2026-04-01T00:00:00.000Z,2026-09-30T23:45:00.000Z
sr35,NOMUSDT,5m,sr25_pdh_fvg_mss,SR25 PDH/PDL Sweep + FVG/MSS,sr25-v1,3,3,6,4,63,0.6507936507936508,1.993190893052472,2.1746245109588322,2.154887077840444,0.587547896611831,0.02620786649410682,1.5280210728307755,1.5183905695602133,1.0476998519169003,1.034689795577521,31,-0.017284246720002505,1.260570256083296,32,2.2304605887948044,4.5621265060511185,1,183,2026-04-01T00:00:00.000Z,2026-09-30T23:55:00.000Z
sweep20,BLURUSDT,5m,swp_volume_absorption,Sweep + Volume Absorption,sweep-v1,3,3,6,4,585,0.6068376068376068,1.2375283416728364,1.2048018860623815,1.079620155779708,0.363588590927997,0.0018225807037009147,1.435203184042559,1.365295456922194,1.157475853002703,1.034569753360541,292,0.5409375942475751,1.2470283530120885,293,0.4308184149008085,1.228870543623464,1,183,2026-04-01T00:00:00.000Z,2026-09-30T23:55:00.000Z
sr35,KAITOUSDT,5m,sr25_impulse_ob_retest,SR25 Impulse Order Block Retest,sr25-v1,3,3,6,5,485,0.4061855670103093,1.224627459572669,1.0289057764203982,0.9329230824740871,0.5164813054461057,0.0021530002921936425,1.3746971230859986,1.3171376752265656,1.1322955785746474,1.0312289133043109,243,0.3265642472185317,1.1826171340761158,242,0.5294440361064336,1.2648480196281624,1,183,2026-04-01T00:00:00.000Z,2026-09-30T23:55:00.000Z
fib9,EDENUSDT,4h,fib_retrace_382,Fibonacci Retracement 0.382 Reclaim,fib-ew-causal-v1,3,3,6,3,32,0.5625,2.588614882582934,1.3162646170617598,1.3090206319935023,0.24486438902952312,0.03224164053257501,0.37043779122712395,0.3677391113070052,1.036746711173572,1.0307625737540955,15,0.4333653352008693,2.459408333186824,17,0.6159624906354824,2.7282894518507668,1,183,2026-04-01T00:00:00.000Z,2026-09-30T20:00:00.000Z
sweep20,SUSHIUSDT,1m,swp_asia_range,Asia Range Sweep,sweep-v1,3,3,6,5,123,0.7317073170731707,1.5186779176780851,1.0895105773167337,1.0640849868439348,0.275074871143265,0.007228734798775953,0.20879306062749303,0.2020546883714578,1.0537408261476453,1.0283414148879495,61,0.6841828303842139,1.7362248095596189,62,0.24066730738494302,1.3279545506163022,1,183,2026-04-01T00:00:00.000Z,2026-09-30T23:59:00.000Z
sweep20,EIGENUSDT,5m,swp_range96_reclaim,Sweep Range-96 Reclaim,sweep-v1,3,3,6,4,339,0.6755162241887905,1.2547342051452366,1.1915067434642217,1.1185634903871535,0.47544927076504784,0.0030989581680305168,2.475436025935352,2.4158779643689225,1.096058791693293,1.02628337408199,170,0.7969888534316429,1.381036986434447,169,0.21954387156001576,1.1500592487662782,1,183,2026-04-01T00:00:00.000Z,2026-09-30T23:55:00.000Z
sr35,UNIUSDT,1h,sr_level_flip,SR Breakout Level Flip,sr-v1,3,3,6,3,76,0.3815789473684211,1.7862501458684976,1.4127300896785786,1.3946218823914243,0.19203896037577617,0.014712685471759732,0.8692439802411005,0.8615029892286716,1.039118264718391,1.0235847405320895,38,1.616151891341008,2.7325417351363144,38,-0.07775611283722483,0.954791724023082,1,183,2026-04-01T00:00:00.000Z,2026-09-30T23:00:00.000Z
visual28,SUSHIUSDT,5m,vis_rsi_entries,RSI Signals Entries — Derived Adapter,visual-derived-v1,3,3,6,5,391,0.6572890025575447,1.2707020726248217,0.9898669730148912,0.9136573987583769,0.226004555884885,0.0021992258023800526,0.9869520229976185,0.9484937363250947,1.1018801498967092,1.021189446200951,195,0.6556409600891346,1.3996667776971217,196,0.20187107046914465,1.1689919393109074,1,183,2026-04-01T00:00:00.000Z,2026-09-30T23:55:00.000Z
sweep20,LINEAUSDT,1h,swp_range48_reclaim,Sweep Range-48 Reclaim,sweep-v1,3,3,6,3,69,0.7391304347826086,2.1380037172716344,1.1717273834442077,1.156945876837388,0.15699127398642598,0.01221061230648919,0.9680476173368504,0.9601225021426196,1.0345743594696994,1.0207149964374822,34,0.43881136208377813,1.953503540587043,35,0.5093899316300743,2.386037919627906,1,183,2026-04-01T00:00:00.000Z,2026-09-30T23:00:00.000Z
algo9,NEARUSDT,5m,tott,Twin Optimized Trend Tracker,kivanc-core-v1,3,3,6,4,99,0.3939393939393939,1.510264670043042,1.101312094858105,1.0806985262720716,0.4277109336395398,0.011273297607891851,0.8648493601373826,0.8561927013467214,1.0384158992553232,1.0178073474535272,50,2.0483429717348915,2.4524991786153274,49,-0.31067071050007466,0.8121253861398368,1,183,2026-04-01T00:00:00.000Z,2026-09-30T23:55:00.000Z
sweep20,LINEAUSDT,15m,swp_rsi_exhaustion,Sweep + RSI Exhaustion,sweep-v1,3,3,6,5,238,0.6470588235294118,1.433361876481463,1.1211252456049636,1.0713709670132587,0.16843239246735642,0.00357009426085627,0.6128032814701376,0.5949081876222118,1.0612922534747846,1.0129356480665654,119,0.42144584301932664,1.427049855520267,119,0.49223078460691205,1.438999889574853,1,183,2026-04-01T00:00:00.000Z,2026-09-30T23:45:00.000Z
sweep20,ROSEUSDT,15m,swp_failed_breakout,Two-Bar Failed Breakout Sweep,sweep-v1,3,3,6,5,308,0.6753246753246753,1.3123235930269739,1.0368274714733205,0.9751609294387502,0.3498836842522265,0.002724732230680967,1.3715435358412549,1.3324505363195884,1.073015899677518,1.0100562122258325,154,0.32739166552059307,1.2408006796579032,154,0.5344585357739842,1.3935476323670832,1,183,2026-04-01T00:00:00.000Z,2026-09-30T23:45:00.000Z
sr35,MORPHOUSDT,1m,sr_prior_day_sweep,SR Prior-Day High/Low Sweep,sr-v1,3,3,6,4,82,0.6463414634146342,1.3733235582840215,0.5715941159473203,0.55880565022504,0.4715516755087621,0.007319103931640785,1.3856628480596553,1.3751435148108553,1.023610458999681,1.006596217054657,41,0.604171802323747,1.8006388045333377,41,-0.020308103115411424,1.051606679797221,1,183,2026-04-01T00:00:00.000Z,2026-09-30T23:59:00.000Z
sr35,MORPHOUSDT,1m,sr25_previous_day_sweep,SR25 Previous-Day High/Low Sweep,sr25-v1,3,3,6,4,82,0.6463414634146342,1.3733235582840215,0.5715941159473203,0.55880565022504,0.4715516755087621,0.007319103931640785,1.3856628480596553,1.3751435148108553,1.023610458999681,1.006596217054657,41,0.604171802323747,1.8006388045333377,41,-0.020308103115411424,1.051606679797221,1,183,2026-04-01T00:00:00.000Z,2026-09-30T23:59:00.000Z
sweep20,MORPHOUSDT,1m,swp_prior_day,Previous-Day High/Low Sweep,sweep-v1,3,3,6,4,82,0.6463414634146342,1.3733235582840215,0.5715941159473203,0.55880565022504,0.4715516755087621,0.007319103931640785,1.3856628480596553,1.3751435148108553,1.023610458999681,1.006596217054657,41,0.604171802323747,1.8006388045333377,41,-0.020308103115411424,1.051606679797221,1,183,2026-04-01T00:00:00.000Z,2026-09-30T23:59:00.000Z
sweep20,BIOUSDT,1h,swp_asia_range,Asia Range Sweep,sweep-v1,3,3,6,5,120,0.65,1.7176498862204401,1.6671347215080656,1.635415639272813,0.5162797491484719,0.013281477755144754,0.32908490963068515,0.3214270303014577,1.0284479950560748,1.0038925431822103,60,1.2208532249158055,1.9543569547527657,60,0.2009504687592214,1.41943775614865,1,183,2026-04-01T00:00:00.000Z,2026-09-30T23:00:00.000Z
sr35,AAVEUSDT,1h,sr_level_flip,SR Breakout Level Flip,sr-v1,3,3,6,5,75,0.48,2.021208739660859,1.3272350223615752,1.3100031790187767,0.20913522262859563,0.013670692779417086,0.7998343058504698,0.7918443564631859,1.0180492367448006,1.002278438071642,37,0.946947613110225,3.160166741122752,38,0.19532493154443276,1.41403962338173,1,183,2026-04-01T00:00:00.000Z,2026-09-30T23:00:00.000Z
sweep20,FOLKSUSDT,1h,swp_pivot_sfp_body,Pivot SFP + Body Confirmation,sweep-v1,3,3,6,4,129,0.6046511627906976,1.473313281713729,1.117112348534968,1.090066525407229,0.4767647476262197,0.008187879491032722,0.8125218350664314,0.8021360872941812,1.0278560149055438,1.002143010286825,64,1.1525690228768544,1.9844338410762246,65,-0.01647179438385582,1.1194339826928466,1,183,2026-04-01T00:00:00.000Z,2026-09-30T23:00:00.000Z
sweep20,SUSHIUSDT,15m,swp_asia_range,Asia Range Sweep,sweep-v1,3,3,6,5,121,0.7024793388429752,1.4915742902760967,0.9054943134801987,0.882669007010042,0.2747326219717624,0.006501830035976603,0.201760118930282,0.1953009903091223,1.0263149271485266,1.0016546025544155,60,0.6082982643580599,1.7049477725514026,61,0.18478913750538895,1.2921002497660676,1,183,2026-04-01T00:00:00.000Z,2026-09-30T23:45:00.000Z
visual28,FORMUSDT,5m,vis_macd_stoch,MACD + Stochastic — Derived Adapter,visual-derived-v1,3,3,6,4,97,0.6185567010309279,1.5923330838815797,1.2113463422895925,1.1901331231449706,0.29899207937826533,0.010092944888821677,0.4817180475436036,0.4740816646529673,1.0178599958889527,0.997886811260734,49,0.6524923908803342,1.7530151735533765,48,0.33818851723216614,1.446571811381402,1,183,2026-04-01T00:00:00.000Z,2026-09-30T23:55:00.000Z
sweep20,FOLKSUSDT,15m,swp_opening_range,UTC Opening-Range Sweep,sweep-v1,3,3,6,4,486,0.6810699588477366,1.2658027617005243,1.1413549569705435,1.039853759324319,0.3850269493443631,0.002272118344037768,0.6321555311607676,0.592241614797723,1.097096526092098,0.9976896764385268,243,1.1121056206120161,1.4602474538644603,243,0.013848425037593648,1.079338828327129,1,183,2026-04-01T00:00:00.000Z,2026-09-30T23:45:00.000Z
sr35,MANAUSDT,15m,sr25_poc_mean_reversion,SR25 Volume Profile POC Mean Reversion,sr25-v1,3,3,6,5,254,0.7480314960629921,1.5132839287895183,1.1530442992257313,1.0991807691828148,0.27926494498940313,0.0034258721087638403,0.8564818336675921,0.8324250349141493,1.040674815868495,0.9904079231261325,127,0.4800972789381104,1.5623467275496177,127,0.4546640480079973,1.471702132148122,1,183,2026-04-01T00:00:00.000Z,2026-09-30T23:45:00.000Z
visual28,RAREUSDT,1h,vis_bb_mean_reversion,Bollinger Mean Reversion — Derived Adapter,visual-derived-v1,3,3,6,5,84,0.6666666666666666,1.999814521029563,1.2315784752731944,1.2130583760699976,0.2622129098287376,0.011107594163189773,0.21686933632961947,0.21166412853389205,1.0069459315958476,0.9902694034226922,42,0.6441895238881796,2.3596682945587992,42,0.3572513647915465,1.7206592278391628,1,183,2026-04-01T00:00:00.000Z,2026-09-30T23:00:00.000Z
sr35,VTHOUSDT,4h,sr25_camarilla_h3_l3,SR25 Camarilla H3/L3 Mean Reversion,sr25-v1,3,3,6,4,110,0.509090909090909,1.6816487844923185,0.7790687830735832,0.7596799366507194,0.22948751000568224,0.006858515584410909,0.8531965880645944,0.8442297426097185,1.0112610882388533,0.9897639557691691,55,0.4992135754340761,1.8457199861850377,55,0.18666800529636207,1.4464240753645752,1,183,2026-04-01T00:00:00.000Z,2026-09-30T20:00:00.000Z
sr35,AUSDT,15m,sr_wick_rejection,SR Wick Rejection,sr-v1,3,3,6,5,182,0.6428571428571429,1.5090587210546855,1.1166046031512256,1.0785642668039448,0.24769944482855644,0.004644322057027238,0.6803305507421966,0.6650179593363794,1.0258596809511498,0.9892426217319652,91,0.6535767916719604,1.7574860642167525,91,0.2800159108492868,1.321335127837281,1,183,2026-04-01T00:00:00.000Z,2026-09-30T23:45:00.000Z
sweep20,SYRUPUSDT,1h,swp_pivot_sfp_body,Pivot SFP + Body Confirmation,sweep-v1,3,3,6,4,145,0.6137931034482759,1.4128724027436157,0.7809730601836211,0.7554127081311164,0.1818235696128262,0.004871588587716083,0.471798411919095,0.4609943856074057,1.0065502786400766,0.977580564420633,72,0.38018559631375126,1.4584818071445234,73,0.2903866443326941,1.3663832518714516,1,183,2026-04-01T00:00:00.000Z,2026-09-30T23:00:00.000Z
sr35,ACEUSDT,15m,sr25_value_area_80,SR25 Value-Area Edge / 80% Rule,sr25-v1,3,3,6,3,97,0.5773195876288659,1.697941692273851,1.7184546347757097,1.6923601373852706,0.35305236443308374,0.014752736705806244,1.1238246987596505,1.1133090885174513,0.9934022170236794,0.9743999939989758,48,1.0760199189437918,1.948018223252924,49,0.30945498642362046,1.451659106601183,1,183,2026-04-01T00:00:00.000Z,2026-09-30T23:45:00.000Z
sr35,KITEUSDT,1h,sr25_donchian_breakout,SR25 Donchian Dynamic S/R Breakout,sr25-v1,3,3,6,5,84,0.42857142857142855,1.4686446451773583,0.9247963556300303,0.9087822064344402,0.4662375526890533,0.010363226928946714,0.7490609296345418,0.7423378949650163,0.9907350153445282,0.9741778416856512,42,0.3723348908062498,1.4936223725116946,42,0.4025704429180612,1.4510093570867784,1,183,2026-04-01T00:00:00.000Z,2026-09-30T23:00:00.000Z
sr35,LITUSDT,15m,sr_range_edge,SR Range Edge Rejection,sr-v1,3,3,6,5,220,0.6363636363636364,1.3081839686357108,1.2305582971318558,1.1821114436447648,0.4925573876577062,0.005250527274333999,0.4873016803862116,0.47136231483422986,1.0166004767160959,0.9731757032637081,110,2.1282861556249775,1.8750200456443025,110,-0.2869711445287434,0.9456281199256644,1,183,2026-04-01T00:00:00.000Z,2026-09-30T23:45:00.000Z
sweep20,GUSDT,15m,swp_mss_confirm,Sweep + Micro Structure Shift,sweep-v1,3,3,6,4,264,0.6060606060606061,1.4465913174142164,1.0631148994605986,1.0094198383207962,0.48174337739976014,0.00428514101808874,1.618867946786275,1.5833897482402417,1.0242754292815524,0.971784487473115,132,0.6038827696896978,1.5221335317293418,132,0.28632524673841875,1.3923492749698891,1,183,2026-04-01T00:00:00.000Z,2026-09-30T23:45:00.000Z
sr35,ACEUSDT,5m,sr25_supply_demand_retest,SR25 RBD/DBR Supply-Demand Retest,sr25-v1,3,3,6,4,254,0.47244094488188976,1.342773408093356,1.048282618241232,0.9969228054828496,0.5533327511300332,0.005569257162716353,1.1382662304151503,1.1159677227875773,1.0179978176924331,0.9670009820103171,127,0.8036642788508477,1.4888090272725454,127,0.135622988301481,1.17952121539314,1,183,2026-04-01T00:00:00.000Z,2026-09-30T23:55:00.000Z
sr35,CRVUSDT,1h,sr25_camarilla_h3_l3,SR25 Camarilla H3/L3 Mean Reversion,sr25-v1,3,3,6,4,154,0.6298701298701299,1.3259049867866415,0.5828111909160036,0.558660410577076,0.3248814387137091,0.0043975928477637295,0.9763227446429068,0.96029040964724,0.9965486122803557,0.9661340315317917,77,0.7048615363269883,1.6593854119374665,77,-0.07158959411679533,1.001348335425664,1,183,2026-04-01T00:00:00.000Z,2026-09-30T23:00:00.000Z
visual28,INJUSDT,1h,vis_hull_suite,Hull Suite — Derived Adapter,visual-derived-v1,3,3,6,5,211,0.3459715639810427,1.2745658048948532,0.7236634314718089,0.6877176652595303,0.3887184778486018,0.004075625871491382,0.6371872886741377,0.6219245425113431,1.0043234802354224,0.9655022038162029,105,1.147546921857257,1.625760367224065,106,-0.19738031615107277,0.913175323370026,1,183,2026-04-01T00:00:00.000Z,2026-09-30T23:00:00.000Z
sr35,PNUTUSDT,5m,sr25_liquidity_absorption,SR25 Liquidity Sweep + Volume Absorption,sr25-v1,3,3,6,4,520,0.6269230769230769,1.2275319878317512,1.0007939777001336,0.8994933185307719,0.4369545207656581,0.0017831646602337878,1.1062772176023454,1.0472315172114466,1.0694077523011898,0.9638538523093148,260,0.641560121009433,1.3127246286703773,260,0.21883685653243035,1.151800637312585,1,183,2026-04-01T00:00:00.000Z,2026-09-30T23:55:00.000Z
visual28,MERLUSDT,15m,vis_bb_mean_reversion,Bollinger Mean Reversion — Derived Adapter,visual-derived-v1,3,3,6,4,291,0.6529209621993127,1.2609094850521443,1.0308763025305518,0.9727008490260045,0.38125435064597435,0.003526916610984947,0.4287481288320725,0.40568196880018337,1.0218508731641158,0.9637372484459936,145,0.630349593883339,1.3478229049435504,146,0.24566921729541225,1.189491393639153,1,183,2026-04-01T00:00:00.000Z,2026-09-30T23:45:00.000Z
sr35,MEWUSDT,15m,sr25_supply_demand_retest,SR25 RBD/DBR Supply-Demand Retest,sr25-v1,3,3,6,3,87,0.4942528735632184,1.628014131343366,0.8728370233134566,0.8566982237053449,0.22017828843258558,0.009358656137272244,0.577582103669867,0.5702445211114873,0.980397480248308,0.9631468225050122,43,0.2674441314741882,1.4553991777037782,44,0.4776485817446836,1.8547169756073465,1,183,2026-04-01T00:00:00.000Z,2026-09-30T23:45:00.000Z
sweep20,ROSEUSDT,5m,swp_rsi_exhaustion,Sweep + RSI Exhaustion,sweep-v1,3,3,6,4,615,0.6487804878048781,1.2110669507026788,1.037660555124194,0.916225008164697,0.30801775395666053,0.0013701826839745076,0.6896635132480513,0.6304788525023586,1.0865313689277944,0.9617957829747592,307,0.3356984753452059,1.1742369302588849,308,0.5255393284757364,1.2487574749591646,1,183,2026-04-01T00:00:00.000Z,2026-09-30T23:55:00.000Z
sr35,AUSDT,15m,sr_liquidity_sweep,SR Liquidity Sweep + Reclaim,sr-v1,3,3,6,5,414,0.6714975845410628,1.3326400450932687,1.2511146974136493,1.1599663613827222,0.26298812334430366,0.002238220842053117,0.4973114067320621,0.4684439129251712,1.0400892969785263,0.9578578055352189,207,0.6741328623558736,1.4149794721545603,207,0.34464518798456356,1.2547972601864128,1,183,2026-04-01T00:00:00.000Z,2026-09-30T23:45:00.000Z
sr35,AUSDT,15m,sr25_liquidity_sweep_reclaim,SR25 Liquidity Sweep + Reclaim,sr25-v1,3,3,6,5,414,0.6714975845410628,1.3326400450932687,1.2511146974136493,1.1599663613827222,0.26298812334430366,0.002238220842053117,0.4973114067320621,0.4684439129251712,1.0400892969785263,0.9578578055352189,207,0.6741328623558736,1.4149794721545603,207,0.34464518798456356,1.2547972601864128,1,183,2026-04-01T00:00:00.000Z,2026-09-30T23:45:00.000Z
sweep20,AUSDT,15m,swp_range24_reclaim,Sweep Range-24 Reclaim,sweep-v1,3,3,6,5,414,0.6714975845410628,1.3326400450932687,1.2511146974136493,1.1599663613827222,0.26298812334430366,0.002238220842053117,0.4973114067320621,0.4684439129251712,1.0400892969785263,0.9578578055352189,207,0.6741328623558736,1.4149794721545603,207,0.34464518798456356,1.2547972601864128,1,183,2026-04-01T00:00:00.000Z,2026-09-30T23:45:00.000Z
sweep20,LDOUSDT,1h,swp_failed_breakout,Two-Bar Failed Breakout Sweep,sweep-v1,3,3,6,5,89,0.7191011235955056,1.5623823109897104,1.0076281689325568,0.9899457160287872,0.25799149546476574,0.009512910170307955,0.5071028999061373,0.4997862081309312,0.9676322704385818,0.9504955685432406,45,0.6962079396873622,1.9641884230852247,44,0.18359790799151443,1.289124190597023,1,183,2026-04-01T00:00:00.000Z,2026-09-30T23:00:00.000Z
sr35,MEWUSDT,1h,sr25_pdh_fvg_mss,SR25 PDH/PDL Sweep + FVG/MSS,sr25-v1,3,3,6,4,72,0.6111111111111112,1.9207964733350187,1.122607021313537,1.1075103790668663,0.15067464509660178,0.012325697286278242,0.7873413393438287,0.7810088263735493,0.9638204078145831,0.950035120088033,36,0.3923537991337409,1.7351717682406518,36,0.5244738963861957,2.1980545118846,1,183,2026-04-01T00:00:00.000Z,2026-09-30T23:00:00.000Z
sweep20,PLUMEUSDT,5m,swp_failed_breakout,Two-Bar Failed Breakout Sweep,sweep-v1,3,3,6,4,936,0.6282051282051282,1.1563135173751269,1.3329757295070124,1.1246306706764226,0.4745212470431872,0.0011816795933292917,0.8168668824676406,0.7323190358518561,1.1386190212558929,0.9483932104087494,468,1.0742465430879817,1.263976174889004,468,0.1247340569428439,1.0703885149957033,1,183,2026-04-01T00:00:00.000Z,2026-09-30T23:55:00.000Z
sr35,DASHUSDT,5m,sr25_trendline_breakout,SR25 Multi-Touch Trendline Breakout,sr25-v1,3,3,6,4,224,0.45535714285714285,1.3488461155158473,1.069997310863962,1.0242239951154888,0.3333802553988494,0.004775381135069437,0.996488533482123,0.974751335356405,0.9874557521409286,0.9429178387453117,112,0.9659572555690474,1.6058091683729232,112,0.052920812494878344,1.120958430578778,1,183,2026-04-01T00:00:00.000Z,2026-09-30T23:55:00.000Z
visual28,1000LUNCUSDT,1h,vis_bb_mean_reversion,Bollinger Mean Reversion — Derived Adapter,visual-derived-v1,3,3,6,4,73,0.5616438356164384,1.9142220132639438,1.3264687157946948,1.3097039054736523,0.26305102942807956,0.013922036644428735,0.6459119466575907,0.6384352101065194,0.9539224696194537,0.9398073456102276,36,0.8490963790135659,2.2917843449715423,37,0.25816520014808164,1.5232961880162563,1,183,2026-04-01T00:00:00.000Z,2026-09-30T23:00:00.000Z
sweep20,METISUSDT,1h,swp_asia_range,Asia Range Sweep,sweep-v1,3,3,6,4,130,0.6076923076923076,1.504490213380177,1.0699845849800713,1.0433616283787068,0.4253664333883207,0.00687108064772229,0.4743444311241163,0.4651333377426843,0.9614309882593641,0.93580668683823,65,0.5413501547994941,1.6934702463555558,65,0.34296842189589594,1.3835849979950028,1,183,2026-04-01T00:00:00.000Z,2026-09-30T23:00:00.000Z
sr35,PLUMEUSDT,5m,sr_liquidity_sweep,SR Liquidity Sweep + Reclaim,sr-v1,3,3,6,4,978,0.6359918200408998,1.1430879711113082,1.1454369630596126,0.9456315932498249,0.5974921508844584,0.0010589973905914042,1.5606418703916831,1.4396117826783832,1.1344890706814206,0.9357022329486735,489,0.9852132327799652,1.2373439424249029,489,0.08070857459240033,1.0604221996525314,1,183,2026-04-01T00:00:00.000Z,2026-09-30T23:55:00.000Z
sr35,PLUMEUSDT,5m,sr25_liquidity_sweep_reclaim,SR25 Liquidity Sweep + Reclaim,sr25-v1,3,3,6,4,978,0.6359918200408998,1.1430879711113082,1.1454369630596126,0.9456315932498249,0.5974921508844584,0.0010589973905914042,1.5606418703916831,1.4396117826783832,1.1344890706814206,0.9357022329486735,489,0.9852132327799652,1.2373439424249029,489,0.08070857459240033,1.0604221996525314,1,183,2026-04-01T00:00:00.000Z,2026-09-30T23:55:00.000Z
sweep20,PLUMEUSDT,5m,swp_range24_reclaim,Sweep Range-24 Reclaim,sweep-v1,3,3,6,4,978,0.6359918200408998,1.1430879711113082,1.1454369630596126,0.9456315932498249,0.5974921508844584,0.0010589973905914042,1.5606418703916831,1.4396117826783832,1.1344890706814206,0.9357022329486735,489,0.9852132327799652,1.2373439424249029,489,0.08070857459240033,1.0604221996525314,1,183,2026-04-01T00:00:00.000Z,2026-09-30T23:55:00.000Z
sr35,RVNUSDT,15m,sr25_supply_demand_retest,SR25 RBD/DBR Supply-Demand Retest,sr25-v1,3,3,6,4,92,0.45652173913043476,1.9418899431679537,1.2101962403525652,1.190095478654173,0.3047939697634202,0.010468644224232227,1.6161411677922741,1.6056573645523335,0.9497272020847147,0.9319716440011199,46,-0.05811886478255379,0.9952772685542196,46,1.3465766089925033,3.866514606176474,1,183,2026-04-01T00:00:00.000Z,2026-09-30T23:45:00.000Z
visual28,DUSKUSDT,15m,vis_bollinger_rsi_double,Bollinger + RSI Double — Derived Adapter,visual-derived-v1,3,3,6,4,125,0.688,1.5047752313609752,1.3465617045518754,1.3175612526026628,0.3447819462269872,0.008366939640965174,0.799636596854715,0.7880660892085505,0.9549596474634177,0.9309566024864357,62,0.3883166760280061,1.4158746412482681,63,0.6902207868491668,1.582273200376302,1,183,2026-04-01T00:00:00.000Z,2026-09-30T23:45:00.000Z
sr35,PUMPUSDT,1h,sr25_pdh_fvg_mss,SR25 PDH/PDL Sweep + FVG/MSS,sr25-v1,3,3,6,4,69,0.6666666666666666,1.5934508327921453,0.86977219443171,0.8569757178298367,0.3753925942060554,0.012922211914320922,1.2345510716433603,1.226423384329538,0.943268480704355,0.9305566947620438,35,1.609643955383659,2.9694786313459023,34,-0.28351444626214417,0.8065412553502317,1,183,2026-04-01T00:00:00.000Z,2026-09-30T23:00:00.000Z
sr35,TURBOUSDT,15m,sr_wick_rejection,SR Wick Rejection,sr-v1,3,3,6,5,160,0.65625,1.4896934934501425,1.162256559151258,1.1280709635081765,0.2682536197206771,0.005598034429128199,0.34873320924327,0.3376158386213619,0.9599444335513732,0.9289377891598605,80,0.4665641941774974,1.4800677387740189,80,0.4743688464069793,1.4993844950584332,1,183,2026-04-01T00:00:00.000Z,2026-09-30T23:45:00.000Z
sweep20,ROSEUSDT,5m,swp_asia_range,Asia Range Sweep,sweep-v1,3,3,6,4,133,0.7293233082706767,1.5284159765225045,1.1193115836665655,1.0914412544268082,0.2120657950222915,0.006553755101867358,0.7542269015218828,0.7432991907379858,0.9518625762986019,0.9259856753277347,66,0.34973958218727774,1.4290383639572153,67,0.5701633201214866,1.6329619801264665,1,183,2026-04-01T00:00:00.000Z,2026-09-30T23:55:00.000Z
sweep20,KAVAUSDT,5m,swp_volume_absorption,Sweep + Volume Absorption,sweep-v1,3,3,6,3,599,0.6043405676126878,1.329729138479965,1.0354598354834672,0.9172321127657872,0.24282241160030926,0.0013089985745508383,1.136128723025616,1.05436444963322,1.0414391340472497,0.9228646447315609,299,0.6069258767613941,1.442180457551862,300,0.26667935647768704,1.2232305254404097,1,183,2026-04-01T00:00:00.000Z,2026-09-30T23:55:00.000Z
sweep20,ROSEUSDT,15m,swp_asia_range,Asia Range Sweep,sweep-v1,3,3,6,4,129,0.7131782945736435,1.543197972249389,1.1093885313851066,1.0824808013951914,0.21644222973049254,0.006712515801341094,0.5465352007455315,0.5378046582027753,0.9470317354882172,0.9219872433021159,64,0.34657935772049586,1.4516503238498035,65,0.5664791824493014,1.6337156340003436,1,183,2026-04-01T00:00:00.000Z,2026-09-30T23:45:00.000Z
fib9,4USDT,4h,fib_retrace_382,Fibonacci Retracement 0.382 Reclaim,fib-ew-causal-v1,3,3,6,3,36,0.5833333333333334,2.112403854679506,1.1195226856661176,1.112027464079218,0.25807726711667023,0.026320288367554037,1.4094735415126363,1.4050776245869385,0.9244476523236635,0.9181986796750328,17,0.16698442892835774,1.4665733225785842,19,0.8162390458049871,4.323142656330534,1,183,2026-04-01T00:00:00.000Z,2026-09-30T20:00:00.000Z
sr35,GALAUSDT,15m,sr25_inverse_fvg,SR25 Inverse Fair Value Gap,sr25-v1,3,3,6,4,168,0.47619047619047616,1.3617712092712146,0.7098359791408719,0.6814117399443387,0.2721444541362852,0.004238935109083943,0.6560637227057262,0.6407981360053367,0.9490437120626329,0.9162836020572829,84,0.15422012806370478,1.231561552941879,84,0.4813777177922349,1.5238449405646894,1,183,2026-04-01T00:00:00.000Z,2026-09-30T23:45:00.000Z
sr35,POLUSDT,5m,sr25_value_area_80,SR25 Value-Area Edge / 80% Rule,sr25-v1,3,3,6,5,137,0.6934306569343066,1.5364152380174692,0.8563698867300638,0.831199254666658,0.2017616566448821,0.005512180859252764,0.6964259605473986,0.6858459689115393,0.9429819604507392,0.9160708615681326,69,0.5229480327269376,1.795434214247401,68,0.21893186559104794,1.3226578045885025,1,183,2026-04-01T00:00:00.000Z,2026-09-30T23:55:00.000Z
sr35,SNXUSDT,1m,sr_prior_day_sweep,SR Prior-Day High/Low Sweep,sr-v1,3,3,6,5,79,0.7215189873417721,1.766596167085751,0.8783089692275072,0.8636274749929145,0.3389675087497217,0.009131220536054738,0.40545102901400165,0.39946382593410323,0.9295222754118773,0.9140671692638398,40,0.29990606559576904,1.5450510038850758,39,0.4449574618814063,2.1597095388922196,1,183,2026-04-01T00:00:00.000Z,2026-09-30T23:59:00.000Z
sr35,SNXUSDT,1m,sr25_previous_day_sweep,SR25 Previous-Day High/Low Sweep,sr25-v1,3,3,6,5,79,0.7215189873417721,1.766596167085751,0.8783089692275072,0.8636274749929145,0.3389675087497217,0.009131220536054738,0.40545102901400165,0.39946382593410323,0.9295222754118773,0.9140671692638398,40,0.29990606559576904,1.5450510038850758,39,0.4449574618814063,2.1597095388922196,1,183,2026-04-01T00:00:00.000Z,2026-09-30T23:59:00.000Z
sweep20,SNXUSDT,1m,swp_prior_day,Previous-Day High/Low Sweep,sweep-v1,3,3,6,5,79,0.7215189873417721,1.766596167085751,0.8783089692275072,0.8636274749929145,0.3389675087497217,0.009131220536054738,0.40545102901400165,0.39946382593410323,0.9295222754118773,0.9140671692638398,40,0.29990606559576904,1.5450510038850758,39,0.4449574618814063,2.1597095388922196,1,183,2026-04-01T00:00:00.000Z,2026-09-30T23:59:00.000Z
visual28,METUSDT,15m,vis_super_scalper,Super Scalper 5m/15m — Derived Adapter,visual-derived-v1,3,3,6,5,644,0.33229813664596275,1.1659215707631596,0.8446454525343448,0.7296363921685811,0.5271798998107742,0.0015121230722234132,1.593274101219328,1.5178240659956233,1.0390810252731835,0.9131160485106065,322,1.0943715476106526,1.3426798751182674,322,-0.1192367683571739,0.9979816037372098,1,183,2026-04-01T00:00:00.000Z,2026-09-30T23:45:00.000Z
sr35,CVCUSDT,1h,sr_level_flip,SR Breakout Level Flip,sr-v1,3,3,6,4,83,0.39759036144578314,1.9117726129976687,0.9476432632540781,0.9316480913883542,0.29103411993774975,0.009824254763450006,1.1755107384802965,1.167623871380099,0.9278639182653234,0.9122229386214136,42,0.4348194639714613,2.0459052732731844,41,0.35741346710140154,1.783465773594617,1,183,2026-04-01T00:00:00.000Z,2026-09-30T23:00:00.000Z
sweep20,TOWNSUSDT,1h,swp_asia_range,Asia Range Sweep,sweep-v1,3,3,6,3,108,0.5555555555555556,1.4406458590344637,0.9128248678068356,0.8923636294925674,0.348453250286306,0.0077522756746865856,0.982793773659858,0.9726254066032374,0.9318959301406711,0.910659454805788,54,0.10955016974306142,1.1998838619082042,54,0.7239642874821841,1.7242733700635322,1,183,2026-04-01T00:00:00.000Z,2026-09-30T23:00:00.000Z
sweep20,MONUSDT,5m,swp_rsi_exhaustion,Sweep + RSI Exhaustion,sweep-v1,3,3,6,3,657,0.6331811263318112,1.173575537867254,1.043265021164935,0.9134278522328207,0.37293730566790384,0.0013985547530513747,1.480976054783448,1.4006317110316102,1.0381130778099878,0.9082211275870067,328,0.6057892420384543,1.218572974328845,329,0.2724366110281873,1.1290453782389052,1,183,2026-04-01T00:00:00.000Z,2026-09-30T23:55:00.000Z
sweep20,ICPUSDT,5m,swp_rsi_exhaustion,Sweep + RSI Exhaustion,sweep-v1,3,3,6,4,623,0.6565008025682183,1.2142858959441312,1.0469362639327162,0.9234046490788208,0.524750850852003,0.0013951009223348982,1.663407449067687,1.5769271945552061,1.029170675488953,0.9067095478334743,312,0.7348012433410378,1.3265594316860516,311,0.17992552275933305,1.1138558198742385,1,183,2026-04-01T00:00:00.000Z,2026-09-30T23:55:00.000Z
sr35,SNXUSDT,15m,sr25_camarilla_h3_l3,SR25 Camarilla H3/L3 Mean Reversion,sr25-v1,3,3,6,5,172,0.6627906976744186,1.3882115247149744,0.8039830113598776,0.7733017455990305,0.29846993042912895,0.004100161430403677,0.8327240529356637,0.816765138200086,0.9390212841044265,0.9058670037354211,86,0.27944913535213645,1.3360699912553329,86,0.4099685259182848,1.4368317477694375,1,183,2026-04-01T00:00:00.000Z,2026-09-30T23:45:00.000Z
visual28,ACEUSDT,15m,vis_ema_slope_cross,EMA Slope + EMA Cross — Derived Adapter,visual-derived-v1,3,3,6,4,338,0.3076923076923077,1.3236769080205741,0.8778942257205264,0.8154355618584197,0.5759898900935004,0.004899750995568765,1.4282656638970517,1.389749555863578,0.9667393670625797,0.9003833638630989,169,0.7321286461160057,1.5019970422911642,169,0.08415401473289785,1.151827870474833,1,183,2026-04-01T00:00:00.000Z,2026-09-30T23:45:00.000Z
sr35,LDOUSDT,15m,sr25_wick_confirmed_zone,SR25 Wick Rejection at Confirmed Zone,sr25-v1,3,3,6,4,377,0.5755968169761273,1.251553701544871,0.8636981782467599,0.7948206666343998,0.315317692097278,0.00213130564392228,1.2175998550460219,1.174055655092773,0.9734055086133215,0.9002947807035724,189,0.6061809834889458,1.3501675097583767,188,0.16032887788176486,1.142317126310085,1,183,2026-04-01T00:00:00.000Z,2026-09-30T23:45:00.000Z
visual28,WLFIUSDT,15m,vis_nadaraya_watson,Nadaraya-Watson Envelope — Causal Derived Adapter,visual-derived-v1,3,3,6,4,220,0.7090909090909091,1.3926301521600266,0.7853456470288269,0.7465752437054478,0.5061540209638484,0.0031562503239667486,0.7065198202357463,0.6872602523069495,0.939237489002096,0.8979010548287771,110,-0.013560953211062099,1.0467559505937927,110,0.8098894734961017,1.916064911731727,1,183,2026-04-01T00:00:00.000Z,2026-09-30T23:45:00.000Z
sweep20,VIRTUALUSDT,15m,swp_rsi_exhaustion,Sweep + RSI Exhaustion,sweep-v1,3,3,6,5,259,0.640926640926641,1.287854804266839,0.8958319740260627,0.8474468214586752,0.2979550413131835,0.0030580440806949093,0.36200284496063095,0.34471081121284164,0.9464902411013278,0.8964377836039272,129,0.5023516076614141,1.3610685271250151,130,0.26190963843487336,1.2174660470587115,1,183,2026-04-01T00:00:00.000Z,2026-09-30T23:45:00.000Z
visual28,EIGENUSDT,15m,vis_bollinger_rsi_double,Bollinger + RSI Double — Derived Adapter,visual-derived-v1,3,3,6,4,114,0.6754385964912281,1.3811348608781626,0.8387668172350977,0.8179979377171189,0.4719629786819457,0.006992928233309713,1.7899175176309683,1.7729344027261273,0.9164047489639249,0.8941978253836491,57,0.6761927409684823,1.6143259964492622,57,0.09699008490675265,1.167306944982679,1,183,2026-04-01T00:00:00.000Z,2026-09-30T23:45:00.000Z
sweep20,CVCUSDT,5m,swp_range48_reclaim,Sweep Range-48 Reclaim,sweep-v1,3,3,6,5,576,0.65625,1.2708559306325549,0.9823878754405739,0.8715184340146693,0.33556999626060613,0.0014588067469180027,0.5376682574666913,0.4952520852767366,1.0021043753081913,0.8901340715913479,288,0.46489521335786455,1.2862263277010515,288,0.3532625797148341,1.256709891929538,1,183,2026-04-01T00:00:00.000Z,2026-09-30T23:55:00.000Z
sr35,PEOPLEUSDT,5m,sr25_lsob,SR25 Liquidity Sweep + Order Block,sr25-v1,3,3,6,5,391,0.5831202046035806,1.2971274982853838,1.1604665574471884,1.0777295105879423,0.3745329095049442,0.0025466456932080744,1.237367844655954,1.1842268256909012,0.9636050069418987,0.8889557578857123,195,0.7578791758954313,1.459621270271467,196,0.2290188012191947,1.1838369784851164,1,183,2026-04-01T00:00:00.000Z,2026-09-30T23:55:00.000Z
algo9,KAITOUSDT,1h,alphatrend,AlphaTrend,kivanc-core-v1,3,3,6,4,91,0.3956043956043956,1.5491281488710806,0.8818363889562852,0.8648217967823308,0.5002457235926969,0.014171137674484609,1.175326397596515,1.166511551430271,0.9042241200647387,0.8864411202437765,46,0.268763587431472,1.311675539285888,45,0.4832049150826738,1.7828444594679371,1,183,2026-04-01T00:00:00.000Z,2026-09-30T23:00:00.000Z
sweep20,EDGEUSDT,15m,swp_range12_reclaim,Sweep Range-12 Reclaim,sweep-v1,3,3,6,4,692,0.6502890173410405,1.1728455774912272,1.0842009981866565,0.9448626935248687,0.4952421696447169,0.0019000488706338906,0.9807187891526479,0.9157421010451847,1.0215695147449764,0.8862288306591499,346,0.33704182500577384,1.1559984745043073,346,0.5588151090020401,1.1927041524186348,1,183,2026-04-01T00:00:00.000Z,2026-09-30T23:45:00.000Z
visual28,PUMPUSDT,1h,vis_squeeze_momentum,Squeeze Momentum — Derived Adapter,visual-derived-v1,3,3,6,4,223,0.3901345291479821,1.2061770666644394,0.5137157906536558,0.48034513216510644,0.3584563786478119,0.003368042178094864,0.8411702199180109,0.8238337002785259,0.9242551796486709,0.8837655143052205,112,1.2941952486626516,1.644051589443916,111,-0.3401974868808382,0.876360543708904,1,183,2026-04-01T00:00:00.000Z,2026-09-30T23:00:00.000Z
sr35,ENJUSDT,5m,sr25_camarilla_h3_l3,SR25 Camarilla H3/L3 Mean Reversion,sr25-v1,3,3,6,4,175,0.7142857142857143,1.5801880292345258,1.1385938515506098,1.1014485652696155,0.6356018719959524,0.0079618084240854,0.8799465977784764,0.8620931908936098,0.9157724864132368,0.8834186650713571,87,0.7278375082140447,1.6752728716943353,88,0.2377285719194404,1.5050148419117018,1,183,2026-04-01T00:00:00.000Z,2026-09-30T23:55:00.000Z
sr35,PENDLEUSDT,5m,sr25_camarilla_h3_l3,SR25 Camarilla H3/L3 Mean Reversion,sr25-v1,3,3,6,4,168,0.6607142857142857,1.303358229243435,0.7462689887170619,0.7172300594631953,0.40181990723392913,0.004634606778394998,0.9719985755158129,0.9548410706110979,0.9141461455666442,0.882899806228792,84,0.9297179871883077,1.685364013157692,84,-0.09506518552928034,1.0005465141333245,1,183,2026-04-01T00:00:00.000Z,2026-09-30T23:55:00.000Z
sr35,PENDLEUSDT,1h,sr25_wick_confirmed_zone,SR25 Wick Rejection at Confirmed Zone,sr25-v1,3,3,6,4,96,0.5625,1.4918493573068778,1.02727196051903,1.0080010084245559,0.39365316781095727,0.009660711838296566,0.9229317763575251,0.9140236095780501,0.8997331582023582,0.8814769663264745,48,1.1184214394203695,1.9990419673050455,48,-0.043027075352050304,1.0268136918769633,1,183,2026-04-01T00:00:00.000Z,2026-09-30T23:00:00.000Z
sr35,ACEUSDT,15m,sr25_pdh_fvg_mss,SR25 PDH/PDL Sweep + FVG/MSS,sr25-v1,3,3,6,3,76,0.6052631578947368,1.528374744988724,1.013191022971934,0.9979602458792587,0.4633588347927283,0.01740362315647906,1.88119232681104,1.8698277096695928,0.8955663113187071,0.8813988594874256,38,0.800755934071957,1.7916380419138902,38,0.1179699507748444,1.2977203863929216,1,183,2026-04-01T00:00:00.000Z,2026-09-30T23:45:00.000Z
sweep20,WLFIUSDT,5m,swp_asia_range,Asia Range Sweep,sweep-v1,3,3,6,4,138,0.7318840579710145,1.650429349850552,0.9356717786842734,0.9092444768701986,0.4737662741911355,0.005595477283955631,0.9171967595403778,0.90298977147596,0.9077688843568066,0.8813477175028341,69,0.029665953160125325,1.125449888772754,69,0.879902674011455,2.708205965365832,1,183,2026-04-01T00:00:00.000Z,2026-09-30T23:55:00.000Z
sr35,BBUSDT,1h,sr25_pdh_fvg_mss,SR25 PDH/PDL Sweep + FVG/MSS,sr25-v1,3,3,6,4,64,0.546875,1.6775717893537063,0.9481650686815286,0.9358243054023969,0.5174322031335801,0.013669577068747359,1.0160360093430083,1.0093181320203546,0.8925323090051833,0.8803623121906319,32,-0.10357262319035132,0.9301354531252897,32,1.1732547656174623,2.6509150712437552,1,183,2026-04-01T00:00:00.000Z,2026-09-30T23:00:00.000Z
sweep20,4USDT,4h,swp_opening_range,UTC Opening-Range Sweep,sweep-v1,3,3,6,4,107,0.4766355140186916,1.527591376612414,1.3534437877323477,1.3283901215453975,0.6474086067092863,0.017315097706603597,1.6788271430737254,1.6629557578046215,0.8975713902326616,0.8784680429410696,53,1.043612318612111,1.7533322658567343,54,0.15160970909132998,1.2468237304900018,1,183,2026-04-01T00:00:00.000Z,2026-09-30T20:00:00.000Z
algo9,REZUSDT,1h,mavilimw,MavilimW,kivanc-core-v1,3,3,6,3,95,0.4105263157894737,1.8344782253652359,1.6343280794823403,1.609616677509056,0.19662953752464007,0.012761489041115355,0.5432714308915032,0.536860197706172,0.884787255325145,0.8692926098146325,48,0.8949391245819853,2.185231917422302,47,0.39019140262010343,1.575428134938025,1,183,2026-04-01T00:00:00.000Z,2026-09-30T23:00:00.000Z
visual28,BICOUSDT,5m,vis_bollinger_rsi_double,Bollinger + RSI Double — Derived Adapter,visual-derived-v1,3,3,6,4,334,0.6646706586826348,1.3142786285792114,0.8944064147775099,0.8320109168834413,0.7603524603169889,0.005152272106562367,2.8109890667198614,2.7489331230700618,0.9303715814519291,0.866610448720077,167,0.40817367535051075,1.2539722401378535,167,0.3452931608780192,1.364685485488505,1,183,2026-04-01T00:00:00.000Z,2026-09-30T23:55:00.000Z
sr35,XVGUSDT,1m,sr25_value_area_80,SR25 Value-Area Edge / 80% Rule,sr25-v1,3,3,6,4,134,0.7014925373134329,1.5687643175587904,1.251527237349574,1.221697437698447,0.38869610665035104,0.007344718000493215,0.5463895222609516,0.5361204474637244,0.8848705124014724,0.8604235315036579,67,0.2945982033933272,1.3767067962837298,67,0.7391706797120536,1.76788789926206,1,183,2026-04-01T00:00:00.000Z,2026-09-30T23:59:00.000Z
sr35,AVNTUSDT,5m,sr_prior_day_sweep,SR Prior-Day High/Low Sweep,sr-v1,3,3,6,4,84,0.6785714285714286,1.5897595821177897,0.9868251093281419,0.9703177490961494,0.21361768050771723,0.009487475083863734,0.5514998792914609,0.5455219471071426,0.873583765062385,0.858192152487059,42,0.4022199727514195,1.5485849901393856,42,0.4169139991848896,1.6390251524636208,1,183,2026-04-01T00:00:00.000Z,2026-09-30T23:55:00.000Z
sr35,AVNTUSDT,5m,sr25_previous_day_sweep,SR25 Previous-Day High/Low Sweep,sr25-v1,3,3,6,4,84,0.6785714285714286,1.5897595821177897,0.9868251093281419,0.9703177490961494,0.21361768050771723,0.009487475083863734,0.5514998792914609,0.5455219471071426,0.873583765062385,0.858192152487059,42,0.4022199727514195,1.5485849901393856,42,0.4169139991848896,1.6390251524636208,1,183,2026-04-01T00:00:00.000Z,2026-09-30T23:55:00.000Z
sweep20,AVNTUSDT,5m,swp_prior_day,Previous-Day High/Low Sweep,sweep-v1,3,3,6,4,84,0.6785714285714286,1.5897595821177897,0.9868251093281419,0.9703177490961494,0.21361768050771723,0.009487475083863734,0.5514998792914609,0.5455219471071426,0.873583765062385,0.858192152487059,42,0.4022199727514195,1.5485849901393856,42,0.4169139991848896,1.6390251524636208,1,183,2026-04-01T00:00:00.000Z,2026-09-30T23:55:00.000Z
sweep20,ENSUSDT,4h,swp_opening_range,UTC Opening-Range Sweep,sweep-v1,3,3,6,4,108,0.5555555555555556,1.4426094208272495,0.5531318728717414,0.5364863672444604,0.2632981368748617,0.006008251289178944,0.9244152150359737,0.9139636431983884,0.8769721540044624,0.8574514490053675,54,0.3981033506746241,1.7123593593608073,54,0.11088487994990603,1.2174692214132743,1,183,2026-04-01T00:00:00.000Z,2026-09-30T20:00:00.000Z
sweep20,INITUSDT,1h,swp_asia_range,Asia Range Sweep,sweep-v1,3,3,6,5,99,0.6262626262626263,1.4850968518845182,0.7644398564695865,0.7471280156192297,0.2753513671561493,0.00736966629065798,0.6064905561926162,0.5979055908457005,0.8743849895929636,0.855633781607753,49,0.53824486193722,1.8456977776799766,50,0.14704745657170815,1.2533168767941458,1,183,2026-04-01T00:00:00.000Z,2026-09-30T23:00:00.000Z
sweep20,TOWNSUSDT,5m,swp_asia_range,Asia Range Sweep,sweep-v1,3,3,6,4,138,0.6159420289855072,1.3841921059610853,0.94187451494344,0.9153536384109358,0.392947119179178,0.006057494102812061,1.0806599805374648,1.0671051694438702,0.8814066825833602,0.8551487558031847,69,0.11827407176398697,1.1762117351937151,69,0.7364924788788965,1.6457202886888107,1,183,2026-04-01T00:00:00.000Z,2026-09-30T23:55:00.000Z
sweep20,PYTHUSDT,5m,swp_range96_reclaim,Sweep Range-96 Reclaim,sweep-v1,3,3,6,4,324,0.6820987654320988,1.2830980070825928,1.1609743010269686,1.0921868998448376,0.4819548313771106,0.0030966034069716255,0.9604496704328589,0.9292418383061634,0.9142960940137563,0.8537093999758056,162,1.0429853306225274,1.5438669330274228,162,0.057753214688278875,1.0975145496274366,1,183,2026-04-01T00:00:00.000Z,2026-09-30T23:55:00.000Z
visual28,LAUSDT,1m,vis_macd_stoch,MACD + Stochastic — Derived Adapter,visual-derived-v1,3,3,6,3,636,0.5927672955974843,1.1497378120698738,0.7483717199439435,0.6406755854240336,0.6321145024968504,0.001336735139430088,2.8318292855960867,2.708979034519037,0.9739365463227343,0.8512571454544227,318,-0.1968488561096673,0.9761657800917783,318,1.1768900327715643,1.3612896732137225,1,183,2026-04-01T00:00:00.000Z,2026-09-30T23:59:00.000Z
visual28,MOODENGUSDT,5m,vis_rsi_entries,RSI Signals Entries — Derived Adapter,visual-derived-v1,3,3,6,5,397,0.6675062972292192,1.254666153458907,1.0389340443507962,0.959672052176805,0.43071930351894405,0.0022503243656644143,1.0611616130019637,1.021280074549134,0.9242610192652689,0.8492612079202952,199,0.4440740863217876,1.2505137815234397,198,0.4119317448207802,1.2590703852556364,1,183,2026-04-01T00:00:00.000Z,2026-09-30T23:55:00.000Z
algo9,BCHUSDT,4h,ut_bot_quantnomad,UT Bot Strategy — QuantNomad,tv-open-v1,3,3,6,5,119,0.3445378151260504,1.572873117193026,1.0354811003686968,1.0115072927577393,0.21520512513284762,0.007728471383037133,0.473164865251529,0.4654188455389239,0.867148575247195,0.8469933973643533,59,0.19678950040500265,1.3554415425758723,60,0.7007845570836599,1.8374102700119568,1,183,2026-04-01T00:00:00.000Z,2026-09-30T20:00:00.000Z
fib9,CELOUSDT,4h,fib_retrace_382,Fibonacci Retracement 0.382 Reclaim,fib-ew-causal-v1,3,3,6,5,47,0.574468085106383,2.162151475855026,0.8308328661246325,0.822348985847162,0.10212476084108213,0.013937441286710234,0.16236487628712482,0.15947707845656067,0.8544797883845068,0.8462590161418548,21,0.36421060580658593,2.8706751165452764,26,0.3420456184198599,1.8438591122397336,1,183,2026-04-01T00:00:00.000Z,2026-09-30T20:00:00.000Z
sr35,AAVEUSDT,1h,sr_pivot_breakout,SR Pivot Breakout,sr-v1,3,3,6,4,118,0.3474576271186441,1.5760520669346725,1.0564506855428943,1.0324314528106346,0.33517788742292964,0.008079774855614494,0.5493885825524567,0.5397098521568522,0.867545368251911,0.8451619504613097,59,0.8276079002998964,1.9462230152569882,59,0.12521437733194696,1.2351095343971001,1,183,2026-04-01T00:00:00.000Z,2026-09-30T23:00:00.000Z
sr35,AAVEUSDT,1h,sr25_confirmed_pivot_breakout,SR25 Confirmed Pivot Breakout,sr25-v1,3,3,6,4,118,0.3474576271186441,1.5760520669346725,1.0564506855428943,1.0324314528106346,0.33517788742292964,0.008079774855614494,0.5493885825524567,0.5397098521568522,0.867545368251911,0.8451619504613097,59,0.8276079002998964,1.9462230152569882,59,0.12521437733194696,1.2351095343971001,1,183,2026-04-01T00:00:00.000Z,2026-09-30T23:00:00.000Z
sr35,KASUSDT,1m,sr25_camarilla_h3_l3,SR25 Camarilla H3/L3 Mean Reversion,sr25-v1,3,3,6,5,184,0.6467391304347826,1.506278899561439,1.0346713531428295,0.9976976765451415,0.21065113259110613,0.004342293473900914,0.461291695589793,0.4473750636610405,0.8761526345672359,0.8422291403230495,92,0.6807520209072022,1.9508627084046872,92,0.2105720105245492,1.2524565722680374,1,183,2026-04-01T00:00:00.000Z,2026-09-30T23:59:00.000Z
sr35,ETHFIUSDT,1h,sr25_value_area_80,SR25 Value-Area Edge / 80% Rule,sr25-v1,3,3,6,5,106,0.6226415094339622,1.4792498511785783,0.804704788347179,0.7857466795973398,0.23633357612652472,0.007319216906152785,0.5596209588757743,0.5511154483957448,0.8576080203504419,0.8386509642764135,53,0.7931289742234899,2.0443686965564316,53,0.00645565059183939,1.1021474330262264,1,183,2026-04-01T00:00:00.000Z,2026-09-30T23:00:00.000Z
sr35,ARKMUSDT,15m,sr_wick_rejection,SR Wick Rejection,sr-v1,3,3,6,4,176,0.6647727272727273,1.397042778266585,1.0965246196412561,1.060060735899937,0.46596762344703846,0.0052350062655885385,0.7182220515957831,0.7027377294790016,0.8683877090330923,0.83623735943176,88,0.6516158153035518,1.5456318108637037,88,0.2693779026667502,1.2719375752975353,1,183,2026-04-01T00:00:00.000Z,2026-09-30T23:45:00.000Z
sweep20,RENDERUSDT,1m,swp_asia_range,Asia Range Sweep,sweep-v1,3,3,6,5,137,0.6204379562043796,1.451908244464419,0.8774577136080046,0.8520040045254742,0.17158240913815903,0.005509735685082858,0.25080473795700886,0.24259690414858825,0.8599996348027281,0.8344136040958468,68,0.407012214377646,1.627125996033286,69,0.33435779336034255,1.350495169098577,1,183,2026-04-01T00:00:00.000Z,2026-09-30T23:59:00.000Z
sweep20,EULUSDT,5m,swp_range48_reclaim,Sweep Range-48 Reclaim,sweep-v1,3,3,6,4,610,0.6573770491803279,1.1761203113275913,0.9216943823570078,0.8080015689828379,0.4972446518601835,0.0017787947177750167,0.8678677572226714,0.8109067966180401,0.9478828716328205,0.8326434974015375,305,0.7110190442274134,1.2358531376229929,305,0.12312857582758419,1.1214062977636468,1,183,2026-04-01T00:00:00.000Z,2026-09-30T23:55:00.000Z
sr35,AKEUSDT,1m,sr25_trendline_breakout,SR25 Multi-Touch Trendline Breakout,sr25-v1,3,3,6,4,1203,0.4231088944305902,1.2294053027338807,1.2778476689623357,1.0191891068692205,0.9502500919368934,0.0037714447542497266,3.564470099264269,3.275595903649158,1.0663553830694692,0.8311453808960425,602,17.94333693986962,1.6071121438760452,601,-0.879754677003701,0.9058952229541483,1,183,2026-04-01T00:00:00.000Z,2026-09-30T23:59:00.000Z
sr35,POWERUSDT,15m,sr25_liquidity_absorption,SR25 Liquidity Sweep + Volume Absorption,sr25-v1,3,3,6,4,213,0.647887323943662,1.3343788906361278,0.9809146964889264,0.9392357012384314,0.5040428677780819,0.00469351357771988,2.0805262793108645,2.0483401377311115,0.8696571281611372,0.8303086146402587,107,0.47761964357503994,1.4157817880127228,106,0.3406120479666772,1.2753635586316794,1,183,2026-04-01T00:00:00.000Z,2026-09-30T23:45:00.000Z
sweep20,EULUSDT,15m,swp_opening_range,UTC Opening-Range Sweep,sweep-v1,3,3,6,3,356,0.6853932584269663,1.3944422698109125,0.9747376991417465,0.9056838791432875,0.5943460640361785,0.004310409313478205,2.6391909064420576,2.5745758038423268,0.8966276219309168,0.8301151170738115,178,0.7619392147875692,1.6335670513897973,178,0.12077515646862769,1.1279197502874372,1,183,2026-04-01T00:00:00.000Z,2026-09-30T23:45:00.000Z
visual28,LAUSDT,5m,vis_macd_stoch,MACD + Stochastic — Derived Adapter,visual-derived-v1,3,3,6,4,105,0.6,1.3384103749709204,0.5429611999463781,0.5268768378784299,0.5126707198121683,0.0061368475629714,1.425917860776004,1.4123185043142885,0.8483359778055801,0.8289285640989896,53,-0.24671458197795615,0.9253052278238674,52,1.0483088654468342,2.840299667678042,1,183,2026-04-01T00:00:00.000Z,2026-09-30T23:55:00.000Z
sweep20,MOVEUSDT,5m,swp_volume_absorption,Sweep + Volume Absorption,sweep-v1,3,3,6,5,580,0.6293103448275862,1.1861211210918587,0.8313888069934376,0.7282552064689283,0.25800759555254693,0.0013762002854654986,0.6775232933810797,0.6286575806972523,0.9330121428753233,0.8238006901441006,290,-0.03240650135300527,1.0201797147376557,290,0.8927254157394668,1.379995883081198,1,183,2026-04-01T00:00:00.000Z,2026-09-30T23:55:00.000Z
visual28,KAVAUSDT,15m,vis_nadaraya_watson,Nadaraya-Watson Envelope — Causal Derived Adapter,visual-derived-v1,3,3,6,5,217,0.6774193548387096,1.4857091438287369,0.8383175549703512,0.7989485051839902,0.2211467608011286,0.003169358674881274,0.64188316957279,0.624159768615006,0.8631855684115628,0.823286969071241,109,0.5363615731822213,1.7355573792908678,108,0.19653966036308557,1.2731985909938008,1,183,2026-04-01T00:00:00.000Z,2026-09-30T23:45:00.000Z
sweep20,EDGEUSDT,15m,swp_wick_sfp,Sweep + Wick Rejection,sweep-v1,3,3,6,3,247,0.6639676113360324,1.2912462266869464,0.8467537744579432,0.8016541850651229,0.614235527957337,0.005195247164792942,1.7408267396772672,1.7050610237873705,0.867432935869068,0.8213000221140621,123,0.2134311355680365,1.2381485571934867,124,0.5219271372935663,1.3415594807300826,1,183,2026-04-01T00:00:00.000Z,2026-09-30T23:45:00.000Z
sweep20,ESPUSDT,15m,swp_volume_absorption,Sweep + Volume Absorption,sweep-v1,3,3,6,4,203,0.6600985221674877,1.351132941089394,0.8920977501792073,0.8541584592077776,0.4336858285257549,0.0040090221689446605,1.7572704512837762,1.7300814538783418,0.8570693957499897,0.8196469346295394,101,0.5778439001396471,1.560573637390644,102,0.19916662859472245,1.206798199704065,1,183,2026-04-01T00:00:00.000Z,2026-09-30T23:45:00.000Z
sr35,PIEVERSEUSDT,15m,sr_range_edge,SR Range Edge Rejection,sr-v1,3,3,6,3,206,0.6844660194174758,1.3051167833311705,0.6090645679806452,0.5761988459769416,0.785884399904507,0.005513893640387995,3.4932922979902026,3.4447344595892826,0.8558405649766976,0.8179721640112012,103,1.068266044376526,1.6136940226736243,103,-0.22202244128332393,1.0621121519297412,1,183,2026-04-01T00:00:00.000Z,2026-09-30T23:45:00.000Z
sr35,SUSHIUSDT,15m,sr_range_edge,SR Range Edge Rejection,sr-v1,3,3,6,5,215,0.7023255813953488,1.4057791104438746,1.037205318455157,0.9939748542941571,0.2869497694560851,0.004120716065138846,0.5513115487941687,0.5354655518550442,0.8545044689925905,0.8153152209539576,108,0.6796370744428959,1.5549495208551924,107,0.21288422924985562,1.259345215367265,1,183,2026-04-01T00:00:00.000Z,2026-09-30T23:45:00.000Z
sweep20,1000BONKUSDT,5m,swp_fvg_after,Sweep + Post-Sweep FVG,sweep-v1,3,3,6,4,498,0.5542168674698795,1.2310543066627464,0.9993736172541186,0.9023335117754914,0.29604704060962495,0.001782227195348549,0.8832312997870784,0.8366403609876663,0.9079286466390364,0.8149555775443731,249,0.13718208844111102,1.1101081925027474,249,0.7581824736572609,1.3697465759369005,1,183,2026-04-01T00:00:00.000Z,2026-09-30T23:55:00.000Z
sweep20,FLOCKUSDT,15m,swp_range12_reclaim,Sweep Range-12 Reclaim,sweep-v1,3,3,6,4,703,0.6230440967283073,1.1935789769021081,1.12498257108318,0.9807841651549403,0.34986217691814436,0.0016736076912277043,0.4640226821304181,0.4152331127516804,0.945630497491144,0.8139499650425541,351,0.6597929378005605,1.2407002773479068,352,0.2802696786377816,1.1441613351671385,1,183,2026-04-01T00:00:00.000Z,2026-09-30T23:45:00.000Z
sr35,LINKUSDT,1h,sr25_pdh_fvg_mss,SR25 PDH/PDL Sweep + FVG/MSS,sr25-v1,3,3,6,4,71,0.6619718309859155,1.9252841660718145,0.8840005748466431,0.870773077345077,0.21980439372345095,0.01017548802032546,0.5598282268933832,0.5541278471705948,0.8245531359942675,0.8115564919046041,36,0.7678038704009931,2.745856335031737,35,0.06572940946174799,1.2140867887433164,1,183,2026-04-01T00:00:00.000Z,2026-09-30T23:00:00.000Z
sr35,ZENUSDT,1h,sr25_value_area_80,SR25 Value-Area Edge / 80% Rule,sr25-v1,3,3,6,4,87,0.6206896551724138,1.494971189598268,0.6259353916844284,0.6118972494963277,0.42247278392022725,0.007890258741758952,0.8199826725083958,0.812081957300391,0.8248695701949855,0.8087759772882248,44,0.465464307699051,1.6773798293160362,43,0.10950187127882649,1.262089623181613,1,183,2026-04-01T00:00:00.000Z,2026-09-30T23:00:00.000Z
sweep20,CVCUSDT,15m,swp_range12_reclaim,Sweep Range-12 Reclaim,sweep-v1,3,3,6,5,704,0.6178977272727273,1.245206174543769,1.000156603356816,0.8642796647307143,0.27530485573797636,0.0012365452185300989,1.0968044626800006,1.0239960085431172,0.9388910824775782,0.8073513183174337,352,0.475389963757761,1.2678391458951042,352,0.3556799574957743,1.2188589402523675,1,183,2026-04-01T00:00:00.000Z,2026-09-30T23:45:00.000Z
sr35,PENDLEUSDT,1h,sr25_camarilla_h3_l3,SR25 Camarilla H3/L3 Mean Reversion,sr25-v1,3,3,6,4,152,0.6578947368421053,1.285075614066309,0.5727488638041582,0.5490566405678199,0.4181285855625557,0.004406377957958234,1.1844274802260468,1.1671762021782297,0.8326266413525567,0.8054106330284696,76,0.8787521649276255,1.7688929191325395,76,-0.16287582089639574,0.9468835682845724,1,183,2026-04-01T00:00:00.000Z,2026-09-30T23:00:00.000Z
sr35,CCUSDT,15m,sr_prior_day_sweep,SR Prior-Day High/Low Sweep,sr-v1,3,3,6,5,97,0.6494845360824743,1.752994036679076,1.078308842271181,1.058378356564003,0.1743905315232135,0.008448111798187446,0.2421337577017093,0.23657488656393877,0.820713098755002,0.8034092703009177,49,0.3644620553760878,1.6831891389927511,48,0.5231708599608773,1.8134061734571456,1,183,2026-04-01T00:00:00.000Z,2026-09-30T23:45:00.000Z
sr35,CCUSDT,15m,sr25_previous_day_sweep,SR25 Previous-Day High/Low Sweep,sr25-v1,3,3,6,5,97,0.6494845360824743,1.752994036679076,1.078308842271181,1.058378356564003,0.1743905315232135,0.008448111798187446,0.2421337577017093,0.23657488656393877,0.820713098755002,0.8034092703009177,49,0.3644620553760878,1.6831891389927511,48,0.5231708599608773,1.8134061734571456,1,183,2026-04-01T00:00:00.000Z,2026-09-30T23:45:00.000Z
sweep20,CCUSDT,15m,swp_prior_day,Previous-Day High/Low Sweep,sweep-v1,3,3,6,5,97,0.6494845360824743,1.752994036679076,1.078308842271181,1.058378356564003,0.1743905315232135,0.008448111798187446,0.2421337577017093,0.23657488656393877,0.820713098755002,0.8034092703009177,49,0.3644620553760878,1.6831891389927511,48,0.5231708599608773,1.8134061734571456,1,183,2026-04-01T00:00:00.000Z,2026-09-30T23:45:00.000Z
sr35,FLOCKUSDT,1h,sr25_value_area_80,SR25 Value-Area Edge / 80% Rule,sr25-v1,3,3,6,4,87,0.6666666666666666,1.4169802429016878,0.6683507351200464,0.6539232735747789,0.5193253468706376,0.010031068410811018,1.80318984266618,1.7908333722177914,0.8193428316600397,0.8032676859144772,43,0.47704237267689353,1.5666320026474057,44,0.12952124189669667,1.2560629686432156,1,183,2026-04-01T00:00:00.000Z,2026-09-30T23:00:00.000Z
sweep20,PENGUUSDT,15m,swp_failed_breakout,Two-Bar Failed Breakout Sweep,sweep-v1,3,3,6,4,328,0.6463414634146342,1.247033655429557,0.9020403893812534,0.8407399798226411,0.3382560115708666,0.0025887095995552178,0.4765814402353352,0.45259808359636367,0.8609349885995334,0.8009554311718361,164,0.6598521701828273,1.395039599495476,164,0.14590951143061814,1.1403472190865775,1,183,2026-04-01T00:00:00.000Z,2026-09-30T23:45:00.000Z
sweep20,GPSUSDT,15m,swp_rsi_exhaustion,Sweep + RSI Exhaustion,sweep-v1,3,3,6,5,214,0.6635514018691588,1.3272047276874213,1.0087620306398222,0.9663164293901623,0.4985254260158096,0.004405488219281024,1.06715746416277,1.0454787848627354,0.8394627595730619,0.8007588565150212,107,0.5592846845113848,1.3972005179136322,107,0.2882586807868788,1.2590168444954686,1,183,2026-04-01T00:00:00.000Z,2026-09-30T23:45:00.000Z
visual28,RAYSOLUSDT,1h,vis_fibonacci_bb,Fibonacci Bollinger Bands — Derived Adapter,visual-derived-v1,3,3,6,4,120,0.4083333333333333,1.3853827100521525,0.6565194022730398,0.6368104055683852,0.2462167493120413,0.005918931563923533,1.0703175240317742,1.0590835626557964,0.8150733702144948,0.794213367755916,60,1.2445571778740816,2.4745126124118335,60,-0.2619838698687105,0.8244203742627492,1,183,2026-04-01T00:00:00.000Z,2026-09-30T23:00:00.000Z
sr35,MORPHOUSDT,5m,sr25_pdh_fvg_mss,SR25 PDH/PDL Sweep + FVG/MSS,sr25-v1,3,3,6,4,82,0.6341463414634146,1.293912381005651,0.4108571927360303,0.3993606695417762,0.4478439980498681,0.006077630375248665,0.8804708892780326,0.8721347326515034,0.8084554726155915,0.7932287611747106,41,0.5162939342969584,1.6915077890949366,41,-0.06953581965611022,0.9994521116483411,1,183,2026-04-01T00:00:00.000Z,2026-09-30T23:55:00.000Z
sr35,STXUSDT,1h,sr_level_flip,SR Breakout Level Flip,sr-v1,3,3,6,4,76,0.3684210526315789,1.7213650399172506,1.075907926908302,1.0602809765959647,0.40642534684740494,0.014403421006616358,1.3176349469806028,1.308292934987541,0.8024736741678546,0.7885231178416581,38,0.9016524010491156,2.260434533208405,38,0.09163374219339637,1.2228123399518385,1,183,2026-04-01T00:00:00.000Z,2026-09-30T23:00:00.000Z
visual28,PROVEUSDT,4h,vis_structure_vwap,Structure-Anchored VWAP — Derived Adapter,visual-derived-v1,3,3,6,4,196,0.32653061224489793,1.0848219085608066,0.024856752469240906,0.00495077944576261,0.6439981138571198,0.001021346384514071,0.3255160591522268,0.315775486686908,0.8166128969520567,0.7875018102658851,98,0.07794081725646929,1.15973177228086,98,-0.04924580639068532,1.0160638812245821,1,183,2026-04-01T00:00:00.000Z,2026-09-30T20:00:00.000Z
sweep20,ZORAUSDT,1h,swp_pivot_sfp_body,Pivot SFP + Body Confirmation,sweep-v1,3,3,6,5,130,0.5923076923076923,1.4234473204040075,0.7646721193263986,0.7419351442619113,0.3073538682745375,0.006202958324244165,0.7778644679663143,0.7644747408672592,0.8076019338302065,0.7839530811925197,65,-0.0013511627231225232,1.1188746349003413,65,0.7670597045286875,2.0418889029503413,1,183,2026-04-01T00:00:00.000Z,2026-09-30T23:00:00.000Z
sweep20,MOODENGUSDT,5m,swp_atr_expansion,Sweep + ATR Expansion,sweep-v1,3,3,6,4,661,0.5960665658093798,1.1708950639477442,0.8328543846840504,0.7156831684683986,0.5133080282924347,0.001221903631297146,1.5302107904442805,1.4485206617780744,0.9053401076672041,0.7835419456722907,330,0.3618767704401533,1.1690114759305343,331,0.3458298316459836,1.1729523337816983,1,183,2026-04-01T00:00:00.000Z,2026-09-30T23:55:00.000Z
sr35,ETCUSDT,1h,sr25_inverse_fvg,SR25 Inverse Fair Value Gap,sr25-v1,3,3,6,3,50,0.48,2.217329905286168,0.9161374612117885,0.9066842246051252,0.17645859216269588,0.01537291798279573,0.7051683812803713,0.6998004758978527,0.7931086192995309,0.7835395322456853,25,0.4464407027551296,2.4575518569771173,25,0.3247258996251938,2.003002935969703,1,183,2026-04-01T00:00:00.000Z,2026-09-30T23:00:00.000Z
sr35,MERLUSDT,15m,sr25_pdh_fvg_mss,SR25 PDH/PDL Sweep + FVG/MSS,sr25-v1,3,3,6,5,76,0.618421052631579,1.4711164498729035,0.7949497975126794,0.7814135741362107,0.5000016860109581,0.011131967348397354,0.6548808305624754,0.6486757074930727,0.7957128745473854,0.7821684015775319,38,0.5466973389177934,1.6394582881052264,38,0.16050487212228903,1.2929919871898041,1,183,2026-04-01T00:00:00.000Z,2026-09-30T23:45:00.000Z
sr35,AVNTUSDT,5m,sr_range_edge,SR Range Edge Rejection,sr-v1,3,3,6,3,652,0.6303680981595092,1.1678507869327688,0.8873923486616493,0.7683347106372591,0.3694712270463364,0.0012464650975860267,1.8580738459171569,1.7619651056956993,0.9004738245854513,0.7811265176201685,326,0.34963615016792104,1.1581761497397798,326,0.3984453131511234,1.1777132502203318,1,183,2026-04-01T00:00:00.000Z,2026-09-30T23:55:00.000Z
sweep20,VVVUSDT,1h,swp_atr_expansion,Sweep + ATR Expansion,sweep-v1,3,3,6,5,61,0.6721311475409836,1.4780502773812052,0.6213446942605083,0.611479814133113,0.6056448860044852,0.015009420595143113,0.3660458542550724,0.36129272686297,0.791237385858433,0.7798270414440813,30,1.4906785318684617,3.414707126367561,31,-0.3490349422796829,0.9393138381660062,1,183,2026-04-01T00:00:00.000Z,2026-09-30T23:00:00.000Z
sr35,HYPEUSDT,15m,sr25_supply_demand_retest,SR25 RBD/DBR Supply-Demand Retest,sr25-v1,3,3,6,4,66,0.45454545454545453,1.8775725493874726,1.1681022488736716,1.1539727006974125,0.273768679429657,0.014143621587939009,0.7231003506971547,0.716645245927203,0.7915358353154125,0.7794685049074632,33,1.3690111226755852,4.28156748124419,33,-0.08480706227120016,0.9782285621082587,1,183,2026-04-01T00:00:00.000Z,2026-09-30T23:45:00.000Z
visual28,MUBARAKUSDT,15m,vis_high_volume_box,High Volume Boxes — Derived Adapter,visual-derived-v1,3,3,6,4,211,0.3459715639810427,1.3131420035915047,0.5861927921391203,0.5530408889923084,0.5643040764038656,0.0063935548985632135,1.8490121168504308,1.8210730519107483,0.811612653990387,0.7739492903749439,106,1.8510238275431274,1.8078590776719394,105,-0.443640990715246,0.7849942350213523,1,183,2026-04-01T00:00:00.000Z,2026-09-30T23:45:00.000Z
visual28,FORMUSDT,4h,vis_coppock,Coppock Curve — Derived Adapter,visual-derived-v1,3,3,6,4,152,0.3684210526315789,1.1357725669289338,0.1587510536543122,0.1412665385150056,0.4324390015098276,0.002216190703290753,1.3190268251933897,1.3071741085821493,0.794622941231033,0.7725795533421349,76,0.30078963396905545,1.3353717931964155,76,-0.10919412071369694,0.9956348109450317,1,183,2026-04-01T00:00:00.000Z,2026-09-30T20:00:00.000Z
sweep20,XRPUSDT,5m,swp_ema50_filter,Sweep + EMA50 Direction Filter,sweep-v1,3,3,6,3,83,0.4819277108433735,2.0149503824935606,0.960118649781631,0.944024584730248,0.18528881646272666,0.009767288228633628,0.8356453095299807,0.8278632696165529,0.7814018400745313,0.7662290637934372,42,0.4694547428320217,2.1624030091722557,41,0.33390882525852716,1.8444890780659349,1,183,2026-04-01T00:00:00.000Z,2026-09-30T23:55:00.000Z
sweep20,MINAUSDT,5m,swp_volume_absorption,Sweep + Volume Absorption,sweep-v1,3,3,6,4,659,0.6282245827010622,1.1896736783537618,0.9081617102456516,0.7865476030650207,0.3050322066287816,0.0012271601784936024,0.8498770179957977,0.788303221201011,0.8772561229034392,0.7576088997250914,329,1.1702804371044424,1.440955739145003,330,-0.12077643164332341,0.9849113127997491,1,183,2026-04-01T00:00:00.000Z,2026-09-30T23:55:00.000Z
visual28,FOLKSUSDT,1m,vis_macd_stoch,MACD + Stochastic — Derived Adapter,visual-derived-v1,3,3,6,3,559,0.590339892665474,1.1798551563881376,0.8646199241531234,0.7632784956155916,0.5436957315331544,0.0018490532720464763,1.3233887261164434,1.2546587287073545,0.8547806566602616,0.7534471686709008,280,1.015542961852455,1.3351414689394072,279,-0.07487959351688811,1.0557491253020792,1,183,2026-04-01T00:00:00.000Z,2026-09-30T23:59:00.000Z
sr35,RENDERUSDT,5m,sr_wick_rejection,SR Wick Rejection,sr-v1,3,3,6,4,500,0.656,1.213674896432833,0.8274997790730962,0.738450701986036,0.3887675580307345,0.0014457225777584108,0.4322377767251868,0.3955210706590644,0.8420737301029986,0.752140643910109,250,0.3929124801981603,1.2206202185424275,250,0.31199899853945645,1.205814446883197,1,183,2026-04-01T00:00:00.000Z,2026-09-30T23:55:00.000Z
sweep20,RUNEUSDT,4h,swp_asia_range,Asia Range Sweep,sweep-v1,3,3,6,4,82,0.5975609756097561,1.399974469975221,0.5074706657090327,0.4951941700131217,0.3538231368000353,0.007182048862527973,0.4144536922758353,0.4098316004943541,0.7651404823662724,0.7516725200788095,41,0.7422237060739276,2.4161781968879628,41,-0.13474333953009265,0.9859994723521202,1,183,2026-04-01T00:00:00.000Z,2026-09-30T20:00:00.000Z
sr35,POWERUSDT,1h,sr25_role_reversal_flip,SR25 S/R Role-Reversal Level Flip,sr25-v1,3,3,6,4,94,0.39361702127659576,1.3799958504567957,0.6416457381365575,0.6263168233068077,0.37855955822842047,0.008932545123569438,0.4557735707657189,0.44984721561703656,0.7601194821005661,0.743871034451778,47,0.3238823042891281,1.4066966710428799,47,0.24002393023755575,1.3480764031577597,1,183,2026-04-01T00:00:00.000Z,2026-09-30T23:00:00.000Z
sweep20,AUSDT,5m,swp_wick_sfp,Sweep + Wick Rejection,sweep-v1,3,3,6,5,719,0.6147426981919333,1.2000373262491417,0.9274826874375883,0.7938534823013323,0.27834381147914466,0.001061679060866418,0.37632090375311456,0.33087819956114894,0.8716868677006344,0.7419207277181346,359,0.5788410070241499,1.2699042283889663,360,0.22082127260589135,1.1303686531190076,1,183,2026-04-01T00:00:00.000Z,2026-09-30T23:55:00.000Z
sr35,NOMUSDT,15m,sr25_impulse_ob_retest,SR25 Impulse Order Block Retest,sr25-v1,3,3,6,4,143,0.5034965034965035,1.2567167562549826,0.2518215936979229,0.234006574175887,0.703881528974305,0.005235399437952101,1.353893259702219,1.334852673576302,0.7663864905893409,0.7409663105962978,71,-0.3061553940353632,0.8432087670369177,72,0.8041814880978182,1.6993815465609674,1,183,2026-04-01T00:00:00.000Z,2026-09-30T23:45:00.000Z
sr35,TAOUSDT,4h,sr25_swing_anchored_vwap,SR25 Swing-Anchored VWAP Rejection / Flip,sr25-v1,3,3,6,4,209,0.3923444976076555,1.2415582807346108,0.48861126693161117,0.45785528656093377,0.3522241402228782,0.00270687921437729,0.6562139407221201,0.6401343912389557,0.775505171032612,0.7402481849506197,105,0.20903615055546587,1.231229607162074,104,0.23123801240161734,1.255196590679152,1,183,2026-04-01T00:00:00.000Z,2026-09-30T20:00:00.000Z
visual28,MMTUSDT,15m,vis_high_volume_box,High Volume Boxes — Derived Adapter,visual-derived-v1,3,3,6,4,199,0.36180904522613067,1.2747028713174604,0.6817484330528518,0.6486369758528574,0.518935543993422,0.004680827789680107,1.0654075591885732,1.0453611376327472,0.7741768728272913,0.7389064706379822,100,0.7006037729406771,1.4738447644716552,99,-0.011087438583781806,1.0771960158149894,1,183,2026-04-01T00:00:00.000Z,2026-09-30T23:45:00.000Z
sr35,LDOUSDT,4h,sr_prior_day_sweep,SR Prior-Day High/Low Sweep,sr-v1,3,3,6,3,66,0.6515151515151515,1.684897829845326,0.9155688342902961,0.9030619966185438,0.18446084159742693,0.012187485794320534,0.6289466867263445,0.622833566276561,0.7457479547659172,0.7343389165585996,33,0.6635150432323291,2.2300203935335756,33,0.15151879274154845,1.3308211577810378,1,183,2026-04-01T00:00:00.000Z,2026-09-30T20:00:00.000Z
sr35,LDOUSDT,4h,sr25_previous_day_sweep,SR25 Previous-Day High/Low Sweep,sr25-v1,3,3,6,3,66,0.6515151515151515,1.684897829845326,0.9155688342902961,0.9030619966185438,0.18446084159742693,0.012187485794320534,0.6289466867263445,0.622833566276561,0.7457479547659172,0.7343389165585996,33,0.6635150432323291,2.2300203935335756,33,0.15151879274154845,1.3308211577810378,1,183,2026-04-01T00:00:00.000Z,2026-09-30T20:00:00.000Z
sweep20,LDOUSDT,4h,swp_prior_day,Previous-Day High/Low Sweep,sweep-v1,3,3,6,3,66,0.6515151515151515,1.684897829845326,0.9155688342902961,0.9030619966185438,0.18446084159742693,0.012187485794320534,0.6289466867263445,0.622833566276561,0.7457479547659172,0.7343389165585996,33,0.6635150432323291,2.2300203935335756,33,0.15151879274154845,1.3308211577810378,1,183,2026-04-01T00:00:00.000Z,2026-09-30T20:00:00.000Z
sweep20,SUSHIUSDT,5m,swp_range48_reclaim,Sweep Range-48 Reclaim,sweep-v1,3,3,6,4,582,0.6786941580756014,1.1921920960499541,0.8045936858560787,0.7026290414096732,0.3292244885620138,0.0013046581323077262,0.4539622909390837,0.4130018125085346,0.8330990121755613,0.7302185816452129,291,0.577981072049838,1.2922027645362777,291,0.14360920914714437,1.1132813638073753,1,183,2026-04-01T00:00:00.000Z,2026-09-30T23:55:00.000Z
algo9,1000BONKUSDT,4h,ut_bot_quantnomad,UT Bot Strategy — QuantNomad,tv-open-v1,3,3,6,4,110,0.37272727272727274,1.4675847542265568,0.9275899225531792,0.906587761967083,0.4242382466406428,0.008014188162509902,1.6676570760584988,1.6580267718003507,0.7454343500879945,0.7281293610058754,55,0.13643031606191225,1.245589712358368,55,0.6961796031919336,1.7141088344478164,1,183,2026-04-01T00:00:00.000Z,2026-09-30T20:00:00.000Z
sweep20,AVNTUSDT,5m,swp_mss_confirm,Sweep + Micro Structure Shift,sweep-v1,3,3,6,3,632,0.5743670886075949,1.1626768164648156,0.7827090140917738,0.6735894085753829,0.659176461507027,0.0012008275007330115,2.4090338687921604,2.301051814705745,0.8409398952156508,0.7280888294181245,316,0.307239062580122,1.1544848567889727,316,0.3637207341197486,1.1711087125965718,1,183,2026-04-01T00:00:00.000Z,2026-09-30T23:55:00.000Z
sr35,DEEPUSDT,4h,sr25_swing_anchored_vwap,SR25 Swing-Anchored VWAP Rejection / Flip,sr25-v1,3,3,6,5,204,0.4019607843137255,1.5317701775511572,1.8124419038236712,1.7558529439295874,0.3736753756560244,0.006749608683578023,1.0419113979984025,1.0233346280975666,0.7614071243525729,0.7279794538239375,102,0.5193148237522505,1.3891898637076454,102,0.8511251650120737,1.690091093262774,1,183,2026-04-01T00:00:00.000Z,2026-09-30T20:00:00.000Z
sr35,APTUSDT,5m,sr25_liquidity_absorption,SR25 Liquidity Sweep + Volume Absorption,sr25-v1,3,3,6,5,563,0.605683836589698,1.2012307459053606,0.8213435613075624,0.7217069354525001,0.37887204556976384,0.0013257241602780791,0.8867847600980696,0.8298404590456454,0.8273283838187508,0.7270196707113996,281,0.25022602318407405,1.1646474300164638,282,0.45681143051955164,1.2351844852699436,1,183,2026-04-01T00:00:00.000Z,2026-09-30T23:55:00.000Z
sweep20,ZROUSDT,5m,swp_failed_breakout,Two-Bar Failed Breakout Sweep,sweep-v1,3,3,6,4,983,0.6266531027466938,1.1403391201141981,1.014427220598916,0.8258976679550374,0.4831302673271638,0.0009890538051933002,1.7548737675536699,1.6186431040104616,0.902747461420889,0.7246601700741937,491,0.3592694460654111,1.1264715993068861,492,0.4819925706635668,1.153320799116945,1,183,2026-04-01T00:00:00.000Z,2026-09-30T23:55:00.000Z
sweep20,ROSEUSDT,1m,swp_asia_range,Asia Range Sweep,sweep-v1,3,3,6,4,135,0.7333333333333333,1.4305964553675932,0.8994779310921759,0.8741016545870302,0.24239956795515893,0.005696828660937954,0.6156614168011554,0.605261206565018,0.7436537384288509,0.7201723096577786,67,0.2772038621190236,1.3256368625564048,68,0.4872159311675812,1.5539902947340385,1,183,2026-04-01T00:00:00.000Z,2026-09-30T23:59:00.000Z
sweep20,ARKMUSDT,1h,swp_range12_reclaim,Sweep Range-12 Reclaim,sweep-v1,3,3,6,4,172,0.6686046511627907,1.3140520655401822,0.696443237768926,0.6675713059391326,0.38954126170383685,0.004053870260886262,0.639958277046434,0.6259819062032999,0.7490881458696037,0.7193258255639796,86,0.48565795071268814,1.437862539177999,86,0.14188009222117515,1.1916911828899295,1,183,2026-04-01T00:00:00.000Z,2026-09-30T23:00:00.000Z
sr35,BIOUSDT,1h,sr_liquidity_sweep,SR Liquidity Sweep + Reclaim,sr-v1,3,3,6,4,103,0.7378640776699029,1.4028427689164713,0.5172567979880336,0.5016711244947809,0.6988797859308312,0.008955217364175046,1.3762749994350596,1.362954392939062,0.7329242061843662,0.7146504190663328,52,0.6957334665751982,1.72749033573525,51,-0.10525042532045237,1.2003008468451069,1,183,2026-04-01T00:00:00.000Z,2026-09-30T23:00:00.000Z
sr35,BIOUSDT,1h,sr25_liquidity_sweep_reclaim,SR25 Liquidity Sweep + Reclaim,sr25-v1,3,3,6,4,103,0.7378640776699029,1.4028427689164713,0.5172567979880336,0.5016711244947809,0.6988797859308312,0.008955217364175046,1.3762749994350596,1.362954392939062,0.7329242061843662,0.7146504190663328,52,0.6957334665751982,1.72749033573525,51,-0.10525042532045237,1.2003008468451069,1,183,2026-04-01T00:00:00.000Z,2026-09-30T23:00:00.000Z
sweep20,BIOUSDT,1h,swp_range24_reclaim,Sweep Range-24 Reclaim,sweep-v1,3,3,6,4,103,0.7378640776699029,1.4028427689164713,0.5172567979880336,0.5016711244947809,0.6988797859308312,0.008955217364175046,1.3762749994350596,1.362954392939062,0.7329242061843662,0.7146504190663328,52,0.6957334665751982,1.72749033573525,51,-0.10525042532045237,1.2003008468451069,1,183,2026-04-01T00:00:00.000Z,2026-09-30T23:00:00.000Z
sweep20,ORDIUSDT,15m,swp_compression_reclaim,Compression Sweep + Reclaim,sweep-v1,3,3,6,4,166,0.6265060240963856,1.3879350197314002,0.7705058205833322,0.7413655125522352,0.5011873610964859,0.006105339533441999,1.1056382331451657,1.084408928394362,0.7395957267347602,0.710790329335373,83,0.879680657040506,1.6964477415613375,83,-0.05808158744851177,1.140572414771273,1,183,2026-04-01T00:00:00.000Z,2026-09-30T23:45:00.000Z
visual28,MUBARAKUSDT,15m,vis_auto_range_breakout,Auto Range Detector Breakout — Derived Adapter,visual-derived-v1,3,3,6,4,233,0.34334763948497854,1.3008515878036082,0.5901232749008114,0.5534622040075217,0.5704708281881409,0.005991388285867895,2.1953759724971187,2.162170154163249,0.7504029316709286,0.7104053867814093,116,1.9187049858318885,1.762422763516638,117,-0.45519561496634264,0.8293163735824732,1,183,2026-04-01T00:00:00.000Z,2026-09-30T23:45:00.000Z
sweep20,MEGAUSDT,15m,swp_rsi_exhaustion,Sweep + RSI Exhaustion,sweep-v1,3,3,6,4,235,0.6510638297872341,1.2915597392755458,1.0623723879069482,1.0145551810010178,0.35419887106658743,0.004274064098170472,1.7261821317458899,1.690671240232093,0.7498502564088696,0.7095935500075572,118,-0.16625411158184566,0.9723559069863312,117,1.4736222589593089,1.7339898318585005,1,183,2026-04-01T00:00:00.000Z,2026-09-30T23:45:00.000Z
sr35,MANAUSDT,15m,sr_range_edge,SR Range Edge Rejection,sr-v1,3,3,6,5,235,0.6553191489361702,1.4007909626886466,0.8724806562506899,0.8290864316271225,0.2327878347003689,0.003039167645981462,0.6169848789005932,0.5979255730269708,0.7496027267803032,0.7093862876281769,118,0.3904124250201346,1.4254236860538294,117,0.3467088056434555,1.3776810587018666,1,183,2026-04-01T00:00:00.000Z,2026-09-30T23:45:00.000Z
visual28,ALGOUSDT,1h,vis_macd_rsi,MACD + RSI — Derived Adapter,visual-derived-v1,3,3,6,4,121,0.3305785123966942,1.446232413505771,0.7308817872040985,0.7101321312757833,0.2983050756531348,0.005860757500718529,0.3779143878700246,0.3695705287006035,0.7268114011011773,0.7061128514376798,61,0.43996989118404706,1.5853773398368862,60,0.20202637416317248,1.3198695775781975,1,183,2026-04-01T00:00:00.000Z,2026-09-30T23:00:00.000Z
sweep20,RENDERUSDT,15m,swp_range12_reclaim,Sweep Range-12 Reclaim,sweep-v1,3,3,6,5,664,0.6129518072289156,1.1824939639703362,0.8527596886772013,0.7338101466770308,0.2590752902572868,0.001125185907956846,0.49452089660304344,0.4463439823236903,0.8188428725655439,0.7024082285332349,332,0.4002016689302703,1.2013511533544436,332,0.3232091703566351,1.1653239810745715,1,183,2026-04-01T00:00:00.000Z,2026-09-30T23:45:00.000Z
sweep20,NEOUSDT,15m,swp_failed_breakout,Two-Bar Failed Breakout Sweep,sweep-v1,3,3,6,4,322,0.6894409937888198,1.2948379076915817,0.7688029395093934,0.712834728538486,0.2782179934195316,0.0020330274754077433,0.5915750782381728,0.5655924491179771,0.757813756719163,0.702022020711099,161,0.2806996207764987,1.254000424374811,161,0.38112240435969813,1.3364915300266484,1,183,2026-04-01T00:00:00.000Z,2026-09-30T23:45:00.000Z
visual28,FARTCOINUSDT,1h,vis_fibonacci_bb,Fibonacci Bollinger Bands — Derived Adapter,visual-derived-v1,3,3,6,4,127,0.3858267716535433,1.382316192744017,0.756815243187472,0.7346904389278259,0.4241686384489226,0.0071832935759963005,0.8974599103430914,0.8863931905183542,0.7227980160501062,0.7012796247182991,63,0.3780045549412183,1.4295715174121288,64,0.27489799426854145,1.3436956643003906,1,183,2026-04-01T00:00:00.000Z,2026-09-30T23:00:00.000Z
visual28,MOODENGUSDT,5m,vis_nadaraya_watson,Nadaraya-Watson Envelope — Causal Derived Adapter,visual-derived-v1,3,3,6,4,591,0.6328257191201354,1.1907752826124087,0.8992261655870846,0.7903118059249292,0.3543546156017562,0.0013808196611023449,0.8078562094002073,0.7527574150038507,0.8026107793798447,0.6997381389538855,295,0.37589404725179376,1.1881452382226785,296,0.3803578621337862,1.1933380030287442,1,183,2026-04-01T00:00:00.000Z,2026-09-30T23:55:00.000Z
sweep20,PEOPLEUSDT,1h,swp_range12_reclaim,Sweep Range-12 Reclaim,sweep-v1,3,3,6,5,178,0.6910112359550562,1.2827510065556758,0.5462054417252902,0.5189665385184647,0.2861786897365465,0.003319672903445938,0.7393356299320746,0.7234828043215835,0.7280503708064778,0.6974564968240338,89,0.5200255188607208,1.5584007277052638,89,0.017223344305556054,1.0987608738451553,1,183,2026-04-01T00:00:00.000Z,2026-09-30T23:00:00.000Z
sr35,TRIAUSDT,15m,sr_liquidity_sweep,SR Liquidity Sweep + Reclaim,sr-v1,3,3,6,5,393,0.6615776081424937,1.1683286749174968,0.6332549636522058,0.5702804460351885,0.7015741956591773,0.0028446448915064424,1.7127225393200898,1.6599686791175134,0.7589192659973392,0.6914519131462729,197,-0.4963936068252548,0.9057560379264191,196,2.2431180099921493,1.505918142384461,1,183,2026-04-01T00:00:00.000Z,2026-09-30T23:45:00.000Z
sr35,TRIAUSDT,15m,sr25_liquidity_sweep_reclaim,SR25 Liquidity Sweep + Reclaim,sr25-v1,3,3,6,5,393,0.6615776081424937,1.1683286749174968,0.6332549636522058,0.5702804460351885,0.7015741956591773,0.0028446448915064424,1.7127225393200898,1.6599686791175134,0.7589192659973392,0.6914519131462729,197,-0.4963936068252548,0.9057560379264191,196,2.2431180099921493,1.505918142384461,1,183,2026-04-01T00:00:00.000Z,2026-09-30T23:45:00.000Z
sweep20,TRIAUSDT,15m,swp_range24_reclaim,Sweep Range-24 Reclaim,sweep-v1,3,3,6,5,393,0.6615776081424937,1.1683286749174968,0.6332549636522058,0.5702804460351885,0.7015741956591773,0.0028446448915064424,1.7127225393200898,1.6599686791175134,0.7589192659973392,0.6914519131462729,197,-0.4963936068252548,0.9057560379264191,196,2.2431180099921493,1.505918142384461,1,183,2026-04-01T00:00:00.000Z,2026-09-30T23:45:00.000Z
fib9,UAIUSDT,5m,elliott_abc,Elliott ABC Completion Reversal,fib-ew-causal-v1,3,3,6,5,432,0.4837962962962963,1.2447922873095085,0.7500488760148434,0.6761231586034726,0.28644960696138966,0.001629949725632127,0.35741802248521926,0.3296336776009299,0.7650498897172511,0.6906610181784281,224,0.16348626476814565,1.1458200835253187,208,0.5041422739645185,1.3883880569688676,1,183,2026-04-01T00:00:00.000Z,2026-09-30T23:55:00.000Z
sr35,SNXUSDT,1m,sr25_pdh_fvg_mss,SR25 PDH/PDL Sweep + FVG/MSS,sr25-v1,3,3,6,4,74,0.6756756756756757,1.569757916858931,0.5653471692093897,0.5538611014778041,0.33204398912827227,0.007218089765001173,0.3734119093626729,0.36796831421865184,0.7034626557820725,0.6906446123876646,37,0.18540145020002896,1.3973600251721052,37,0.32052071384360525,1.8595422178312866,1,183,2026-04-01T00:00:00.000Z,2026-09-30T23:59:00.000Z
sr35,0GUSDT,15m,sr_level_flip,SR Breakout Level Flip,sr-v1,3,3,6,3,324,0.33641975308641975,1.237820572413775,0.7398132220385158,0.684388720029979,0.3493249095323693,0.0026932351903093325,0.9900103373660882,0.9591055595874227,0.7425322011319044,0.6870236714850859,162,0.04088042743478493,1.116346990232266,162,0.6714823107263415,1.3706785146387028,1,183,2026-04-01T00:00:00.000Z,2026-09-30T23:45:00.000Z
sr35,LDOUSDT,15m,sr25_liquidity_absorption,SR25 Liquidity Sweep + Volume Absorption,sr25-v1,3,3,6,5,204,0.6519607843137255,1.3160740494992207,0.8225937957411695,0.7858553755610238,0.3840792698171689,0.0039671351662504024,0.5939356260748092,0.576240443670393,0.7179132022318311,0.6832751145177764,102,0.5776410321914716,1.4676824986623873,102,0.15526520834047997,1.1863395674831638,1,183,2026-04-01T00:00:00.000Z,2026-09-30T23:45:00.000Z
sr35,AVNTUSDT,1m,sr25_pdh_fvg_mss,SR25 PDH/PDL Sweep + FVG/MSS,sr25-v1,3,3,6,4,78,0.7051282051282052,1.6157988601921391,0.9414831673841844,0.9265041705666033,0.26131890556721193,0.009887867839450634,0.5037828109342029,0.4979839911079156,0.6956467889305591,0.6827097483662334,39,0.4193632928591706,1.6162397661160681,39,0.3678549932577546,1.6152827242780317,1,183,2026-04-01T00:00:00.000Z,2026-09-30T23:59:00.000Z
sr35,LAUSDT,5m,sr_range_edge,SR Range Edge Rejection,sr-v1,3,3,6,3,634,0.6482649842271293,1.1599617902151576,0.8475607313066531,0.7341234803344621,0.5455251146776259,0.0013141664413370505,1.6407236304577095,1.5580246487780394,0.791403789802041,0.681915627243427,317,-0.17835734268632442,0.9736375786842381,317,1.248618319485952,1.417128041792426,1,183,2026-04-01T00:00:00.000Z,2026-09-30T23:55:00.000Z
sweep20,NIGHTUSDT,5m,swp_ema50_filter,Sweep + EMA50 Direction Filter,sweep-v1,3,3,6,5,96,0.3854166666666667,1.3877597585372983,0.601554195235718,0.5862897143063428,0.34464647826343564,0.007591602706303382,0.4871955033829458,0.4792216644385945,0.6951133825087241,0.6786315600177024,48,0.14758753938729186,1.2881283869912106,48,0.39558346554616963,1.4925205145010043,1,183,2026-04-01T00:00:00.000Z,2026-09-30T23:55:00.000Z
sweep20,PNUTUSDT,5m,swp_volume_absorption,Sweep + Volume Absorption,sweep-v1,3,3,6,4,611,0.618657937806874,1.1720502694133512,0.7243164865293261,0.6221615594272198,0.43004101995021793,0.0012600583899221513,0.9430132524210006,0.8806131664231001,0.7834505786532979,0.6771269093266055,305,0.532086650281103,1.254686036540443,306,0.12546929784483707,1.1014282363014904,1,183,2026-04-01T00:00:00.000Z,2026-09-30T23:55:00.000Z
sr35,LINEAUSDT,1h,sr_prior_day_sweep,SR Prior-Day High/Low Sweep,sr-v1,3,3,6,4,89,0.7303370786516854,1.8258450048934551,1.0911658023652224,1.0727739161448056,0.22127153248122722,0.009088961799317072,0.7274686054551331,0.7196295341515204,0.6912531142057159,0.6768463362661816,45,0.4248929084194648,1.7641826795147966,44,0.4675950662740036,1.8943060989463394,1,183,2026-04-01T00:00:00.000Z,2026-09-30T23:00:00.000Z
sr35,LINEAUSDT,1h,sr25_previous_day_sweep,SR25 Previous-Day High/Low Sweep,sr25-v1,3,3,6,4,89,0.7303370786516854,1.8258450048934551,1.0911658023652224,1.0727739161448056,0.22127153248122722,0.009088961799317072,0.7274686054551331,0.7196295341515204,0.6912531142057159,0.6768463362661816,45,0.4248929084194648,1.7641826795147966,44,0.4675950662740036,1.8943060989463394,1,183,2026-04-01T00:00:00.000Z,2026-09-30T23:00:00.000Z
sweep20,LINEAUSDT,1h,swp_prior_day,Previous-Day High/Low Sweep,sweep-v1,3,3,6,4,89,0.7303370786516854,1.8258450048934551,1.0911658023652224,1.0727739161448056,0.22127153248122722,0.009088961799317072,0.7274686054551331,0.7196295341515204,0.6912531142057159,0.6768463362661816,45,0.4248929084194648,1.7641826795147966,44,0.4675950662740036,1.8943060989463394,1,183,2026-04-01T00:00:00.000Z,2026-09-30T23:00:00.000Z
sr35,ALICEUSDT,5m,sr25_supply_demand_retest,SR25 RBD/DBR Supply-Demand Retest,sr25-v1,3,3,6,3,232,0.40086206896551724,1.309849484879317,0.5787926162890209,0.5425980184446699,0.5932105831894829,0.0038356690068114814,0.7355491104119771,0.7157864485662209,0.7161643077344249,0.6766667163638771,116,0.5644775764248868,1.5172375987171043,116,0.00915004476883996,1.0982463201504076,1,183,2026-04-01T00:00:00.000Z,2026-09-30T23:55:00.000Z
sr35,HYPEUSDT,15m,sr25_value_area_80,SR25 Value-Area Edge / 80% Rule,sr25-v1,3,3,6,5,110,0.6454545454545455,1.407400779764529,0.6669662317158909,0.6487812285073575,0.33254503784897216,0.006424303846872001,0.5477347020511183,0.5383788757164383,0.6928986857834043,0.6744327415754654,55,1.0504051134140266,2.4250959553291875,55,-0.18700640141288538,0.9116779728832576,1,183,2026-04-01T00:00:00.000Z,2026-09-30T23:45:00.000Z
sr35,LDOUSDT,1h,sr_prior_day_sweep,SR Prior-Day High/Low Sweep,sr-v1,3,3,6,4,74,0.7027027027027027,1.6747320228028066,1.0130002195754964,0.9982680392939554,0.22976143663863868,0.011529488557881145,0.49381827095157393,0.4877537498858666,0.6800981534924819,0.6681103667325701,37,0.6715738385400105,2.2354632848350535,37,0.20425444163070616,1.3578460542223376,1,183,2026-04-01T00:00:00.000Z,2026-09-30T23:00:00.000Z
sr35,LDOUSDT,1h,sr25_previous_day_sweep,SR25 Previous-Day High/Low Sweep,sr25-v1,3,3,6,4,74,0.7027027027027027,1.6747320228028066,1.0130002195754964,0.9982680392939554,0.22976143663863868,0.011529488557881145,0.49381827095157393,0.4877537498858666,0.6800981534924819,0.6681103667325701,37,0.6715738385400105,2.2354632848350535,37,0.20425444163070616,1.3578460542223376,1,183,2026-04-01T00:00:00.000Z,2026-09-30T23:00:00.000Z
sweep20,LDOUSDT,1h,swp_prior_day,Previous-Day High/Low Sweep,sweep-v1,3,3,6,4,74,0.7027027027027027,1.6747320228028066,1.0130002195754964,0.9982680392939554,0.22976143663863868,0.011529488557881145,0.49381827095157393,0.4877537498858666,0.6800981534924819,0.6681103667325701,37,0.6715738385400105,2.2354632848350535,37,0.20425444163070616,1.3578460542223376,1,183,2026-04-01T00:00:00.000Z,2026-09-30T23:00:00.000Z
visual28,AAVEUSDT,1h,vis_ichimoku_hull,Ichimoku + Hull — Derived Adapter,visual-derived-v1,3,3,6,5,160,0.35,1.3010334525112046,0.5437446440135314,0.5192749985588756,0.3488560450718985,0.00417853685417559,1.0789183569121277,1.0653695333399869,0.690748523310825,0.6657962992394131,80,0.6114890179956205,1.6097904610643252,80,-0.042038371484746206,1.029918150468268,1,183,2026-04-01T00:00:00.000Z,2026-09-30T23:00:00.000Z
sr35,MANAUSDT,1m,sr25_value_area_80,SR25 Value-Area Edge / 80% Rule,sr25-v1,3,3,6,3,159,0.7421383647798742,1.4952482312962905,0.7901890671132328,0.762034665289923,0.2505568268174454,0.004224544339328647,0.8404193724621289,0.8247639200290229,0.6890483871608584,0.6631400256658295,80,0.3689808655565898,1.5262768958886361,79,0.30768012333422545,1.4621399887207924,1,183,2026-04-01T00:00:00.000Z,2026-09-30T23:59:00.000Z
fib9,ETHFIUSDT,1h,fib_golden_pocket,Fibonacci Golden Pocket 0.618-0.670,fib-ew-causal-v1,3,3,6,4,145,0.5103448275862069,1.4666927462365849,0.6620693506180686,0.6382153413629899,0.1519272582817408,0.003932325893939131,0.18008678424375368,0.17351320236190348,0.685922839579205,0.6622276812671541,68,0.10223038922276961,1.2095719514232643,77,0.5079146491234612,1.6886882032185047,1,183,2026-04-01T00:00:00.000Z,2026-09-30T23:00:00.000Z
fib9,ETHFIUSDT,1h,fib_retrace_618,Fibonacci Retracement 0.618 Reclaim,fib-ew-causal-v1,3,3,6,4,145,0.5103448275862069,1.4666927462365849,0.6620693506180686,0.6382153413629899,0.1519272582817408,0.003932325893939131,0.18008678424375368,0.17351320236190348,0.685922839579205,0.6622276812671541,68,0.10223038922276961,1.2095719514232643,77,0.5079146491234612,1.6886882032185047,1,183,2026-04-01T00:00:00.000Z,2026-09-30T23:00:00.000Z
visual28,0GUSDT,1h,vis_supertrend_10_3,SuperTrend 10/3 — Derived Adapter,visual-derived-v1,3,3,6,4,100,0.36,1.2085888390651354,0.25644878152257244,0.24395196729516067,0.30620454589515944,0.004240999085158427,0.4519530163517713,0.44489187450955225,0.6770337234233612,0.6613940222182881,50,-0.12114351243040411,0.9697897675788691,50,0.4296404467550514,1.5070513233864242,1,183,2026-04-01T00:00:00.000Z,2026-09-30T23:00:00.000Z
sweep20,AVNTUSDT,1h,swp_rsi_exhaustion,Sweep + RSI Exhaustion,sweep-v1,3,3,6,5,63,0.6349206349206349,1.469128834516333,0.5294831051463187,0.5199218439563593,0.24977545126353795,0.008704072797442734,0.31727884178881016,0.3128371756892856,0.6721542382588679,0.6613852835397274,32,0.25839556612271664,1.5053500079822872,31,0.21542315176686389,1.4304842423655781,1,183,2026-04-01T00:00:00.000Z,2026-09-30T23:00:00.000Z
visual28,ASTERUSDT,5m,vis_bollinger_rsi_double,Bollinger + RSI Double — Derived Adapter,visual-derived-v1,3,3,6,5,358,0.6955307262569832,1.3380951351313863,0.7635912923204895,0.701652973532475,0.19778923893508837,0.0017765645035837773,0.4939869198888649,0.4679745807636153,0.7221720208497804,0.6613521200263817,179,0.40958147140060497,1.4272029950466447,179,0.2511453421476424,1.2607024086903214,1,183,2026-04-01T00:00:00.000Z,2026-09-30T23:55:00.000Z
sweep20,NEARUSDT,15m,swp_volume_absorption,Sweep + Volume Absorption,sweep-v1,3,3,6,3,211,0.6682464454976303,1.2415980766506123,0.4265966245098607,0.39679401214857823,0.5590848255794313,0.0035802358523285495,0.8203457261899252,0.7981634139404243,0.6933965235753647,0.657554931668362,105,1.5011234961411626,2.1755083357679643,106,-0.42961767913064874,0.862132251347722,1,183,2026-04-01T00:00:00.000Z,2026-09-30T23:45:00.000Z
sweep20,RENDERUSDT,5m,swp_asia_range,Asia Range Sweep,sweep-v1,3,3,6,5,137,0.6277372262773723,1.361676772286422,0.6453667203762792,0.6230386268350219,0.17828203144430177,0.004524600873998191,0.19509600515007008,0.1872482317511197,0.6776486648568631,0.6543887271769042,68,0.31716514793598316,1.4582328686478756,69,0.24917268191812747,1.2943161512931773,1,183,2026-04-01T00:00:00.000Z,2026-09-30T23:55:00.000Z
sweep20,DYDXUSDT,15m,swp_range96_reclaim,Sweep Range-96 Reclaim,sweep-v1,3,3,6,4,101,0.693069306930693,1.6398138958947563,1.4356881839760858,1.4113812024278842,0.22725915539828234,0.010555292359935319,0.9053647718612077,0.8935070792108575,0.6701778083566456,0.6534471951977385,50,0.820145994727874,2.04184472177704,51,0.33818286611686754,1.396184251018467,1,183,2026-04-01T00:00:00.000Z,2026-09-30T23:45:00.000Z
sweep20,GRASSUSDT,1h,swp_failed_breakout,Two-Bar Failed Breakout Sweep,sweep-v1,3,3,6,5,78,0.6282051282051282,1.311898144477378,0.5137048978295486,0.5019535908798551,0.5435745970993742,0.009593473583586901,0.9642294339576947,0.9564921422227164,0.666563053740286,0.6531450123511091,39,0.9701625635616462,1.8912627822587915,39,-0.2316852802780477,0.9389398953393466,1,183,2026-04-01T00:00:00.000Z,2026-09-30T23:00:00.000Z
sr35,ASTERUSDT,5m,sr_range_edge,SR Range Edge Rejection,sr-v1,3,3,6,4,651,0.6236559139784946,1.2559571903560078,0.8009584058995995,0.6875323366945822,0.2761118323183145,0.001014419221852285,0.671218535134001,0.6152652927808995,0.7608696524619565,0.6502947854827184,325,0.418590987160816,1.3244170331719032,326,0.2695402848315398,1.1995225219770607,1,183,2026-04-01T00:00:00.000Z,2026-09-30T23:55:00.000Z
sr35,CVCUSDT,1h,sr25_breakout_retest,SR25 Breakout + Retest,sr25-v1,3,3,6,3,77,0.37662337662337664,1.6499002173913389,0.6386741976582622,0.6261645392043824,0.3798212461382596,0.00825648488700205,0.8617889011329474,0.8550111650374888,0.6617752533119601,0.6492583810096975,39,0.3165532596906615,1.8200113340193227,38,0.2446698875237947,1.5094256693685224,1,183,2026-04-01T00:00:00.000Z,2026-09-30T23:00:00.000Z
algo9,POLUSDT,1h,mavilimw,MavilimW,kivanc-core-v1,3,3,6,3,93,0.43010752688172044,1.431064881469881,0.48481320892085344,0.47111339056442625,0.2737501161843312,0.005224069068011569,0.5839534674911617,0.5773784765933414,0.6609748952214105,0.6471497575166782,46,0.37038661515087057,1.659792215102131,47,0.0834994975176293,1.2108783004039183,1,183,2026-04-01T00:00:00.000Z,2026-09-30T23:00:00.000Z
sweep20,SUSHIUSDT,15m,swp_range48_reclaim,Sweep Range-48 Reclaim,sweep-v1,3,3,6,5,194,0.6649484536082474,1.3427831752138477,0.7021581723131605,0.6695184357841599,0.222299876800661,0.003421071659601019,0.4263275222029381,0.4128785288054866,0.6763041554471418,0.6443224514089778,97,0.5190296716423897,1.5147737245008472,97,0.12055623671443483,1.1887795200147913,1,183,2026-04-01T00:00:00.000Z,2026-09-30T23:45:00.000Z
algo9,PROVEUSDT,15m,mavilimw,MavilimW,kivanc-core-v1,3,3,6,5,358,0.388268156424581,1.2315771357231573,0.5997097815986829,0.5435016996670226,0.3016567497207947,0.001731660551127924,0.30810121365875,0.28543713771419443,0.7020277589336292,0.6442074993986611,179,0.3106197265197126,1.2712781369529949,179,0.2205750830919022,1.1913126820390696,1,183,2026-04-01T00:00:00.000Z,2026-09-30T23:45:00.000Z
sweep20,CELOUSDT,1h,swp_range12_reclaim,Sweep Range-12 Reclaim,sweep-v1,3,3,6,4,171,0.6374269005847953,1.2037853600234494,0.3663153288371601,0.3431720284674613,0.3495136836464009,0.0026095014465603713,0.41103412623302593,0.3999672567028716,0.6698537388354668,0.6416024057764615,86,0.29880889882986916,1.3221873111714857,85,0.05197564481434491,1.1117324251730858,1,183,2026-04-01T00:00:00.000Z,2026-09-30T23:00:00.000Z
sweep20,EGLDUSDT,15m,swp_wick_sfp,Sweep + Wick Rejection,sweep-v1,3,3,6,4,234,0.6111111111111112,1.246019349750253,0.6315828032134687,0.5938961938334866,0.5012678983881731,0.00280405105361916,1.1128675945514708,1.0873785515761378,0.6782014753881795,0.6397708362136685,117,0.38135262019667926,1.336548374341486,117,0.18114866498111337,1.172573749834019,1,183,2026-04-01T00:00:00.000Z,2026-09-30T23:45:00.000Z
sr35,DOTUSDT,15m,sr_volume_breakout,SR Volume-Confirmed Breakout,sr-v1,3,3,6,3,132,0.3939393939393939,1.4610113035435328,0.7907967870521124,0.7673909666029142,0.3557887021703646,0.005574475465962104,1.093385196212691,1.0814139291877614,0.6610326729784661,0.638983781108633,66,0.319277219668163,1.410021339193948,66,0.3574074958275668,1.5334550231765858,1,183,2026-04-01T00:00:00.000Z,2026-09-30T23:45:00.000Z
sr35,ZROUSDT,15m,sr_pivot_bounce,SR Pivot Bounce,sr-v1,3,3,6,3,741,0.5560053981106613,1.1439630882731295,0.7055501099261761,0.5837718464642498,0.4251115166275561,0.001099732061431233,1.4555814496622328,1.3646650784205687,0.762917453658293,0.6377035006267591,370,0.2507927387984774,1.1233022722084713,371,0.3635753206918553,1.16657837290765,1,183,2026-04-01T00:00:00.000Z,2026-09-30T23:45:00.000Z
sr35,FFUSDT,5m,sr_range_edge,SR Range Edge Rejection,sr-v1,3,3,6,4,617,0.6207455429497569,1.1469756171158623,0.5103416802306378,0.41997527411355784,0.5145184149697659,0.0011751848686306337,1.253288658553053,1.1809405823461834,0.7416010813765959,0.6372577282231264,308,0.6731708350385646,1.2755541565641735,309,-0.09731771042026816,1.0354871194113253,1,183,2026-04-01T00:00:00.000Z,2026-09-30T23:55:00.000Z
sr35,AKEUSDT,1h,sr_liquidity_sweep,SR Liquidity Sweep + Reclaim,sr-v1,3,3,6,3,89,0.6404494382022472,1.8237529290612773,0.5399044755762017,0.5258619650559833,0.7618111314606383,0.04675593037199347,3.4908800777983835,3.469791573066505,0.6489104940527775,0.6348584647156683,44,13.82735040208611,4.061015035417773,45,-0.8961443255998356,0.6678755256277308,1,183,2026-04-01T00:00:00.000Z,2026-09-30T23:00:00.000Z
sr35,AKEUSDT,1h,sr25_liquidity_sweep_reclaim,SR25 Liquidity Sweep + Reclaim,sr25-v1,3,3,6,3,89,0.6404494382022472,1.8237529290612773,0.5399044755762017,0.5258619650559833,0.7618111314606383,0.04675593037199347,3.4908800777983835,3.469791573066505,0.6489104940527775,0.6348584647156683,44,13.82735040208611,4.061015035417773,45,-0.8961443255998356,0.6678755256277308,1,183,2026-04-01T00:00:00.000Z,2026-09-30T23:00:00.000Z
sweep20,AKEUSDT,1h,swp_range24_reclaim,Sweep Range-24 Reclaim,sweep-v1,3,3,6,3,89,0.6404494382022472,1.8237529290612773,0.5399044755762017,0.5258619650559833,0.7618111314606383,0.04675593037199347,3.4908800777983835,3.469791573066505,0.6489104940527775,0.6348584647156683,44,13.82735040208611,4.061015035417773,45,-0.8961443255998356,0.6678755256277308,1,183,2026-04-01T00:00:00.000Z,2026-09-30T23:00:00.000Z
sr35,EDENUSDT,1m,sr_prior_day_sweep,SR Prior-Day High/Low Sweep,sr-v1,3,3,6,5,84,0.7142857142857143,1.4858361964083908,0.4532933686883003,0.4410172500364087,0.8207482020088557,0.01376677352645488,1.5200990697891545,1.5102366721613558,0.6476175567628277,0.6333944426047873,42,0.6840398058752233,1.807283571491031,42,-0.13701958610592357,1.2412847480020186,1,183,2026-04-01T00:00:00.000Z,2026-09-30T23:59:00.000Z
sr35,EDENUSDT,1m,sr25_previous_day_sweep,SR25 Previous-Day High/Low Sweep,sr25-v1,3,3,6,5,84,0.7142857142857143,1.4858361964083908,0.4532933686883003,0.4410172500364087,0.8207482020088557,0.01376677352645488,1.5200990697891545,1.5102366721613558,0.6476175567628277,0.6333944426047873,42,0.6840398058752233,1.807283571491031,42,-0.13701958610592357,1.2412847480020186,1,183,2026-04-01T00:00:00.000Z,2026-09-30T23:59:00.000Z
sweep20,EDENUSDT,1m,swp_prior_day,Previous-Day High/Low Sweep,sweep-v1,3,3,6,5,84,0.7142857142857143,1.4858361964083908,0.4532933686883003,0.4410172500364087,0.8207482020088557,0.01376677352645488,1.5200990697891545,1.5102366721613558,0.6476175567628277,0.6333944426047873,42,0.6840398058752233,1.807283571491031,42,-0.13701958610592357,1.2412847480020186,1,183,2026-04-01T00:00:00.000Z,2026-09-30T23:59:00.000Z
visual28,AVNTUSDT,5m,vis_nadaraya_watson,Nadaraya-Watson Envelope — Causal Derived Adapter,visual-derived-v1,3,3,6,3,602,0.6179401993355482,1.1798781259161801,0.9062553607249941,0.7949640507632363,0.340029646315426,0.0013535203037940342,1.3242600419861548,1.2548361564784867,0.7330029354847316,0.632300618711646,301,0.35639744889031166,1.1731777079517425,301,0.4053811161946168,1.1858600590125776,1,183,2026-04-01T00:00:00.000Z,2026-09-30T23:55:00.000Z
sweep20,ENSUSDT,15m,swp_failed_breakout,Two-Bar Failed Breakout Sweep,sweep-v1,3,3,6,4,339,0.6578171091445427,1.258450733674722,0.7745526362510453,0.7154654160831906,0.34043339571821885,0.0022129747786461297,0.32850868702871705,0.3045664591404833,0.6817668758664368,0.6260855995892514,169,0.46481118345857775,1.3294142943671572,170,0.21145486619042253,1.1992640480746164,1,183,2026-04-01T00:00:00.000Z,2026-09-30T23:45:00.000Z
visual28,POLUSDT,5m,vis_bollinger_rsi_double,Bollinger + RSI Double — Derived Adapter,visual-derived-v1,3,3,6,4,361,0.667590027700831,1.2687849080865974,0.7214002781960487,0.6604371262965334,0.28284470034930664,0.0017624260134883507,0.625572960307796,0.5956836366845946,0.6845293270444801,0.6248683729718527,180,0.461729028228254,1.3778151257339457,181,0.1776466396665477,1.1693922297682036,1,183,2026-04-01T00:00:00.000Z,2026-09-30T23:55:00.000Z
sr35,MORPHOUSDT,1h,sr_prior_day_sweep,SR Prior-Day High/Low Sweep,sr-v1,3,3,6,4,82,0.6463414634146342,1.3019261900514698,0.3927022797403801,0.38135197696572676,0.3299985744016113,0.005920693039233524,0.6118621971024432,0.6048538003959347,0.6365448223044909,0.6229121552911134,41,0.5017430767987885,1.7130513798035718,41,-0.07260948876211692,0.9924287652563532,1,183,2026-04-01T00:00:00.000Z,2026-09-30T23:00:00.000Z
sr35,MORPHOUSDT,1h,sr25_previous_day_sweep,SR25 Previous-Day High/Low Sweep,sr25-v1,3,3,6,4,82,0.6463414634146342,1.3019261900514698,0.3927022797403801,0.38135197696572676,0.3299985744016113,0.005920693039233524,0.6118621971024432,0.6048538003959347,0.6365448223044909,0.6229121552911134,41,0.5017430767987885,1.7130513798035718,41,-0.07260948876211692,0.9924287652563532,1,183,2026-04-01T00:00:00.000Z,2026-09-30T23:00:00.000Z
sweep20,MORPHOUSDT,1h,swp_prior_day,Previous-Day High/Low Sweep,sweep-v1,3,3,6,4,82,0.6463414634146342,1.3019261900514698,0.3927022797403801,0.38135197696572676,0.3299985744016113,0.005920693039233524,0.6118621971024432,0.6048538003959347,0.6365448223044909,0.6229121552911134,41,0.5017430767987885,1.7130513798035718,41,-0.07260948876211692,0.9924287652563532,1,183,2026-04-01T00:00:00.000Z,2026-09-30T23:00:00.000Z
sweep20,ZETAUSDT,15m,swp_range96_reclaim,Sweep Range-96 Reclaim,sweep-v1,3,3,6,5,107,0.6822429906542056,1.5542573760237237,0.9037468651476941,0.8835548706680454,0.3219323601632328,0.008921170049732228,0.8685612306048829,0.8580218936015351,0.638711808213408,0.6216309482299127,54,0.4495723296428724,1.6503488585032122,53,0.31331622866774556,1.438087908471365,1,183,2026-04-01T00:00:00.000Z,2026-09-30T23:45:00.000Z
sweep20,TAKEUSDT,1h,swp_asia_range,Asia Range Sweep,sweep-v1,3,3,6,4,82,0.5853658536585366,1.21342118684968,0.21553493682742664,0.205595455554483,0.4639308827011377,0.005981515243957817,0.48341975178636876,0.4769479254931106,0.6347399351663501,0.6210975955784235,41,1.174285112119521,2.1571079880250084,41,-0.4409496114138829,0.7110951354363445,1,183,2026-04-01T00:00:00.000Z,2026-09-30T23:00:00.000Z
sr35,LDOUSDT,5m,sr25_trendline_breakout,SR25 Multi-Touch Trendline Breakout,sr25-v1,3,3,6,4,218,0.45871559633027525,1.2347232388953941,0.5604984224405585,0.5268870221964606,0.2809769297156087,0.002875149659285401,0.7212082233166297,0.7019424096256595,0.6536065345013682,0.6178374353848675,109,0.4588758548473366,1.3525922180020302,109,0.06965813249671937,1.1086402002835445,1,183,2026-04-01T00:00:00.000Z,2026-09-30T23:55:00.000Z
sr35,MANAUSDT,1m,sr25_poc_mean_reversion,SR25 Volume Profile POC Mean Reversion,sr25-v1,3,3,6,5,838,0.8293556085918854,1.3366177904785361,0.8763360346734148,0.725593345442747,0.267457404055355,0.0008490285595209009,0.7204829220444726,0.6328924849035291,0.7525673516412443,0.615953366369312,419,0.38486477030737376,1.3475282726323585,419,0.35488754924204313,1.3261774965268867,1,183,2026-04-01T00:00:00.000Z,2026-09-30T23:59:00.000Z
sweep20,BIOUSDT,15m,swp_volume_absorption,Sweep + Volume Absorption,sweep-v1,3,3,6,4,227,0.6519823788546255,1.274165354889008,0.6517697171268098,0.6146961785551561,0.5966717829350038,0.004164180799384608,1.1325305100707936,1.1066042945569738,0.6464812764050278,0.6100084165801594,113,0.7477113453522648,1.5040130138931938,114,-0.054895580142908074,1.1317594230436003,1,183,2026-04-01T00:00:00.000Z,2026-09-30T23:45:00.000Z
sr35,EDENUSDT,15m,sr_prior_day_sweep,SR Prior-Day High/Low Sweep,sr-v1,3,3,6,5,82,0.6951219512195121,1.555398516874389,0.6111335836989273,0.5978659866413953,0.8260747281472822,0.01510640089973011,2.245819413137112,2.2332034949487456,0.6234085918369856,0.6097195643475417,41,0.7739358851068909,1.8567683260211025,41,-0.09177462543870585,1.2939521679801056,1,183,2026-04-01T00:00:00.000Z,2026-09-30T23:45:00.000Z
sr35,EDENUSDT,15m,sr25_previous_day_sweep,SR25 Previous-Day High/Low Sweep,sr25-v1,3,3,6,5,82,0.6951219512195121,1.555398516874389,0.6111335836989273,0.5978659866413953,0.8260747281472822,0.01510640089973011,2.245819413137112,2.2332034949487456,0.6234085918369856,0.6097195643475417,41,0.7739358851068909,1.8567683260211025,41,-0.09177462543870585,1.2939521679801056,1,183,2026-04-01T00:00:00.000Z,2026-09-30T23:45:00.000Z
sweep20,EDENUSDT,15m,swp_prior_day,Previous-Day High/Low Sweep,sweep-v1,3,3,6,5,82,0.6951219512195121,1.555398516874389,0.6111335836989273,0.5978659866413953,0.8260747281472822,0.01510640089973011,2.245819413137112,2.2332034949487456,0.6234085918369856,0.6097195643475417,41,0.7739358851068909,1.8567683260211025,41,-0.09177462543870585,1.2939521679801056,1,183,2026-04-01T00:00:00.000Z,2026-09-30T23:45:00.000Z
sweep20,EIGENUSDT,15m,swp_mss_confirm,Sweep + Micro Structure Shift,sweep-v1,3,3,6,4,271,0.5756457564575646,1.2158826993846785,0.6093456211848389,0.5663491549372373,0.5078567741635625,0.0027126015289988914,0.8554587698521348,0.829028021293708,0.6520754111080038,0.6082634153623321,136,0.5394903255815076,1.3632251534359452,135,0.04537559895152099,1.1004672669294238,1,183,2026-04-01T00:00:00.000Z,2026-09-30T23:45:00.000Z
visual28,MUBARAKUSDT,1h,vis_macd_rsi,MACD + RSI — Derived Adapter,visual-derived-v1,3,3,6,3,117,0.23076923076923078,1.4877359197822326,0.6750603007028064,0.6555804333808253,0.6529122040124384,0.009812857779797039,3.5513750034072977,3.527383623087787,0.6268226106100874,0.6077488853250981,58,2.0320652614243695,2.514891886103014,59,-0.4475513696839373,0.5947614515515862,1,183,2026-04-01T00:00:00.000Z,2026-09-30T23:00:00.000Z
fib9,MINAUSDT,1h,fib_retrace_382,Fibonacci Retracement 0.382 Reclaim,fib-ew-causal-v1,3,3,6,4,161,0.5031055900621118,1.5134847463590329,0.7411839282361605,0.7134570227475585,0.22633769743645316,0.0038882937741301854,0.7716631833918606,0.7579895755952877,0.6306759233177173,0.6053404531204785,81,0.6513008723258298,1.9453600970395974,80,0.054431665008286334,1.125760714025469,1,183,2026-04-01T00:00:00.000Z,2026-09-30T23:00:00.000Z
visual28,DEEPUSDT,4h,vis_coppock,Coppock Curve — Derived Adapter,visual-derived-v1,3,3,6,4,135,0.4,1.4549020644311361,1.0753909262452463,1.047663451166473,0.3414439275935546,0.007266868248276917,0.9570214497678142,0.9473779632558641,0.6236559384656939,0.604344787701391,68,0.3171247349982511,1.3145359791938744,67,0.5756980877350248,1.637577021751142,1,183,2026-04-01T00:00:00.000Z,2026-09-30T20:00:00.000Z
visual28,VTHOUSDT,1h,vis_bb_mean_reversion,Bollinger Mean Reversion — Derived Adapter,visual-derived-v1,3,3,6,3,72,0.6111111111111112,1.591234856019849,0.6183143710710017,0.6067563115238337,0.219040094711918,0.008997785248249823,0.3326030672064231,0.3278403895273452,0.6110169013150619,0.5995117125136415,36,0.4078871888373825,1.755211268378819,36,0.14946309896277032,1.3678180579690011,1,183,2026-04-01T00:00:00.000Z,2026-09-30T23:00:00.000Z
sr35,FORMUSDT,15m,sr25_lsob,SR25 Liquidity Sweep + Order Block,sr25-v1,3,3,6,3,157,0.5605095541401274,1.3825379756741851,0.8819231051535885,0.8526858553037748,0.3266262847910283,0.005296515458756211,0.7234102899966279,0.7097511871415281,0.6215029734276363,0.595968074071412,78,0.5221484681097177,1.652282468621278,79,0.2363597537174913,1.2513074708794585,1,183,2026-04-01T00:00:00.000Z,2026-09-30T23:45:00.000Z
sweep20,AVNTUSDT,5m,swp_rsi_exhaustion,Sweep + RSI Exhaustion,sweep-v1,3,3,6,4,587,0.6337308347529813,1.152387191423814,0.7224059090600168,0.624265159744047,0.5451647838546485,0.0012264017901182848,1.3303742477193072,1.2623490959155546,0.6888741599092734,0.5926409202877945,294,0.29475805850839,1.1477776097483108,293,0.3302917079692058,1.1566601422625864,1,183,2026-04-01T00:00:00.000Z,2026-09-30T23:55:00.000Z
sweep20,PIEVERSEUSDT,5m,swp_asia_range,Asia Range Sweep,sweep-v1,3,3,6,4,124,0.7016129032258065,1.353425627835559,0.7005329928938246,0.6795952534868837,0.4585259444707268,0.007285303123813985,0.9177823972940873,0.9069789082610469,0.6110502757726533,0.5908888660156093,62,1.145750687592797,1.8848569749421311,62,-0.20748808203735836,0.979309636662998,1,183,2026-04-01T00:00:00.000Z,2026-09-30T23:55:00.000Z
fib9,SNXUSDT,4h,fib_retrace_500,Fibonacci Retracement 0.500 Reclaim,fib-ew-causal-v1,3,3,6,4,45,0.5777777777777777,1.9395968069232237,0.5450958071088388,0.5382191265978105,0.18776200010577626,0.010543917668001253,0.5648462066273436,0.5613177260635314,0.5957313954758396,0.5887935713395953,25,0.22109050053228874,1.6633968878174186,20,0.2653409443733392,2.496658521123082,1,183,2026-04-01T00:00:00.000Z,2026-09-30T20:00:00.000Z
sr35,AVAXUSDT,1h,sr_level_flip,SR Breakout Level Flip,sr-v1,3,3,6,5,79,0.4050632911392405,1.5654813112782588,0.5197259312854559,0.5078104458980994,0.19601498769060322,0.0071808714033596835,0.37721210599562305,0.37215892325248157,0.6009955573339758,0.5881344280212852,39,0.35062196246908583,1.7896066863923366,40,0.12520451578266267,1.344950636500658,1,183,2026-04-01T00:00:00.000Z,2026-09-30T23:00:00.000Z
sweep20,1000FLOKIUSDT,15m,swp_rsi_exhaustion,Sweep + RSI Exhaustion,sweep-v1,3,3,6,5,236,0.6779661016949152,1.3204514042316626,0.6643388749285375,0.6255819894456636,0.24174495688039,0.002626900889315207,0.19503635387194773,0.18091117739988127,0.6228685914429062,0.5849148831356552,118,0.27143150692712603,1.3038984335143542,118,0.3090275534786875,1.3347894081627465,1,183,2026-04-01T00:00:00.000Z,2026-09-30T23:45:00.000Z
sweep20,METISUSDT,4h,swp_asia_range,Asia Range Sweep,sweep-v1,3,3,6,4,86,0.6162790697674418,1.4334698509423112,0.5281053066910837,0.5150619522059716,0.3079677585465961,0.006578555923236916,0.3722703019465805,0.3664206935839003,0.5961366754218194,0.5826790382690201,43,0.34646786903143356,1.6266157227982652,43,0.1348991994813138,1.2879790120085985,1,183,2026-04-01T00:00:00.000Z,2026-09-30T20:00:00.000Z
visual28,XRPUSDT,15m,vis_sr_breaks,Support & Resistance Breaks — Derived Adapter,visual-derived-v1,3,3,6,4,152,0.39473684210526316,1.4945072682943197,0.6333468870414969,0.6087682995737875,0.18740876398114426,0.004049508306169961,0.3563705154320611,0.34586085769754327,0.6051500050705099,0.5806770842938802,76,0.3521948956140599,1.5666750457874656,76,0.2079226835860526,1.397196486712777,1,183,2026-04-01T00:00:00.000Z,2026-09-30T23:45:00.000Z
sr35,PYTHUSDT,5m,sr25_poc_mean_reversion,SR25 Volume Profile POC Mean Reversion,sr25-v1,3,3,6,4,383,0.7780678851174935,1.2249321965787634,0.7390980444601054,0.6737992622112612,0.3863495593416859,0.0020275415309598975,0.3298804742345507,0.30434837541045434,0.6377534809132581,0.5778286211006038,192,0.8495998606205661,1.4528089095435788,191,-0.059743633481562086,1.0378405283678778,1,183,2026-04-01T00:00:00.000Z,2026-09-30T23:55:00.000Z
sweep20,EIGENUSDT,15m,swp_range96_reclaim,Sweep Range-96 Reclaim,sweep-v1,3,3,6,4,109,0.7155963302752294,1.3935442234106785,0.9850291359925345,0.9635890582110176,0.497758169197278,0.008738668344777645,0.5985244866597264,0.5896564298373339,0.5937109193742696,0.5766187982920123,55,0.7243649605915403,1.6015510989578918,54,0.15116531671553668,1.2222109876108669,1,183,2026-04-01T00:00:00.000Z,2026-09-30T23:45:00.000Z
sweep20,CVCUSDT,15m,swp_failed_breakout,Two-Bar Failed Breakout Sweep,sweep-v1,3,3,6,4,326,0.6503067484662577,1.284765152592152,0.7375635700109751,0.6818937403899823,0.30946451612903236,0.002164821909953489,0.5833221841884246,0.5560591520948039,0.6263989973973056,0.5744378921375939,163,0.3655468563680182,1.3138661037067372,163,0.27243057380866453,1.2594517974300055,1,183,2026-04-01T00:00:00.000Z,2026-09-30T23:45:00.000Z
sweep20,AKEUSDT,15m,swp_atr_expansion,Sweep + ATR Expansion,sweep-v1,3,3,6,3,282,0.6134751773049646,1.3880453827485761,0.8119085649210245,0.760966151699175,0.93919328135251,0.012432384662519733,5.33206311672967,5.233133939596662,0.6196390317379581,0.5742432721981916,141,15.94454998132652,2.2394876974693556,141,-0.8930683572642645,0.9421102660825927,1,183,2026-04-01T00:00:00.000Z,2026-09-30T23:45:00.000Z
sweep20,ROSEUSDT,1h,swp_asia_range,Asia Range Sweep,sweep-v1,3,3,6,4,127,0.6535433070866141,1.4146107889839794,0.7376125710730475,0.7157565981234428,0.28276612261066947,0.005330373590743288,0.4859102792058547,0.4775160857382037,0.5912326521125169,0.5710468558152,63,0.22331277929246762,1.305084803179681,64,0.42041561282310513,1.5543149235592173,1,183,2026-04-01T00:00:00.000Z,2026-09-30T23:00:00.000Z
sweep20,PNUTUSDT,5m,swp_range96_reclaim,Sweep Range-96 Reclaim,sweep-v1,3,3,6,5,318,0.6761006289308176,1.2331551150682378,0.6656688962877404,0.6135749152654952,0.42067533728816975,0.002278374112453386,0.5318032345078212,0.5064834535696889,0.6147408741443905,0.5643912292595892,159,0.4824159913089132,1.3371125194727083,159,0.12361773351960603,1.1533624675278102,1,183,2026-04-01T00:00:00.000Z,2026-09-30T23:55:00.000Z
visual28,ROSEUSDT,15m,vis_nadaraya_watson,Nadaraya-Watson Envelope — Causal Derived Adapter,visual-derived-v1,3,3,6,4,209,0.7081339712918661,1.3074233122574117,0.6322595355432645,0.5985476795277891,0.4101577623652849,0.0031137892077797917,0.6209257058309048,0.6034194939696786,0.5933531591870855,0.5604410864439393,104,0.18281469758617952,1.2407996061015028,105,0.379979077766186,1.376047330834775,1,183,2026-04-01T00:00:00.000Z,2026-09-30T23:45:00.000Z
visual28,JTOUSDT,15m,vis_macd_sma200,MACD + SMA200 — Derived Adapter,visual-derived-v1,3,3,6,4,141,0.28368794326241137,1.2909130744227002,0.5371281568461668,0.515630365319389,0.4799252029393364,0.0051280508004807185,0.5929136322937445,0.5821757738615492,0.5764201870235324,0.5543781675572594,70,0.7685995237686498,1.6429903968166757,71,-0.13087833837546758,0.9667299101434487,1,183,2026-04-01T00:00:00.000Z,2026-09-30T23:45:00.000Z
sweep20,HEMIUSDT,15m,swp_opening_range,UTC Opening-Range Sweep,sweep-v1,3,3,6,3,382,0.6492146596858639,1.2187151287551663,0.6773851764444563,0.6144900696744875,0.6764587159304525,0.003093401466166069,2.6556414584846553,2.5856928709238667,0.6143938805640268,0.5543202686203519,191,0.3410296976308447,1.2215352670893527,191,0.25081881438408216,1.2153800565335122,1,183,2026-04-01T00:00:00.000Z,2026-09-30T23:45:00.000Z
algo9,KMNOUSDT,1m,tott,Twin Optimized Trend Tracker,kivanc-core-v1,3,3,6,4,160,0.4,1.2910930539075514,0.7014197666470876,0.6744612887000287,0.35400240956355744,0.00496331646333307,1.2410830476317494,1.22670683140019,0.5780047714254533,0.5523682570625472,80,1.0415701252285734,1.6156572192122993,80,-0.1666121356195901,0.8980383019033449,1,183,2026-04-01T00:00:00.000Z,2026-09-30T23:59:00.000Z
sr35,MOODENGUSDT,15m,sr_pivot_bounce,SR Pivot Bounce,sr-v1,3,3,6,3,699,0.5550786838340487,1.1790682523786695,0.85854026947716,0.7331363647363234,0.31773312742628934,0.0011318756074582717,1.03737696271464,0.966636725233363,0.6626448930852968,0.5513723538146209,350,0.3610361474239514,1.1729367103700667,349,0.3655333644112526,1.1854510752143168,1,183,2026-04-01T00:00:00.000Z,2026-09-30T23:45:00.000Z
sr35,ERAUSDT,1m,sr25_value_area_80,SR25 Value-Area Edge / 80% Rule,sr25-v1,3,3,6,4,125,0.64,1.333945394323359,0.5018849485006216,0.4832589129567275,0.5671742902198253,0.004789797464228043,1.9475544411096193,1.9266947767669595,0.5697551915514103,0.5501398996136708,63,-0.10306801987967473,1.0295802236988478,62,0.6744691702253067,1.9914665294572342,1,183,2026-04-01T00:00:00.000Z,2026-09-30T23:59:00.000Z
sr35,ONDOUSDT,15m,sr25_value_area_80,SR25 Value-Area Edge / 80% Rule,sr25-v1,3,3,6,4,113,0.6017699115044248,1.321008003454761,0.5080986800374376,0.49118299818070765,0.328438456819377,0.005420097676512511,0.6739389489960859,0.6644969187651832,0.5663924695237033,0.5489845457868023,57,0.6677307466132474,1.7570245655625172,56,-0.09571812890059261,1.004341742281387,1,183,2026-04-01T00:00:00.000Z,2026-09-30T23:45:00.000Z
visual28,ROSEUSDT,5m,vis_bollinger_rsi_double,Bollinger + RSI Double — Derived Adapter,visual-derived-v1,3,3,6,4,319,0.6677115987460815,1.21353509975162,0.5870619096435339,0.5372805848774527,0.5279699726911311,0.001867548318767668,1.3931329984504255,1.3499261375250886,0.5978364797987776,0.5474087205474558,160,0.17944760193744758,1.1652789161556778,159,0.34559763997697535,1.26149326934246,1,183,2026-04-01T00:00:00.000Z,2026-09-30T23:55:00.000Z
sr35,RAREUSDT,1h,sr_prior_day_sweep,SR Prior-Day High/Low Sweep,sr-v1,3,3,6,4,74,0.581081081081081,1.6224307025718847,0.6315302776675251,0.6195589800841241,0.33609631200856027,0.008561973857427302,1.1136989085437263,1.105821137006163,0.5534244252108442,0.5420187856337928,37,0.4057703437240239,1.8337650992959205,37,0.1605951747036014,1.3775856480410285,1,183,2026-04-01T00:00:00.000Z,2026-09-30T23:00:00.000Z
sr35,RAREUSDT,1h,sr25_previous_day_sweep,SR25 Previous-Day High/Low Sweep,sr25-v1,3,3,6,4,74,0.581081081081081,1.6224307025718847,0.6315302776675251,0.6195589800841241,0.33609631200856027,0.008561973857427302,1.1136989085437263,1.105821137006163,0.5534244252108442,0.5420187856337928,37,0.4057703437240239,1.8337650992959205,37,0.1605951747036014,1.3775856480410285,1,183,2026-04-01T00:00:00.000Z,2026-09-30T23:00:00.000Z
sweep20,RAREUSDT,1h,swp_prior_day,Previous-Day High/Low Sweep,sweep-v1,3,3,6,4,74,0.581081081081081,1.6224307025718847,0.6315302776675251,0.6195589800841241,0.33609631200856027,0.008561973857427302,1.1136989085437263,1.105821137006163,0.5534244252108442,0.5420187856337928,37,0.4057703437240239,1.8337650992959205,37,0.1605951747036014,1.3775856480410285,1,183,2026-04-01T00:00:00.000Z,2026-09-30T23:00:00.000Z
sr35,WLFIUSDT,5m,sr_range_edge,SR Range Edge Rejection,sr-v1,3,3,6,4,656,0.6402439024390244,1.1924774524709876,0.6755042422664819,0.5691782789700219,0.3427928945502511,0.000941318720808439,0.5969987582598482,0.5430605083404831,0.6458962493498026,0.541292232861444,328,-0.04106499394161722,1.0105667970629755,328,0.7472552693153773,1.45251166217487,1,183,2026-04-01T00:00:00.000Z,2026-09-30T23:55:00.000Z
sweep20,ESPUSDT,15m,swp_atr_expansion,Sweep + ATR Expansion,sweep-v1,3,3,6,4,225,0.6755555555555556,1.2514492939638808,0.6208705971996502,0.5848524918616553,0.448913842037577,0.002977351139831908,1.0048648845125308,0.9808682050992268,0.5754245637446864,0.5404121212213491,112,0.46460215061430454,1.4164722175603703,113,0.10669685724536282,1.1342356285857995,1,183,2026-04-01T00:00:00.000Z,2026-09-30T23:45:00.000Z
fib9,OPUSDT,1h,elliott_w2_w3,Elliott Wave 2 to Wave 3,fib-ew-causal-v1,3,3,6,4,70,0.5142857142857142,1.5674731824636468,0.40867539314555223,0.3988910190373445,0.21127632665294493,0.005470860426535406,0.33828497523648626,0.334046401756926,0.5491520936151353,0.5390229155302484,35,0.37680605107950127,1.9183668074683229,35,0.02314729953508321,1.1070914167606207,1,183,2026-04-01T00:00:00.000Z,2026-09-30T23:00:00.000Z
visual28,ZKUSDT,15m,vis_bollinger_rsi_double,Bollinger + RSI Double — Derived Adapter,visual-derived-v1,3,3,6,4,121,0.71900826446281,1.295965024823872,0.5028503327849183,0.4848059771139823,0.4127969828550664,0.004861156139077265,0.5395219280379007,0.5299043940292274,0.5562612513627303,0.537118416915213,60,0.009940001311017133,1.1018192525032924,61,0.48805902413415514,1.5423090348467587,1,183,2026-04-01T00:00:00.000Z,2026-09-30T23:45:00.000Z
sweep20,XVGUSDT,5m,swp_failed_breakout,Two-Bar Failed Breakout Sweep,sweep-v1,3,3,6,4,1007,0.6544190665342602,1.1207452949272974,0.7009236549579425,0.5380222550397666,0.3514352168445629,0.0007385408414125309,0.6533259414966022,0.571021631498535,0.6996063205463772,0.536677311165878,503,0.11501495242441861,1.0713519257113777,504,0.5254716102771178,1.1711624458416308,1,183,2026-04-01T00:00:00.000Z,2026-09-30T23:55:00.000Z
sr35,WLDUSDT,5m,sr25_camarilla_h4_l4,SR25 Camarilla H4/L4 Breakout,sr25-v1,3,3,6,3,66,0.4090909090909091,1.434765827296146,0.6420295137284049,0.6312669938745936,0.40064899576341595,0.01177067807207497,0.45649926604715074,0.45203833159813933,0.5460275187661034,0.5358879886165502,33,0.8014693290291974,1.8543617033563016,33,-0.08850542872506872,1.0474217349538264,1,183,2026-04-01T00:00:00.000Z,2026-09-30T23:55:00.000Z
sr35,MORPHOUSDT,5m,sr_prior_day_sweep,SR Prior-Day High/Low Sweep,sr-v1,3,3,6,4,82,0.6463414634146342,1.2309908959485394,0.27773478539990304,0.2673112594408855,0.4889125343543984,0.004791593238919763,0.9098158061473991,0.9015434430310723,0.5482704439025641,0.535365392002427,41,0.44298582621209737,1.603120694978891,41,-0.11452021067038909,0.944564866502316,1,183,2026-04-01T00:00:00.000Z,2026-09-30T23:55:00.000Z
sr35,MORPHOUSDT,5m,sr25_previous_day_sweep,SR25 Previous-Day High/Low Sweep,sr25-v1,3,3,6,4,82,0.6463414634146342,1.2309908959485394,0.27773478539990304,0.2673112594408855,0.4889125343543984,0.004791593238919763,0.9098158061473991,0.9015434430310723,0.5482704439025641,0.535365392002427,41,0.44298582621209737,1.603120694978891,41,-0.11452021067038909,0.944564866502316,1,183,2026-04-01T00:00:00.000Z,2026-09-30T23:55:00.000Z
sweep20,MORPHOUSDT,5m,swp_prior_day,Previous-Day High/Low Sweep,sweep-v1,3,3,6,4,82,0.6463414634146342,1.2309908959485394,0.27773478539990304,0.2673112594408855,0.4889125343543984,0.004791593238919763,0.9098158061473991,0.9015434430310723,0.5482704439025641,0.535365392002427,41,0.44298582621209737,1.603120694978891,41,-0.11452021067038909,0.944564866502316,1,183,2026-04-01T00:00:00.000Z,2026-09-30T23:55:00.000Z
sweep20,1INCHUSDT,15m,swp_pivot_sfp,Confirmed-Pivot Swing Failure,sweep-v1,3,3,6,4,541,0.5600739371534196,1.2193183193309463,0.5368458349730878,0.4559609212244693,0.3062150714621735,0.0009108526218471733,0.6834310319429528,0.62560671738578,0.6161824993004323,0.5309765688341945,270,0.30395575254204776,1.2475786756169984,271,0.17860274934714937,1.184238074485586,1,183,2026-04-01T00:00:00.000Z,2026-09-30T23:45:00.000Z
sr35,0GUSDT,1h,sr25_fvg_first_touch,SR25 Fair Value Gap First-Touch Rejection,sr25-v1,3,3,6,4,202,0.37623762376237624,1.1487204007012441,0.22324325630632091,0.1987849288775072,0.32121764350491755,0.001849252141981515,0.41250381195386865,0.39875818522790896,0.561597587377721,0.5305592092762854,101,-0.14013832444076513,0.958414463722534,101,0.4226046945408395,1.3893475983169223,1,183,2026-04-01T00:00:00.000Z,2026-09-30T23:00:00.000Z
sr35,SNXUSDT,1m,sr25_value_area_80,SR25 Value-Area Edge / 80% Rule,sr25-v1,3,3,6,4,131,0.6946564885496184,1.4502332657638655,0.7017121231994283,0.6796334052528983,0.4701224202830939,0.004932636431852653,1.0449425219794701,1.0312191635282089,0.5505153263822993,0.530537914419182,65,0.24122258107573868,1.3383982704370716,66,0.3709967488059984,1.6380519903238746,1,183,2026-04-01T00:00:00.000Z,2026-09-30T23:59:00.000Z
sweep20,KASUSDT,1m,swp_opening_range,UTC Opening-Range Sweep,sweep-v1,3,3,6,4,439,0.7517084282460137,1.215527154543243,0.5700622554534391,0.5026753112786886,0.24443257081392844,0.0012766691749243133,0.5942038267946497,0.559106434821202,0.5993945647981935,0.5304451304979627,219,0.44479019989684776,1.321808145429411,220,0.08670605293802391,1.1061085636557153,1,183,2026-04-01T00:00:00.000Z,2026-09-30T23:59:00.000Z
sweep20,BABYUSDT,15m,swp_rsi_exhaustion,Sweep + RSI Exhaustion,sweep-v1,3,3,6,4,215,0.6697674418604651,1.270163477867782,0.7283424539644245,0.691620041003028,0.4426953317306368,0.0038145024013202184,0.5817091149927311,0.5660303971986671,0.5622655250633426,0.5290525951746698,108,0.2991999357731623,1.2501494299864233,107,0.3303129151833566,1.2895751223536,1,183,2026-04-01T00:00:00.000Z,2026-09-30T23:45:00.000Z
visual28,POPCATUSDT,1h,vis_nadaraya_watson,Nadaraya-Watson Envelope — Causal Derived Adapter,visual-derived-v1,3,3,6,3,56,0.6607142857142857,1.3781651406563393,0.3927975661932619,0.3850466360837319,0.39605527647862593,0.008227488773322281,0.7798945659728151,0.773766855090869,0.5354630057532201,0.5272407144808018,28,0.21931091833683447,1.4985542421179299,28,0.14228253454259687,1.2943426312893112,1,183,2026-04-01T00:00:00.000Z,2026-09-30T23:00:00.000Z
sweep20,PARTIUSDT,4h,swp_opening_range,UTC Opening-Range Sweep,sweep-v1,3,3,6,4,109,0.5596330275229358,1.439453023149618,0.665163580812383,0.6471132307510092,0.4759393452605921,0.008729087104776243,1.5880478965428715,1.574070148059831,0.5437536670222054,0.5270103937786257,55,-0.2757194162413884,0.9617713107419653,54,1.2990587048062427,2.363665150161999,1,183,2026-04-01T00:00:00.000Z,2026-09-30T20:00:00.000Z
algo9,0GUSDT,15m,pmax,PMax Explorer,kivanc-core-v1,3,3,6,3,179,0.3687150837988827,1.209866531723112,0.3807112051396664,0.35622786331188916,0.3627770333293455,0.0032098774769561697,0.9587158537563845,0.9420461093603694,0.5540012983787235,0.5269201449195346,89,-0.06850614183086001,1.036580216603156,90,0.482254759954581,1.3933711878689554,1,183,2026-04-01T00:00:00.000Z,2026-09-30T23:45:00.000Z
visual28,LINEAUSDT,15m,vis_bollinger_rsi_double,Bollinger + RSI Double — Derived Adapter,visual-derived-v1,3,3,6,4,104,0.6538461538461539,1.4803344051387028,0.6842762236168063,0.6669222649519495,0.18110266421564147,0.005824618101917393,0.25094713520908574,0.24473099416425637,0.5423422966219402,0.5262843943407913,52,0.286161844990235,1.5200348960352237,52,0.3095367664476112,1.4502517131679573,1,183,2026-04-01T00:00:00.000Z,2026-09-30T23:45:00.000Z
algo9,CCUSDT,4h,ut_bot_quantnomad,UT Bot Strategy — QuantNomad,tv-open-v1,3,3,6,3,113,0.40707964601769914,1.3012076744776044,0.4159403297719382,0.4000651756861111,0.32672611465021284,0.003943541022930258,1.082100593625881,1.0718533620167765,0.5403748034077791,0.5240322796007058,56,0.13215110411947184,1.2126377438148364,57,0.2506637361566528,1.417089823895758,1,183,2026-04-01T00:00:00.000Z,2026-09-30T20:00:00.000Z
visual28,MMTUSDT,1h,vis_squeeze_momentum,Squeeze Momentum — Derived Adapter,visual-derived-v1,3,3,6,3,184,0.46195652173913043,1.1735518183483795,0.25858528395609826,0.23563256402612232,0.5129630964575871,0.002714338040135059,1.8042276999224218,1.7796336576291352,0.551606783834472,0.5228921041880783,92,0.5068641680040702,1.438198636790898,92,-0.1647652716945508,0.9683731958921717,1,183,2026-04-01T00:00:00.000Z,2026-09-30T23:00:00.000Z
visual28,CFXUSDT,5m,vis_nadaraya_watson,Nadaraya-Watson Envelope — Causal Derived Adapter,visual-derived-v1,3,3,6,4,583,0.6432246998284734,1.16553530416824,0.6190224607175268,0.5273821689992628,0.28706174621415814,0.001038797585851054,0.4326979756866798,0.3915090072169942,0.613601853131502,0.5222679045639116,291,0.2919606492796649,1.1727949503101525,292,0.25315152719257616,1.1585348124581951,1,183,2026-04-01T00:00:00.000Z,2026-09-30T23:55:00.000Z
sr35,NEARUSDT,15m,sr25_camarilla_h3_l3,SR25 Camarilla H3/L3 Mean Reversion,sr25-v1,3,3,6,4,165,0.6909090909090909,1.2356214262282903,0.3690262995403377,0.34661326230815637,0.484079214249447,0.0039260544903929225,0.4853372691813751,0.47368710102171274,0.5470490160663288,0.5221979046546241,82,1.4703793071123648,2.2107327068537432,83,-0.4458234427406217,0.7917701496265923,1,183,2026-04-01T00:00:00.000Z,2026-09-30T23:45:00.000Z
sr35,MEGAUSDT,5m,sr25_lsob,SR25 Liquidity Sweep + Order Block,sr25-v1,3,3,6,3,464,0.5431034482758621,1.1852566581688728,0.7444308301142932,0.6653749127633575,0.4641722527706911,0.0018670911729294303,0.8100518386403963,0.7675702928626846,0.5940102966589709,0.5219101182015984,232,-0.23603166966685452,0.9297500301154952,232,1.2833810785763813,1.4409879403057895,1,183,2026-04-01T00:00:00.000Z,2026-09-30T23:55:00.000Z
visual28,REZUSDT,5m,vis_bb_mean_reversion,Bollinger Mean Reversion — Derived Adapter,visual-derived-v1,3,3,6,4,764,0.5968586387434555,1.1342711990135166,0.6727819268761257,0.5497771217895286,0.5315107562698005,0.0009889249302485268,0.6176083081935402,0.5564089645165011,0.6412855074161403,0.5204417117835551,382,0.5716129259405065,1.2111046180271292,382,0.06437272133981553,1.0645820816148734,1,183,2026-04-01T00:00:00.000Z,2026-09-30T23:55:00.000Z
sr35,LAUSDT,5m,sr25_supply_demand_retest,SR25 RBD/DBR Supply-Demand Retest,sr25-v1,3,3,6,4,221,0.4479638009049774,1.2864445251680907,0.8090390527657245,0.769563018440893,0.305666850343815,0.0036744130574848026,0.5707684197301166,0.5519254218708087,0.5501227780289799,0.5158202378410344,110,-0.18291022159065862,0.9486586725706483,111,1.2140027945123069,1.774326787818295,1,183,2026-04-01T00:00:00.000Z,2026-09-30T23:55:00.000Z
sr35,XMRUSDT,15m,sr_wick_rejection,SR Wick Rejection,sr-v1,3,3,6,5,166,0.6024096385542169,1.4045760895062902,0.6965349301109658,0.6686796369632946,0.23629053813607725,0.003621134360573114,0.370440040858792,0.35901286062728155,0.5406912430669437,0.5156832617495022,83,0.6841438099043986,1.9635045421947508,83,0.00735751907509119,1.0464835840699585,1,183,2026-04-01T00:00:00.000Z,2026-09-30T23:45:00.000Z
sr35,KASUSDT,5m,sr25_camarilla_h3_l3,SR25 Camarilla H3/L3 Mean Reversion,sr25-v1,3,3,6,5,184,0.6358695652173914,1.378059446154353,0.6594810600121708,0.629293904029129,0.2000148173392563,0.0031737986583836504,0.2934722171026336,0.28113958372146586,0.5408117472351677,0.5129235540740877,92,0.5176491716347245,1.7587219237869975,92,0.09345499014417746,1.1487095818190627,1,183,2026-04-01T00:00:00.000Z,2026-09-30T23:55:00.000Z
sweep20,SNXUSDT,5m,swp_wick_sfp,Sweep + Wick Rejection,sweep-v1,3,3,6,3,575,0.6086956521739131,1.1674896287413077,0.6189429900868779,0.5285292031809623,0.29055295441114515,0.001056326637230806,0.961054632676672,0.9034005844540876,0.6023563845049706,0.5127161170821619,288,0.1941885606559801,1.1289541180080007,287,0.35568455721730774,1.203798653209779,1,183,2026-04-01T00:00:00.000Z,2026-09-30T23:55:00.000Z
sweep20,MOVRUSDT,4h,swp_asia_range,Asia Range Sweep,sweep-v1,3,3,6,3,79,0.6835443037974683,1.5006421625883863,0.6369340490744975,0.6240170379569492,0.7076440422083129,0.014424616121039636,2.6000659121462095,2.5857004381364184,0.5209047444159338,0.5096508573298277,39,0.7275417420279366,1.8212202665113337,40,-0.052448916717391825,1.2286876504301794,1,183,2026-04-01T00:00:00.000Z,2026-09-30T20:00:00.000Z
sweep20,IMXUSDT,5m,swp_rsi_exhaustion,Sweep + RSI Exhaustion,sweep-v1,3,3,6,4,484,0.6239669421487604,1.1421741421140372,0.4762615471890608,0.4065466117316352,0.29402309615845346,0.00104694788899269,0.36521267878841424,0.33660678648120546,0.5808364111795121,0.5054402364179094,242,0.3194024977191312,1.2021983032666448,242,0.11888642756178713,1.0910268423642713,1,183,2026-04-01T00:00:00.000Z,2026-09-30T23:55:00.000Z
sr35,VTHOUSDT,1h,sr25_camarilla_h3_l3,SR25 Camarilla H3/L3 Mean Reversion,sr25-v1,3,3,6,4,140,0.5785714285714286,1.3320367767952588,0.3950461995777086,0.3756795143965863,0.21542663207550028,0.003324080431385775,0.5892228517495608,0.5796159659387845,0.5257560223176165,0.5047387014267304,70,0.3202952061657969,1.495295664546844,70,0.056616878606256416,1.1340978297329591,1,183,2026-04-01T00:00:00.000Z,2026-09-30T23:00:00.000Z
sweep20,BLURUSDT,15m,swp_failed_breakout,Two-Bar Failed Breakout Sweep,sweep-v1,3,3,6,4,324,0.6265432098765432,1.217091142646811,0.6401808092307439,0.5879252762821161,0.4910254404839527,0.0023280402549819197,1.5588218473652988,1.519667231846484,0.55354289846875,0.5043404183977271,162,0.26783949867409707,1.2050735264984092,162,0.29368174043011064,1.231251080636611,1,183,2026-04-01T00:00:00.000Z,2026-09-30T23:45:00.000Z
sweep20,UBUSDT,1m,swp_asia_range,Asia Range Sweep,sweep-v1,3,3,6,4,126,0.5793650793650794,1.2613426278014848,0.09724191635742208,0.08336143348450209,0.8559321449221927,0.010805794549657485,1.0843522647381358,1.0692921386739083,0.5204158159710011,0.5004821009626552,63,1.4929587072390027,1.6879368312119016,63,-0.5598635817066391,1.0283711391546166,1,183,2026-04-01T00:00:00.000Z,2026-09-30T23:59:00.000Z
sweep20,CYBERUSDT,5m,swp_rsi_exhaustion,Sweep + RSI Exhaustion,sweep-v1,3,3,6,3,629,0.6422893481717011,1.1704069210932597,0.6350184684705662,0.535398033446788,0.18843705937979716,0.0009451971882471301,0.454311188477021,0.41264360652032006,0.5980820467791128,0.5004085940689309,315,0.04140034540154147,1.049124639172209,314,0.570019134034508,1.3155485660430062,1,183,2026-04-01T00:00:00.000Z,2026-09-30T23:55:00.000Z
sweep20,CFGUSDT,4h,swp_opening_range,UTC Opening-Range Sweep,sweep-v1,3,3,6,4,107,0.5887850467289719,1.3470848499994248,0.6138579561174724,0.5967162736775959,0.32237772617083926,0.006787385559385772,0.5123355069287017,0.5034879440841573,0.5143215136812089,0.49852988958035493,54,0.23562728369527197,1.3068045844144325,53,0.30610417673124135,1.3912001071712046,1,183,2026-04-01T00:00:00.000Z,2026-09-30T20:00:00.000Z
algo9,AAVEUSDT,1h,ssl_hybrid_flip,SSL Hybrid — Flip Mode,tv-open-v1,3,3,6,4,256,0.33984375,1.1280961723859027,0.22612213987047425,0.195133205883544,0.5373071707929513,0.001539291644553986,0.8321378494967064,0.8111007555987768,0.5305907203217104,0.4953762786516831,128,0.4496989126962283,1.3380705074406007,128,-0.15422290164371733,0.9598848228697494,1,183,2026-04-01T00:00:00.000Z,2026-09-30T23:00:00.000Z
visual28,2ZUSDT,1h,vis_bb_mean_reversion,Bollinger Mean Reversion — Derived Adapter,visual-derived-v1,3,3,6,4,72,0.6944444444444444,1.566213390705403,0.7767328486071834,0.7640518236367433,0.42300083343512873,0.010662373977771887,0.38771022194991267,0.3826173538372777,0.5049228885793418,0.4944577608830485,36,0.16662542039629646,1.372733133799838,36,0.5229677131530688,1.7025418513199577,1,183,2026-04-01T00:00:00.000Z,2026-09-30T23:00:00.000Z
sweep20,SNXUSDT,15m,swp_rsi_exhaustion,Sweep + RSI Exhaustion,sweep-v1,3,3,6,3,195,0.6307692307692307,1.2114298097249603,0.38013083730004227,0.3535083975572171,0.34971943844790565,0.002128974695965065,0.817272046120628,0.7983899452662815,0.5226062376822593,0.49265316058723974,98,0.13053622972172918,1.16610423779757,97,0.22077541702466963,1.2594517803408252,1,183,2026-04-01T00:00:00.000Z,2026-09-30T23:45:00.000Z
sr35,XVGUSDT,5m,sr25_liquidity_absorption,SR25 Liquidity Sweep + Volume Absorption,sr25-v1,3,3,6,5,529,0.6238185255198487,1.1456927962301338,0.5320144855628,0.45310676738685896,0.331106696782862,0.0011755097966542837,0.3186930142968727,0.28243176254015734,0.5736544118126419,0.4923074533785978,264,0.0582448787808858,1.0655394158983182,265,0.4476937392106306,1.2201862072089533,1,183,2026-04-01T00:00:00.000Z,2026-09-30T23:55:00.000Z
visual28,XTZUSDT,5m,vis_nadaraya_watson,Nadaraya-Watson Envelope — Causal Derived Adapter,visual-derived-v1,3,3,6,5,568,0.6302816901408451,1.1654274677312155,0.5219170046650972,0.4379163545660345,0.3485078103593099,0.0009871969259203828,0.4213032784290385,0.38167795252283354,0.5791477231563249,0.49169571071730234,284,0.17065777530119441,1.1267132609951733,284,0.3000528734997101,1.2053318528612003,1,183,2026-04-01T00:00:00.000Z,2026-09-30T23:55:00.000Z
sr35,IOSTUSDT,15m,sr25_lsob,SR25 Liquidity Sweep + Order Block,sr25-v1,3,3,6,4,140,0.5285714285714286,1.3901486735548818,0.4895619548830128,0.46887411333469764,0.4785155076887172,0.0046678972268968414,0.4607660637388893,0.44799613610428834,0.5116472241985577,0.4902101157263037,70,0.09501618841956816,1.2382569816282998,70,0.3603104416500824,1.5710970414675989,1,183,2026-04-01T00:00:00.000Z,2026-09-30T23:45:00.000Z
sweep20,ZENUSDT,1h,swp_range12_reclaim,Sweep Range-12 Reclaim,sweep-v1,3,3,6,4,178,0.6404494382022472,1.27556337241476,0.5509573996064132,0.5236284975394676,0.34375434526403426,0.003556750067660548,0.5226036610347953,0.5088552019941137,0.5097009107426131,0.48309492536974696,89,0.434641833972369,1.4363737657993676,89,0.08107637939985346,1.1566407176222753,1,183,2026-04-01T00:00:00.000Z,2026-09-30T23:00:00.000Z
algo9,RVNUSDT,1h,mavilimw,MavilimW,kivanc-core-v1,3,3,6,4,90,0.43333333333333335,1.7443353961381676,0.870245145620848,0.853577447787782,0.26316863853844574,0.008776112801035149,0.877431766928223,0.8700359830510649,0.49058747320109886,0.47830786633132405,45,-0.11523887888639506,0.8002725567871286,45,1.1138419184455848,2.6342683546973893,1,183,2026-04-01T00:00:00.000Z,2026-09-30T23:00:00.000Z
sr35,UBUSDT,15m,sr_range_edge,SR Range Edge Rejection,sr-v1,3,3,6,3,199,0.6633165829145728,1.2202561283560653,0.022991025214871952,0.0026648203286621097,0.814411441394092,0.007188507644544164,2.3058796790886724,2.2732958057121238,0.5060132120446139,0.47587081197025083,100,1.5266730957722632,1.5370964661289603,99,-0.5951233157440974,0.9876729242784706,1,183,2026-04-01T00:00:00.000Z,2026-09-30T23:45:00.000Z
sweep20,KAVAUSDT,5m,swp_atr_expansion,Sweep + ATR Expansion,sweep-v1,3,3,6,4,607,0.5996705107084019,1.2002842274481285,0.549643800286387,0.45842671201914653,0.24616696354844936,0.0008456157248766555,0.5885900290726556,0.5275857022252184,0.5678049005289272,0.4753729681623071,303,0.40209183656346625,1.296937074777008,304,0.10523701791501283,1.102387573329632,1,183,2026-04-01T00:00:00.000Z,2026-09-30T23:55:00.000Z
sr35,MMTUSDT,15m,sr25_inverse_fvg,SR25 Inverse Fair Value Gap,sr25-v1,3,3,6,4,185,0.4972972972972973,1.2387666079294015,0.36639037577934697,0.34132263632530324,0.7593884891490768,0.004262382373607579,1.431141175910307,1.4070939309887018,0.5013366350413189,0.47365777736129977,92,0.5435193385472918,1.4637348864132598,93,-0.11475655558332853,1.0441683402043236,1,183,2026-04-01T00:00:00.000Z,2026-09-30T23:45:00.000Z
visual28,TRBUSDT,5m,vis_bollinger_rsi_double,Bollinger + RSI Double — Derived Adapter,visual-derived-v1,3,3,6,4,311,0.6559485530546624,1.203889948564797,0.5337939232187459,0.4868664881022102,0.32966759679848734,0.0018251274957986807,0.5845494062548251,0.5597693001728561,0.519143445713055,0.4723689092765113,155,0.46421373775024866,1.360609128002559,156,0.047520511298716706,1.0831998739380095,1,183,2026-04-01T00:00:00.000Z,2026-09-30T23:55:00.000Z
fib9,FFUSDT,1h,fib_retrace_382,Fibonacci Retracement 0.382 Reclaim,fib-ew-causal-v1,3,3,6,3,145,0.4413793103448276,1.3108271888981302,0.47673669272148067,0.45551748423957394,0.26013470772504776,0.0035016661999529167,0.5090166922163626,0.4986938703695143,0.4899982473039677,0.4687366763721841,71,0.764257370864593,1.9499794403383846,74,-0.16296980411775652,0.8650296979343846,1,183,2026-04-01T00:00:00.000Z,2026-09-30T23:00:00.000Z
sweep20,EDENUSDT,5m,swp_asia_range,Asia Range Sweep,sweep-v1,3,3,6,4,124,0.6370967741935484,1.2951038816330083,0.2868626503024265,0.2709106250640674,0.6036120247678025,0.00885889157517049,0.49758166171473706,0.48790682489327564,0.4877279483774455,0.46858727358259,62,0.6075782006657668,1.5780483750316252,62,-0.19950230118231116,1.0879183949776923,1,183,2026-04-01T00:00:00.000Z,2026-09-30T23:55:00.000Z
sr35,MORPHOUSDT,15m,sr_prior_day_sweep,SR Prior-Day High/Low Sweep,sr-v1,3,3,6,4,82,0.6463414634146342,1.2127862221668062,0.24109802443822126,0.23096996322021535,0.47309415354391715,0.004416566106595951,0.8178029559666133,0.8099204634139032,0.4769956821235781,0.46467798236553004,41,0.4189058194463151,1.5933198253994147,41,-0.1253133171851245,0.9339191892093197,1,183,2026-04-01T00:00:00.000Z,2026-09-30T23:45:00.000Z
sr35,MORPHOUSDT,15m,sr25_previous_day_sweep,SR25 Previous-Day High/Low Sweep,sr25-v1,3,3,6,4,82,0.6463414634146342,1.2127862221668062,0.24109802443822126,0.23096996322021535,0.47309415354391715,0.004416566106595951,0.8178029559666133,0.8099204634139032,0.4769956821235781,0.46467798236553004,41,0.4189058194463151,1.5933198253994147,41,-0.1253133171851245,0.9339191892093197,1,183,2026-04-01T00:00:00.000Z,2026-09-30T23:45:00.000Z
sweep20,MORPHOUSDT,15m,swp_prior_day,Previous-Day High/Low Sweep,sweep-v1,3,3,6,4,82,0.6463414634146342,1.2127862221668062,0.24109802443822126,0.23096996322021535,0.47309415354391715,0.004416566106595951,0.8178029559666133,0.8099204634139032,0.4769956821235781,0.46467798236553004,41,0.4189058194463151,1.5933198253994147,41,-0.1253133171851245,0.9339191892093197,1,183,2026-04-01T00:00:00.000Z,2026-09-30T23:45:00.000Z
sweep20,TOWNSUSDT,1m,swp_asia_range,Asia Range Sweep,sweep-v1,3,3,6,4,142,0.6056338028169014,1.260043987741162,0.5194979806490081,0.49811185612012987,0.32495801447927664,0.004035149010149899,0.6041403913661694,0.5936497527987534,0.4814724433540749,0.4601794332985558,71,-0.010633910694714976,1.064695595567287,71,0.5358298582034202,1.4951885393627073,1,183,2026-04-01T00:00:00.000Z,2026-09-30T23:59:00.000Z
sr35,HOMEUSDT,15m,sr25_impulse_ob_retest,SR25 Impulse Order Block Retest,sr25-v1,3,3,6,3,158,0.4240506329113924,1.320734173702882,0.29169040154181336,0.27135369999684045,0.7727919436248623,0.008107892492487435,2.0268773825873994,2.005391999090345,0.4805929414864465,0.45702793704067357,79,-0.36421084998810715,0.8671345539043419,79,1.0316332883592807,1.7180848179408583,1,183,2026-04-01T00:00:00.000Z,2026-09-30T23:45:00.000Z
visual28,PLUMEUSDT,5m,vis_bb_mean_reversion,Bollinger Mean Reversion — Derived Adapter,visual-derived-v1,3,3,6,5,795,0.6037735849056604,1.1039583109630764,0.5058951764276891,0.39082589521981737,0.3371274035299605,0.0008453474711412995,0.5225099867993421,0.46080759447176667,0.5769424045341065,0.4563053017588896,397,0.6619631946001341,1.2187834742535852,398,-0.09390582094689248,1.0166481954115818,1,183,2026-04-01T00:00:00.000Z,2026-09-30T23:55:00.000Z
sweep20,SPXUSDT,15m,swp_range12_reclaim,Sweep Range-12 Reclaim,sweep-v1,3,3,6,4,707,0.637906647807638,1.1256542583598341,0.6334571478039108,0.5219856864488921,0.680246844574631,0.0010867362333602372,1.5247263803187332,1.4378386905412,0.5607563239458464,0.45438515969805815,353,0.6450346608790563,1.2233619268282094,354,-0.007037853578693687,1.0419275041418674,1,183,2026-04-01T00:00:00.000Z,2026-09-30T23:45:00.000Z
sweep20,1000FLOKIUSDT,15m,swp_atr_expansion,Sweep + ATR Expansion,sweep-v1,3,3,6,5,252,0.6746031746031746,1.2684381076931284,0.5236033341524615,0.48572952862639784,0.2679094627181312,0.002151453092924496,0.43283098260442276,0.413233367644239,0.4906925644882054,0.4536338397884292,126,0.23347207213150223,1.2688278544528746,126,0.23521510423790692,1.268076661905564,1,183,2026-04-01T00:00:00.000Z,2026-09-30T23:45:00.000Z
sweep20,POWERUSDT,5m,swp_rsi_exhaustion,Sweep + RSI Exhaustion,sweep-v1,3,3,6,3,653,0.6186830015313936,1.148552708762644,0.6958841317970514,0.5886732036738158,0.8245414337867992,0.0016036754745352318,4.079395617134695,3.9136893238847055,0.548814503856573,0.45132339780346986,327,0.37016939448886665,1.1533456645439581,326,0.23771859057594424,1.143832964034326,1,183,2026-04-01T00:00:00.000Z,2026-09-30T23:55:00.000Z
sweep20,1INCHUSDT,15m,swp_volume_absorption,Sweep + Volume Absorption,sweep-v1,3,3,6,4,204,0.6421568627450981,1.3680225620094775,0.5859367529634514,0.5539712252576265,0.23252633598995287,0.00257292237708948,0.49453140366486914,0.4763153577524921,0.47706868192056495,0.4472870897280785,102,0.3208109080971202,1.417170621331312,102,0.2007295997034837,1.3110637594677568,1,183,2026-04-01T00:00:00.000Z,2026-09-30T23:45:00.000Z
sweep20,PIEVERSEUSDT,15m,swp_mss_confirm,Sweep + Micro Structure Shift,sweep-v1,3,3,6,3,254,0.6181102362204725,1.1871197010654748,0.1586145090612796,0.12949782651851782,0.8221007933665854,0.002929332219430962,3.5182048809495994,3.455527745991943,0.4841013207182605,0.44684645289624125,127,0.7637919739824082,1.4897534008058133,127,-0.3431115879015597,0.9128457229726886,1,183,2026-04-01T00:00:00.000Z,2026-09-30T23:45:00.000Z
sr35,FORMUSDT,1h,sr25_narrow_cpr_breakout,SR25 Narrow CPR Breakout,sr25-v1,3,3,6,3,103,0.27184466019417475,1.2062216168937077,0.19472547246482885,0.18248968126503962,0.23521057782046018,0.0029366442413766604,0.3039580305000582,0.2961823601907516,0.4585407219296809,0.44421013268433707,51,0.16578834452018,1.3360918769336432,52,0.024821939660547576,1.0929099898865422,1,183,2026-04-01T00:00:00.000Z,2026-09-30T23:00:00.000Z
sr35,WLDUSDT,15m,sr25_value_area_80,SR25 Value-Area Edge / 80% Rule,sr25-v1,3,3,6,4,101,0.6534653465346535,1.4217032310182933,0.7009295793663886,0.6838784388531738,0.4413963378483243,0.008130416224253305,0.8611795245189577,0.8512540853894341,0.4582511934573603,0.4437594321098801,50,0.8336532982353493,1.8858659041050159,51,-0.07238212316182657,1.0107836419731895,1,183,2026-04-01T00:00:00.000Z,2026-09-30T23:45:00.000Z
sr35,RAYSOLUSDT,1h,sr25_pdh_fvg_mss,SR25 PDH/PDL Sweep + FVG/MSS,sr25-v1,3,3,6,4,77,0.5584415584415584,1.2720314378536344,0.2389294376839377,0.22942468763261537,0.43877016350803344,0.00571834665791193,0.666428202890476,0.6600024347772568,0.45364779784438714,0.4429555295838956,38,0.91430133079846,2.475466340083601,39,-0.35280333469382397,0.7005748162352616,1,183,2026-04-01T00:00:00.000Z,2026-09-30T23:00:00.000Z
fib9,JUPUSDT,1h,fib_golden_pocket,Fibonacci Golden Pocket 0.618-0.670,fib-ew-causal-v1,3,3,6,6,126,0.5396825396825397,1.1861986960547746,0.2024018375770129,0.18735716032124827,0.3292222194876855,0.002155643606500375,0.31139383700233236,0.3043625014352138,0.46023970964441463,0.4425751728941867,67,0.3051551785393736,1.4503820904996,59,-0.07872883060338787,0.9397551866968074,1,183,2026-04-01T00:00:00.000Z,2026-09-30T23:00:00.000Z
fib9,JUPUSDT,1h,fib_retrace_618,Fibonacci Retracement 0.618 Reclaim,fib-ew-causal-v1,3,3,6,6,126,0.5396825396825397,1.1861986960547746,0.2024018375770129,0.18735716032124827,0.3292222194876855,0.002155643606500375,0.31139383700233236,0.3043625014352138,0.46023970964441463,0.4425751728941867,67,0.3051551785393736,1.4503820904996,59,-0.07872883060338787,0.9397551866968074,1,183,2026-04-01T00:00:00.000Z,2026-09-30T23:00:00.000Z
algo9,ONDOUSDT,15m,pmax,PMax Explorer,kivanc-core-v1,3,3,6,4,173,0.3583815028901734,1.2295010066770324,0.39612389847295426,0.37219322414103195,0.47460385354581447,0.003362214065750098,0.4778894615066671,0.4660079785312101,0.4632193310738464,0.4385772744426113,86,0.6084830171265534,1.4815976100908563,87,-0.1320244705057353,0.9099339182739209,1,183,2026-04-01T00:00:00.000Z,2026-09-30T23:45:00.000Z
visual28,UBUSDT,5m,vis_rsi_entries,RSI Signals Entries — Derived Adapter,visual-derived-v1,3,3,6,4,421,0.6413301662707839,1.1871678305646247,0.5127850937692648,0.4502436539953918,0.8788940499535473,0.004253819760506396,3.2373139350385607,3.1426575893458413,0.49808018833682777,0.435713584713213,210,1.9880183322904457,1.4270365723511993,211,-0.4937162609006981,1.0193711385641075,1,183,2026-04-01T00:00:00.000Z,2026-09-30T23:55:00.000Z
visual28,BABYUSDT,15m,vis_rsi_entries,RSI Signals Entries — Derived Adapter,visual-derived-v1,3,3,6,4,126,0.6746031746031746,1.2082690678961263,0.26122867079629986,0.24542387992221926,0.4271598636324647,0.004413719646293644,0.7091731350492789,0.6968131147987642,0.4466081831306128,0.4282125798656886,63,0.12226179367501766,1.216963024438469,63,0.12382750433498613,1.20108911834817,1,183,2026-04-01T00:00:00.000Z,2026-09-30T23:45:00.000Z
sweep20,APTUSDT,15m,swp_pivot_sfp_body,Pivot SFP + Body Confirmation,sweep-v1,3,3,6,4,546,0.5842490842490843,1.1563228384731032,0.52974311457941,0.44849578229666465,0.22752990762540182,0.0010298967012666732,0.304766911200123,0.266480316986452,0.5036722717058877,0.42423456442454266,273,0.14613295241629976,1.10687984439094,273,0.33469953145869447,1.21178806626464,1,183,2026-04-01T00:00:00.000Z,2026-09-30T23:45:00.000Z
sweep20,CELOUSDT,1h,swp_wick_sfp,Sweep + Wick Rejection,sweep-v1,3,3,6,4,68,0.6029411764705882,1.6225899597317126,0.7145499536242841,0.7030045040170108,0.22504966676035543,0.00936799642009777,0.4547633931508075,0.4498720223980033,0.4327075039555359,0.42303481069445525,34,0.48177029520484327,1.8878795783231883,34,0.15709564375311014,1.3628403770915514,1,183,2026-04-01T00:00:00.000Z,2026-09-30T23:00:00.000Z
visual28,ALGOUSDT,5m,vis_nadaraya_watson,Nadaraya-Watson Envelope — Causal Derived Adapter,visual-derived-v1,3,3,6,4,605,0.6231404958677685,1.1306445862769456,0.46712138259226155,0.38102045817717345,0.42937976340411166,0.000872560402629149,0.738089124249371,0.6849475755524976,0.5095959393111549,0.4211486382288625,302,0.33279169019073906,1.1892610535081642,303,0.10078821273435068,1.0831683469175128,1,183,2026-04-01T00:00:00.000Z,2026-09-30T23:55:00.000Z
algo9,JSTUSDT,15m,ott,Optimized Trend Tracker,kivanc-core-v1,3,3,6,5,503,0.34791252485089463,1.180997513589429,0.5473501768073179,0.4714854899835901,0.4618632000335986,0.0011367063786469614,0.3711158685449132,0.3394417821002309,0.49426477774252886,0.4209979668093611,252,0.8261410812185599,1.4347304737539601,251,-0.15266668456152854,0.9471931826834181,1,183,2026-04-01T00:00:00.000Z,2026-09-30T23:45:00.000Z
sweep20,SNXUSDT,1m,swp_range96_reclaim,Sweep Range-96 Reclaim,sweep-v1,3,3,6,3,1063,0.6208842897460018,1.1125494668425011,0.5856891542383655,0.42581970498281607,0.4723225865845402,0.0005536800742237422,1.7002918561155984,1.551420822512719,0.5687783536125284,0.41089456501870036,532,0.17368838654111318,1.0831365896864047,531,0.35103079524492076,1.1416733240798407,1,183,2026-04-01T00:00:00.000Z,2026-09-30T23:59:00.000Z
fib9,KERNELUSDT,1h,elliott_w2_w3,Elliott Wave 2 to Wave 3,fib-ew-causal-v1,3,3,6,4,81,0.49382716049382713,1.4738913483331875,0.34335654962380624,0.3325493731444822,0.24432411989717306,0.004560810788140101,0.6703764929345528,0.6642845278033189,0.42098546992842056,0.40984382612093984,32,0.5292578638140681,2.6692353847076564,49,-0.12156309186902681,0.762857383369004,1,183,2026-04-01T00:00:00.000Z,2026-09-30T23:00:00.000Z
sweep20,SNXUSDT,5m,swp_rsi_exhaustion,Sweep + RSI Exhaustion,sweep-v1,3,3,6,3,531,0.6440677966101694,1.1407107007436257,0.4768031109717987,0.40046321049042954,0.33979201601076614,0.0009714057311051267,0.957814870104662,0.9021566055872372,0.48264355090341726,0.40586174881502934,266,0.1568295143792593,1.1142666617895134,265,0.2765952913677472,1.1626735497853657,1,183,2026-04-01T00:00:00.000Z,2026-09-30T23:55:00.000Z
sweep20,FARTCOINUSDT,1h,swp_pivot_sfp,Confirmed-Pivot Swing Failure,sweep-v1,3,3,6,4,161,0.6086956521739131,1.2298388435960106,0.41270356044753864,0.3901478207286695,0.4112090722586541,0.003846205241695141,0.9437710800365147,0.9276081079580389,0.4260789766483257,0.4033117669790043,81,0.19524361207004115,1.2232136190018923,80,0.1819377624623988,1.2359152282375372,1,183,2026-04-01T00:00:00.000Z,2026-09-30T23:00:00.000Z
sr35,FFUSDT,15m,sr25_inverse_fvg,SR25 Inverse Fair Value Gap,sr25-v1,3,3,6,4,161,0.4658385093167702,1.2317866802140047,0.35941545019598165,0.3377096951611185,0.5485874447654004,0.003505895872274018,1.04390770526024,1.0263245383226987,0.4256685586039177,0.40277387608444437,80,0.5915123273267682,1.6218442627938303,81,-0.14583416863671717,0.9975100611846314,1,183,2026-04-01T00:00:00.000Z,2026-09-30T23:45:00.000Z
sr35,PIEVERSEUSDT,1h,sr25_fractal_cluster_rejection,SR25 Fractal Cluster Zone Rejection,sr25-v1,3,3,6,3,769,0.4187256176853056,1.2682059793360123,1.7594290653316098,1.5552977945411262,0.5254588462991687,0.0020656765445703283,2.024694879010436,1.904919982216739,0.4993053240369427,0.3984850847424719,385,1.7288603592157363,1.4541964069621125,384,0.011202004533743315,1.0562752734409167,1,183,2026-04-01T00:00:00.000Z,2026-09-30T23:00:00.000Z
sr35,RVNUSDT,1h,sr25_wick_confirmed_zone,SR25 Wick Rejection at Confirmed Zone,sr25-v1,3,3,6,5,102,0.6372549019607843,1.3830359671177799,0.38266601515222143,0.3686588259100365,0.4735058045338896,0.004675078731582314,0.7922932773489955,0.7821895591556827,0.41253299704784685,0.39794672537555087,51,-0.2406616891877571,0.7595103421151277,51,0.8208827283760021,2.8792081473617923,1,183,2026-04-01T00:00:00.000Z,2026-09-30T23:00:00.000Z
sr35,ZROUSDT,1h,sr_pivot_breakout,SR Pivot Breakout,sr-v1,3,3,6,4,119,0.35294117647058826,1.2600476011371664,0.405784333924498,0.3891637664155829,0.42402023972412417,0.0054112702926499235,0.8831583778012182,0.8732918013376993,0.4137988020949668,0.3968048324685427,60,0.10890046468101766,1.2257561915871094,59,0.26772814936900713,1.3011071634721323,1,183,2026-04-01T00:00:00.000Z,2026-09-30T23:00:00.000Z
sr35,ZROUSDT,1h,sr25_confirmed_pivot_breakout,SR25 Confirmed Pivot Breakout,sr25-v1,3,3,6,4,119,0.35294117647058826,1.2600476011371664,0.405784333924498,0.3891637664155829,0.42402023972412417,0.0054112702926499235,0.8831583778012182,0.8732918013376993,0.4137988020949668,0.3968048324685427,60,0.10890046468101766,1.2257561915871094,59,0.26772814936900713,1.3011071634721323,1,183,2026-04-01T00:00:00.000Z,2026-09-30T23:00:00.000Z
sweep20,KAVAUSDT,1m,swp_range96_reclaim,Sweep Range-96 Reclaim,sweep-v1,3,3,6,4,873,0.5933562428407789,1.1594235296515623,0.5299855439500882,0.4021251453556798,0.26875700788897816,0.0005725212478594417,0.4465473463465781,0.3656230365420867,0.5235840964924794,0.39583917719350126,436,0.3867981269979761,1.240303144525726,437,0.10325036799845733,1.0847551175341952,1,183,2026-04-01T00:00:00.000Z,2026-09-30T23:59:00.000Z
visual28,ROSEUSDT,5m,vis_rsi_entries,RSI Signals Entries — Derived Adapter,visual-derived-v1,3,3,6,3,351,0.6495726495726496,1.1559306866486387,0.3857887908222277,0.338014858869796,0.5709594047621869,0.001291116402349386,1.7730310030220706,1.7162073245097278,0.44017373430832296,0.39011307590254884,176,0.10158068312122182,1.1133878052024893,175,0.2580002645795576,1.1961206484080138,1,183,2026-04-01T00:00:00.000Z,2026-09-30T23:55:00.000Z
visual28,WUSDT,5m,vis_bollinger_rsi_double,Bollinger + RSI Double — Derived Adapter,visual-derived-v1,3,3,6,4,326,0.6411042944785276,1.148661235203295,0.38027731764532957,0.3360175872078983,0.47154795439060937,0.0016110588591707715,0.7471736192560074,0.7193502057053984,0.43525234530481294,0.38895769399732005,163,0.13345855919971483,1.1342016158609696,163,0.21775719671646532,1.1625840709735722,1,183,2026-04-01T00:00:00.000Z,2026-09-30T23:55:00.000Z
sr35,SOLUSDT,1h,sr_level_flip,SR Breakout Level Flip,sr-v1,3,3,6,4,88,0.3977272727272727,1.6160091807401393,0.6296456493435039,0.6154292892397049,0.21573959524407027,0.0068429540800322795,0.4069475182919242,0.4008108716534384,0.3959988319879424,0.3838020948847758,44,0.5739593098638862,2.2125463182386356,44,0.03537978341030423,1.1571256235733884,1,183,2026-04-01T00:00:00.000Z,2026-09-30T23:00:00.000Z
visual28,XTZUSDT,4h,vis_coppock,Coppock Curve — Derived Adapter,visual-derived-v1,3,3,6,4,159,0.33962264150943394,1.2061964844021367,0.28956884861598975,0.2692403315836249,0.3340066782394189,0.0025652633414515996,0.529662665957513,0.5196528652055159,0.3991528268989928,0.38014568063468834,80,0.07221064211587236,1.1692328105354786,79,0.2027196876829973,1.2468369146844598,1,183,2026-04-01T00:00:00.000Z,2026-09-30T20:00:00.000Z
sweep20,1000SHIBUSDT,5m,swp_volume_absorption,Sweep + Volume Absorption,sweep-v1,3,3,6,5,650,0.6092307692307692,1.1711745813418604,0.5272565544838985,0.4311808773909369,0.2605901027914004,0.0008272697962950297,0.3801856108795998,0.33648008311320776,0.4689945910640265,0.3763036210341808,325,0.2088011443254274,1.144687400361569,325,0.26344731029865587,1.1989967155134555,1,183,2026-04-01T00:00:00.000Z,2026-09-30T23:55:00.000Z
visual28,0GUSDT,15m,vis_high_volume_box,High Volume Boxes — Derived Adapter,visual-derived-v1,3,3,6,4,192,0.40625,1.2195498377228065,0.4343337110326755,0.40707791675652016,0.42102004206958965,0.003027963878510207,1.0156489160003406,0.9959015675434959,0.3961585636820293,0.3692115784801635,96,-0.06598482671559502,1.0366923865941622,96,0.5356642504949167,1.441497265406047,1,183,2026-04-01T00:00:00.000Z,2026-09-30T23:45:00.000Z
sr35,REDUSDT,15m,sr25_liquidity_absorption,SR25 Liquidity Sweep + Volume Absorption,sr25-v1,3,3,6,5,169,0.6745562130177515,1.2451867234677942,0.3502429237460378,0.32759977749040625,0.5710892234169442,0.0037316070876434668,0.24031548593942897,0.2284795526064336,0.3926253452221675,0.36872795967482563,84,0.505102768789957,1.4533296479055506,85,-0.10288988117962283,1.0896334913043753,1,183,2026-04-01T00:00:00.000Z,2026-09-30T23:45:00.000Z
sweep20,KMNOUSDT,1m,swp_compression_reclaim,Compression Sweep + Reclaim,sweep-v1,3,3,6,4,613,0.5432300163132137,1.117758260343597,0.4488413369152988,0.36270748464757974,0.6877731290721751,0.00101028175518377,1.0204728227625242,0.9514798414574839,0.4555329678545055,0.36845394647582186,307,0.9312006344343922,1.2980315689055653,306,-0.24977171657794395,0.926591822511656,1,183,2026-04-01T00:00:00.000Z,2026-09-30T23:59:00.000Z
sweep20,CELOUSDT,15m,swp_wick_sfp,Sweep + Wick Rejection,sweep-v1,3,3,6,4,227,0.6079295154185022,1.1366325553335817,0.225482789988531,0.1979844568091429,0.3806661216154428,0.0014760779296029783,0.7703509427671762,0.7486201571804914,0.39923813646130957,0.36772298107533685,114,0.21730848051868268,1.2225711375426545,113,0.006715068202239216,1.0630088171107963,1,183,2026-04-01T00:00:00.000Z,2026-09-30T23:45:00.000Z
sweep20,LAUSDT,15m,swp_wick_sfp,Sweep + Wick Rejection,sweep-v1,3,3,6,4,264,0.6060606060606061,1.1313692659399357,0.2548168443302632,0.22212084836938728,0.48997360312547134,0.001718986121521214,0.6159047411418557,0.5934911742869391,0.40393567159711896,0.36764352384757304,132,-0.3280375644774163,0.8704477569079894,132,0.8673913570099974,1.5452359461242988,1,183,2026-04-01T00:00:00.000Z,2026-09-30T23:45:00.000Z
sr35,HYPEUSDT,4h,sr25_value_area_80,SR25 Value-Area Edge / 80% Rule,sr25-v1,3,3,6,4,81,0.5061728395061729,1.3616961517332202,0.3902886190311752,0.379095930827978,0.37987457243137734,0.005993548394510278,0.47784546570764563,0.47081891348980487,0.37607771838713133,0.3648614425911163,41,0.877917302236668,2.367321707920067,40,-0.2596646202815799,0.7232144971715011,1,183,2026-04-01T00:00:00.000Z,2026-09-30T20:00:00.000Z
algo9,LABUSDT,1h,alphatrend,AlphaTrend,kivanc-core-v1,3,3,6,3,99,0.32323232323232326,2.7774436078785087,2.3587542140814772,2.324521962742088,0.9765722166900371,0.13209154391788075,55.757250040385316,55.49993580814173,0.3765512276337337,0.36228301975101007,50,-0.05245952878836635,1.4167856022428174,49,2.544707921326665,3.8935520954253096,1,183,2026-04-01T00:00:00.000Z,2026-09-30T23:00:00.000Z
sweep20,AXSUSDT,15m,swp_fvg_after,Sweep + Post-Sweep FVG,sweep-v1,3,3,6,5,115,0.591304347826087,1.3609723763413504,0.5063589553033176,0.4891760134284515,0.3845585828620105,0.004641079696565189,0.4102269406488521,0.4007121146973238,0.37686383572347415,0.36114565334133886,58,0.2775411848271374,1.4439325210378737,57,0.17910794046701617,1.2970610978242156,1,183,2026-04-01T00:00:00.000Z,2026-09-30T23:45:00.000Z
visual28,FILUSDT,15m,vis_golden_cross_50_200,Golden Cross SMA50/200 — Derived Adapter,visual-derived-v1,3,3,6,3,110,0.32727272727272727,1.2376112745019163,0.2869507710877073,0.27288557125321167,0.4358921470877827,0.0036357802361304246,0.5535393860641227,0.5467790573111337,0.370792522835947,0.3570426127719011,55,0.2602779197435927,1.3600691503060638,55,0.021164261411119156,1.0999867108644468,1,183,2026-04-01T00:00:00.000Z,2026-09-30T23:45:00.000Z
fib9,1000PEPEUSDT,1h,fib_retrace_382,Fibonacci Retracement 0.382 Reclaim,fib-ew-causal-v1,3,3,6,5,174,0.4885057471264368,1.2435009650038564,0.34293141851874953,0.3197969558551197,0.19533608482485354,0.00201628362730965,0.3022599598549869,0.29165518872731644,0.37788028021677134,0.35468898963691053,85,0.03527070691501577,1.0808895965221723,89,0.29717899825498484,1.4058284755376553,1,183,2026-04-01T00:00:00.000Z,2026-09-30T23:00:00.000Z
fib9,SKYAIUSDT,4h,fib_retrace_382,Fibonacci Retracement 0.382 Reclaim,fib-ew-causal-v1,3,3,6,4,35,0.5428571428571428,1.544690142855537,0.4344140359362276,0.4293705752438437,0.5284235707019183,0.026818917882672953,0.5722759453173714,0.5699665819033548,0.3581099977475162,0.353327521270703,17,0.35480129967585117,1.7944039349862693,18,0.0587634041090932,1.379278389119322,1,183,2026-04-01T00:00:00.000Z,2026-09-30T20:00:00.000Z
sr35,ASTERUSDT,1m,sr25_camarilla_h3_l3,SR25 Camarilla H3/L3 Mean Reversion,sr25-v1,3,3,6,5,176,0.6590909090909091,1.2785544414641095,0.30898791074627385,0.2861788993534773,0.26175179422555583,0.0017819209454622397,0.2581216969119724,0.24562790920476263,0.37241298703222125,0.34864026188202946,88,0.22391413603808208,1.4621185141377602,88,0.06950959401742418,1.1467502566006125,1,183,2026-04-01T00:00:00.000Z,2026-09-30T23:59:00.000Z
algo9,NIGHTUSDT,4h,ott,Optimized Trend Tracker,kivanc-core-v1,3,3,6,3,71,0.352112676056338,1.5597948655313112,0.821282029516774,0.808456204665418,0.3457830156658712,0.01299051660851628,1.045427683825685,1.0381817110672835,0.3565224685603172,0.34679607273629975,36,0.2171457297593098,1.4307145584025218,35,0.49635494336157526,1.7184843748358156,1,183,2026-04-01T00:00:00.000Z,2026-09-30T20:00:00.000Z
visual28,RVNUSDT,4h,vis_coppock,Coppock Curve — Derived Adapter,visual-derived-v1,3,3,6,4,160,0.35625,1.3239022026146083,0.476730072166887,0.45332375811383585,0.42669678989926174,0.00351665307054672,1.028786052101871,1.0167679493444912,0.36556078899815336,0.34673277763912846,80,-0.2152232320771219,0.7942352621719244,80,0.8817199139004177,1.9908315008169868,1,183,2026-04-01T00:00:00.000Z,2026-09-30T20:00:00.000Z
sr35,1INCHUSDT,15m,sr25_liquidity_absorption,SR25 Liquidity Sweep + Volume Absorption,sr25-v1,3,3,6,4,178,0.6123595505617978,1.3311686783569188,0.4702526863893437,0.44435850842408375,0.26046204266995887,0.002527383527027279,0.4031980785226661,0.38858371902585587,0.3693255672232343,0.3451992676246689,89,0.2717304731525021,1.4009522488083586,89,0.15610399957211274,1.2575348579103267,1,183,2026-04-01T00:00:00.000Z,2026-09-30T23:45:00.000Z
sr35,BNBUSDT,15m,sr25_trendline_breakout,SR25 Multi-Touch Trendline Breakout,sr25-v1,3,3,6,5,89,0.47191011235955055,1.590672087642218,0.4114749172122547,0.3990102385544292,0.22331914248930174,0.004344638716032683,0.4453764288490203,0.43893728123355236,0.3554136748368233,0.3431701065883368,44,0.33388876308906146,1.9996231371629463,45,0.058165385502999545,1.2049708964631591,1,183,2026-04-01T00:00:00.000Z,2026-09-30T23:45:00.000Z
sr35,LITUSDT,5m,sr25_value_area_80,SR25 Value-Area Edge / 80% Rule,sr25-v1,3,3,6,4,134,0.6791044776119403,1.2999103465981052,0.7280574898163059,0.7050893097431821,0.6252130671356038,0.006481160771626391,0.9541665502816656,0.9410254251242574,0.3584877035789509,0.3405353645843212,67,1.7673240141137643,2.1368167281066377,67,-0.3755492739545655,0.8600575947176767,1,183,2026-04-01T00:00:00.000Z,2026-09-30T23:55:00.000Z
sweep20,DUSKUSDT,5m,swp_rsi_exhaustion,Sweep + RSI Exhaustion,sweep-v1,3,3,6,3,667,0.6371814092953523,1.0998867814787616,0.4074261670816959,0.3166275805018339,0.5108183675567515,0.0008024440691401632,1.3873500847153277,1.3058769117276614,0.43266236077900233,0.33983603165847875,334,0.10980116815743313,1.0712803892557512,333,0.26817866791255907,1.1285836275002632,1,183,2026-04-01T00:00:00.000Z,2026-09-30T23:55:00.000Z
sr35,COMPUSDT,15m,sr25_liquidity_absorption,SR25 Liquidity Sweep + Volume Absorption,sr25-v1,3,3,6,4,189,0.6455026455026455,1.267310307626114,0.477592870310688,0.4499685829610722,0.2773623269381609,0.002605074465864263,0.517197537490711,0.5023071732268323,0.3644055401309112,0.3390205596451392,95,0.49222351967162226,1.5226395501852432,94,-0.00980459640801945,1.0448850137423982,1,183,2026-04-01T00:00:00.000Z,2026-09-30T23:45:00.000Z
fib9,0GUSDT,1h,fib_retrace_382,Fibonacci Retracement 0.382 Reclaim,fib-ew-causal-v1,3,3,6,3,167,0.47904191616766467,1.2871183032131694,0.45180707983036594,0.4278019078325679,0.2122523219397887,0.002805434120132089,0.6154061106939195,0.602602632398304,0.3608729949222702,0.3387652585233212,81,0.2700883390236639,1.3878253018307947,86,0.14307567058397863,1.2016596614126598,1,183,2026-04-01T00:00:00.000Z,2026-09-30T23:00:00.000Z
sr35,XTZUSDT,1h,sr25_breakout_retest,SR25 Breakout + Retest,sr25-v1,3,3,6,3,73,0.3561643835616438,1.4132979552329443,0.42760904764924,0.41725429353705135,0.3609176522533837,0.007173105118514073,0.7565990030646377,0.7505454970423695,0.3480225142326645,0.3381063222685743,37,0.13950335565315108,1.3312527071895748,36,0.25283443929039473,1.5054551307425978,1,183,2026-04-01T00:00:00.000Z,2026-09-30T23:00:00.000Z
sweep20,EIGENUSDT,15m,swp_range48_reclaim,Sweep Range-48 Reclaim,sweep-v1,3,3,6,3,219,0.6621004566210046,1.1883436197857797,0.4551244040916498,0.4236122471837305,0.5210542323789618,0.0030153886450897762,1.7892868542169031,1.756816299502284,0.36398055960183373,0.33456667798387674,110,0.4678384704902854,1.332223135183528,109,-0.008661761259321388,1.0751884931669742,1,183,2026-04-01T00:00:00.000Z,2026-09-30T23:45:00.000Z
sweep20,BIOUSDT,15m,swp_range96_reclaim,Sweep Range-96 Reclaim,sweep-v1,3,3,6,4,109,0.6697247706422018,1.2609372380113495,0.2115194068621793,0.19833400172779525,0.6503947739662161,0.006195614864586703,0.9798420045453164,0.9679244049351243,0.34462916391405085,0.32962680651346044,55,0.5241249896930502,1.5278153270899917,54,-0.20510495198548528,1.094460925870948,1,183,2026-04-01T00:00:00.000Z,2026-09-30T23:45:00.000Z
visual28,BIOUSDT,15m,vis_bb_mean_reversion,Bollinger Mean Reversion — Derived Adapter,visual-derived-v1,3,3,6,4,288,0.6770833333333334,1.2082694816651618,0.345428256081147,0.30718462670290125,0.7538710374065115,0.002843271131958467,1.3862229342678565,1.3497042311163558,0.3684239657671122,0.3292630225484179,144,0.5782265034393252,1.3643641734800271,144,-0.14750623364317894,1.0997220275422195,1,183,2026-04-01T00:00:00.000Z,2026-09-30T23:45:00.000Z
sr35,KASUSDT,15m,sr25_camarilla_h3_l3,SR25 Camarilla H3/L3 Mean Reversion,sr25-v1,3,3,6,4,174,0.6149425287356322,1.2224126912500979,0.303298205133153,0.2808396852650181,0.20392490436254485,0.001961898124420159,0.232906337095669,0.22151183645621608,0.3526120808050599,0.32917639546916466,87,0.3456051708389347,1.6035358050824315,87,-0.031440846559325886,1.024931061364976,1,183,2026-04-01T00:00:00.000Z,2026-09-30T23:45:00.000Z
visual28,MINAUSDT,1h,vis_ichimoku_hull,Ichimoku + Hull — Derived Adapter,visual-derived-v1,3,3,6,4,155,0.3741935483870968,1.2607520978779838,0.43865124253285814,0.41654587665379417,0.4519549905431779,0.0037900765327570102,1.1537132365017904,1.138824220658757,0.3470646130471551,0.32755493119501833,78,0.9119510882147723,1.8003852733683976,77,-0.24754809293988977,0.8323265407850449,1,183,2026-04-01T00:00:00.000Z,2026-09-30T23:00:00.000Z
sr35,POLUSDT,5m,sr25_liquidity_absorption,SR25 Liquidity Sweep + Volume Absorption,sr25-v1,3,3,6,4,570,0.5771929824561404,1.1574961269377915,0.4245185150908184,0.3456187590225537,0.37700820572938765,0.0008295033715943402,0.8558145225409495,0.7987205800897024,0.4054632233294104,0.32735155063973953,285,0.3244179226779409,1.24119323057742,285,0.07558081984459841,1.0874967024618154,1,183,2026-04-01T00:00:00.000Z,2026-09-30T23:55:00.000Z
sr35,AEROUSDT,1h,sr_pivot_bounce,SR Pivot Bounce,sr-v1,3,3,6,3,186,0.5591397849462365,1.241527766517345,0.4789501103046032,0.4517140548075862,0.3981988222195403,0.0034754356071947223,0.7542422639261583,0.7373825667562106,0.35045299219800286,0.3259695851383342,93,0.9337723536289915,1.7148280632605575,93,-0.23519947550747167,0.9159665562256445,1,183,2026-04-01T00:00:00.000Z,2026-09-30T23:00:00.000Z
sweep20,DYDXUSDT,15m,swp_asia_range,Asia Range Sweep,sweep-v1,3,3,6,5,128,0.640625,1.224783340102744,0.3312345111654249,0.3143082339712737,0.441681168125013,0.004045226948976017,0.08971253981827854,0.08189414502015113,0.3426875177382376,0.32535171821330766,64,0.4057438736448564,1.4433787276116186,64,-0.053003512144954246,1.063632837675142,1,183,2026-04-01T00:00:00.000Z,2026-09-30T23:45:00.000Z
algo9,DEEPUSDT,1h,ssl_hybrid_qqe_flip,SSL Hybrid + QQE — Flip Mode,tv-open-v1,3,3,6,3,176,0.4034090909090909,1.2892208781992387,0.6129060620798621,0.5848019325671192,0.3054612840705855,0.00437005886200796,0.8889110458957772,0.8750877667710493,0.34614866160078184,0.32453344904168824,88,0.1546859980238413,1.1716478606143956,88,0.39683521307111347,1.4115033642021018,1,183,2026-04-01T00:00:00.000Z,2026-09-30T23:00:00.000Z
sr35,MANAUSDT,15m,sr25_liquidity_absorption,SR25 Liquidity Sweep + Volume Absorption,sr25-v1,3,3,6,5,164,0.6890243902439024,1.283915467078471,0.3705261157345603,0.34826038253741887,0.2872610018091485,0.0025104323601484587,0.32292287870079806,0.31083696295469787,0.3465026741102819,0.3244922636487899,82,0.17358368725284068,1.3101195681906648,82,0.16781285443965865,1.2621747971922912,1,183,2026-04-01T00:00:00.000Z,2026-09-30T23:45:00.000Z
sr35,SOLUSDT,1h,sr25_role_reversal_flip,SR25 S/R Role-Reversal Level Flip,sr25-v1,3,3,6,5,88,0.4090909090909091,1.49793902579921,0.48740522949081777,0.4744165316561768,0.21573959524407027,0.005780994820491017,0.40803396509244516,0.4018926842118151,0.33380290228635423,0.3220100253899356,44,0.5036972907623114,2.0008916443610083,44,-0.01083466823514323,1.0691288900409526,1,183,2026-04-01T00:00:00.000Z,2026-09-30T23:00:00.000Z
sr35,LDOUSDT,15m,sr25_pdh_fvg_mss,SR25 PDH/PDL Sweep + FVG/MSS,sr25-v1,3,3,6,4,74,0.6891891891891891,1.4361948478050408,0.546867415724974,0.535506452030301,0.23020457237555647,0.007914560719164543,0.11457378510116789,0.11023884074892143,0.3287222562949985,0.31921048586584244,37,0.503231540611075,1.9485422315835739,37,0.0290280465351076,1.1517934756568877,1,183,2026-04-01T00:00:00.000Z,2026-09-30T23:45:00.000Z
visual28,2ZUSDT,5m,vis_bollinger_rsi_double,Bollinger + RSI Double — Derived Adapter,visual-derived-v1,3,3,6,4,347,0.6570605187319885,1.156625178167728,0.41573036525778684,0.36746603173483194,0.3100295601456392,0.0015226063025416967,0.3899157910284383,0.3650162859763191,0.3657996569893318,0.31883701411650045,174,0.03709986084645034,1.0629131216893382,173,0.36508586945746035,1.2448331845814242,1,183,2026-04-01T00:00:00.000Z,2026-09-30T23:55:00.000Z
sweep20,DYDXUSDT,1h,swp_atr_expansion,Sweep + ATR Expansion,sweep-v1,3,3,6,4,65,0.676923076923077,1.659763704101548,0.9006667734633793,0.8884388405467849,0.25501766945925364,0.01252513008114384,0.6014715397611718,0.5951451844168956,0.32738250339734676,0.31839785736543424,32,0.6722651209402029,2.303333864039858,33,0.13658220198646664,1.2960412544213118,1,183,2026-04-01T00:00:00.000Z,2026-09-30T23:00:00.000Z
visual28,1000BONKUSDT,15m,vis_golden_cross_50_200,Golden Cross SMA50/200 — Derived Adapter,visual-derived-v1,3,3,6,4,119,0.3025210084033613,1.2877536961137042,0.3998060627109057,0.38326819536189394,0.3936538732329048,0.004462093430208062,0.762914042575783,0.754902456378364,0.33278908072876945,0.3183578430783043,60,-0.04182929721869155,1.04635904701113,59,0.46091511527919793,1.5194804653016887,1,183,2026-04-01T00:00:00.000Z,2026-09-30T23:45:00.000Z
sweep20,CVCUSDT,15m,swp_volume_absorption,Sweep + Volume Absorption,sweep-v1,3,3,6,4,223,0.6322869955156951,1.2250786440997976,0.37145177859017964,0.3412265692896572,0.28265000000000007,0.002071715216190274,0.42189964847020955,0.40553243206319234,0.3458974514041815,0.3163647317028837,111,0.2123711230594223,1.256474529091169,112,0.13121448746594888,1.1993662225307309,1,183,2026-04-01T00:00:00.000Z,2026-09-30T23:45:00.000Z
sr35,RENDERUSDT,5m,sr_range_edge,SR Range Edge Rejection,sr-v1,3,3,6,3,654,0.6574923547400612,1.1255146353115246,0.46041326806517957,0.3679876059219813,0.4542289155891368,0.00077664787386942,0.7401211772972234,0.6822025338425066,0.4032111958306659,0.3147949165326651,327,0.2469267618144877,1.1446091421208637,327,0.17121014063410422,1.1075025246949628,1,183,2026-04-01T00:00:00.000Z,2026-09-30T23:55:00.000Z
visual28,ENAUSDT,15m,vis_nadaraya_watson,Nadaraya-Watson Envelope — Causal Derived Adapter,visual-derived-v1,3,3,6,5,210,0.638095238095238,1.1931184486723876,0.2771885246633059,0.250615674304389,0.45250864019883585,0.003089089332565419,0.3902001149710088,0.37485031134740643,0.3399755364886339,0.3123647486233203,105,0.9906134484780045,1.7136982447186442,105,-0.3583945061559658,0.9457568126021126,1,183,2026-04-01T00:00:00.000Z,2026-09-30T23:45:00.000Z
visual28,LINKUSDT,1h,vis_ichimoku_hull,Ichimoku + Hull — Derived Adapter,visual-derived-v1,3,3,6,3,142,0.36619718309859156,1.3079926396755985,0.4489713960231434,0.4285791612592438,0.3539381302928114,0.0033633576246944502,0.7202345319113519,0.7086597455638444,0.3271016738368775,0.30893898213292403,71,0.5478579125529568,1.6729240410182196,71,-0.0638860425933504,0.976603457146297,1,183,2026-04-01T00:00:00.000Z,2026-09-30T23:00:00.000Z
algo9,1000BONKUSDT,4h,ott,Optimized Trend Tracker,kivanc-core-v1,3,3,6,3,82,0.3048780487804878,1.1744687011068962,0.13351911463272859,0.12425226473588702,0.463594445391626,0.004327707244554556,1.073791944852426,1.067081892177387,0.31777705912625764,0.3082040446168093,41,-0.13035328047953643,0.9548908693252368,41,0.30342481514535935,1.3747147296747964,1,183,2026-04-01T00:00:00.000Z,2026-09-30T20:00:00.000Z
sr35,ROSEUSDT,1m,sr25_value_area_80,SR25 Value-Area Edge / 80% Rule,sr25-v1,3,3,6,4,148,0.668918918918919,1.4032037508049788,0.7295007761901275,0.7041626620223136,0.2976088259783457,0.00453833972605428,0.7911160741864416,0.7769390844775015,0.3258670214173378,0.30693223758364696,74,0.24183698128747255,1.304230683887703,74,0.3926955004972317,1.5366496794193765,1,183,2026-04-01T00:00:00.000Z,2026-09-30T23:59:00.000Z
sweep20,ETCUSDT,1h,swp_atr_expansion,Sweep + ATR Expansion,sweep-v1,3,3,6,4,72,0.6944444444444444,1.3734507586226454,0.31049393821085935,0.3011138362094452,0.2538395415301923,0.005078720709136361,0.3135161319856665,0.3081701201347309,0.316094821069991,0.3065468285083566,36,0.20475529120362568,1.4976277024470477,36,0.08776773821146233,1.2551462180043176,1,183,2026-04-01T00:00:00.000Z,2026-09-30T23:00:00.000Z
visual28,DOODUSDT,1h,vis_ichimoku_hull,Ichimoku + Hull — Derived Adapter,visual-derived-v1,3,3,6,3,147,0.3469387755102041,1.2409086967151277,0.3681744625817698,0.34822321152371605,0.430109514361633,0.0036816235570217883,1.2211442735256726,1.2082285637322379,0.3176311411731152,0.2999747988868786,74,-0.06490653976862826,1.030061103914904,73,0.46314194331253256,1.4597365881612219,1,183,2026-04-01T00:00:00.000Z,2026-09-30T23:00:00.000Z
sweep20,SNXUSDT,5m,swp_atr_expansion,Sweep + ATR Expansion,sweep-v1,3,3,6,4,611,0.6055646481178396,1.1132915113918895,0.3492785143478483,0.2693254289207154,0.4831218686221991,0.0006727013535155684,1.2339208416181608,1.158752884260533,0.3812143413886673,0.2991121397338561,306,0.09019596220709114,1.0759092387854912,305,0.23764769006871878,1.1488426127713527,1,183,2026-04-01T00:00:00.000Z,2026-09-30T23:55:00.000Z
algo9,GRTUSDT,1h,alphatrend,AlphaTrend,kivanc-core-v1,3,3,6,3,95,0.3473684210526316,1.3034146347943658,0.3486961147165393,0.33596333214622454,0.4591670596753479,0.004937909476334046,1.5084447606258031,1.4996343556395364,0.31147402745868336,0.2990908523019242,47,0.29022999499410296,1.4633995280067156,48,0.04531449427565293,1.132845346880213,1,183,2026-04-01T00:00:00.000Z,2026-09-30T23:00:00.000Z
sweep20,KASUSDT,15m,swp_range12_reclaim,Sweep Range-12 Reclaim,sweep-v1,3,3,6,5,668,0.6077844311377245,1.1193551892692235,0.37995943787519404,0.290814836337701,0.34710543684922235,0.0006190263649715513,0.404913039832584,0.3607047453146617,0.38578219585058915,0.296132378703315,334,0.35604887134678953,1.2108095386694202,334,0.017632525666025245,1.0364264918361508,1,183,2026-04-01T00:00:00.000Z,2026-09-30T23:45:00.000Z
sr35,ROSEUSDT,1m,sr_prior_day_sweep,SR Prior-Day High/Low Sweep,sr-v1,3,3,6,4,82,0.6463414634146342,1.4051644154877962,0.5402392778552954,0.5277081598278515,0.20745743097391167,0.00667871553549196,0.6924817822716045,0.6849623378964889,0.30470834993993545,0.29433221061915726,41,0.16730374403859005,1.2996634170820904,41,0.31948456922312096,1.524589271609403,1,183,2026-04-01T00:00:00.000Z,2026-09-30T23:59:00.000Z
sr35,ROSEUSDT,1m,sr25_previous_day_sweep,SR25 Previous-Day High/Low Sweep,sr25-v1,3,3,6,4,82,0.6463414634146342,1.4051644154877962,0.5402392778552954,0.5277081598278515,0.20745743097391167,0.00667871553549196,0.6924817822716045,0.6849623378964889,0.30470834993993545,0.29433221061915726,41,0.16730374403859005,1.2996634170820904,41,0.31948456922312096,1.524589271609403,1,183,2026-04-01T00:00:00.000Z,2026-09-30T23:59:00.000Z
sweep20,ROSEUSDT,1m,swp_prior_day,Previous-Day High/Low Sweep,sweep-v1,3,3,6,4,82,0.6463414634146342,1.4051644154877962,0.5402392778552954,0.5277081598278515,0.20745743097391167,0.00667871553549196,0.6924817822716045,0.6849623378964889,0.30470834993993545,0.29433221061915726,41,0.16730374403859005,1.2996634170820904,41,0.31948456922312096,1.524589271609403,1,183,2026-04-01T00:00:00.000Z,2026-09-30T23:59:00.000Z
visual28,KSMUSDT,4h,vis_candlestick_reversal,Candlestick Reversal Patterns — Derived Adapter,visual-derived-v1,3,3,6,4,84,0.4523809523809524,1.2860010187955322,0.24890154731560687,0.23846526769359522,0.4800438825463471,0.004249565647032371,0.7157252170937707,0.7086171115759792,0.3024514786081689,0.29157319751026956,42,0.22870250097238554,1.4183415734759992,42,0.016439330372677752,1.0822606766641696,1,183,2026-04-01T00:00:00.000Z,2026-09-30T20:00:00.000Z
sweep20,HUMAUSDT,4h,swp_asia_range,Asia Range Sweep,sweep-v1,3,3,6,3,79,0.4936708860759494,1.2707368118680915,0.22891414501193608,0.21923964471663826,0.6400817545038548,0.00564648599464606,1.314385450571875,1.3041648272619843,0.3011555796941694,0.29117945786300825,39,0.6912397480085031,1.8955487047975186,40,-0.27336491088325665,0.7773282796716174,1,183,2026-04-01T00:00:00.000Z,2026-09-30T20:00:00.000Z
sweep20,BOMEUSDT,5m,swp_opening_range,UTC Opening-Range Sweep,sweep-v1,3,3,6,5,415,0.7180722891566265,1.150110317018976,0.3442497702149627,0.28960169320438367,0.38033108329878584,0.0013904345550760759,0.6474674633399626,0.6136047967463598,0.3453755948845887,0.2900366586301737,207,0.8716799920320264,1.4414757550731296,208,-0.2817950846631898,0.932714441826546,1,183,2026-04-01T00:00:00.000Z,2026-09-30T23:55:00.000Z
sweep20,ALICEUSDT,5m,swp_fvg_after,Sweep + Post-Sweep FVG,sweep-v1,3,3,6,3,313,0.5207667731629393,1.1540108531777233,0.2668070231961248,0.22775375508941909,0.5969906485824927,0.0018415166399674764,1.0812521902391268,1.0481326778374949,0.3304689272206569,0.2892014131093963,156,0.3462063695790305,1.2326471527064287,157,-0.058980070349640146,1.072074226013456,1,183,2026-04-01T00:00:00.000Z,2026-09-30T23:55:00.000Z
sweep20,VTHOUSDT,15m,swp_fvg_after,Sweep + Post-Sweep FVG,sweep-v1,3,3,6,4,157,0.535031847133758,1.2842181047414274,0.33405273523177326,0.3132810639525532,0.38762660748042144,0.003117408097557284,0.46204409132793645,0.44940801096410454,0.30954731223371446,0.2890255178330112,78,0.2920891214782475,1.4203559576210312,79,0.032477336939048085,1.1501909138282578,1,183,2026-04-01T00:00:00.000Z,2026-09-30T23:45:00.000Z
sr35,MINAUSDT,5m,sr25_supply_demand_retest,SR25 RBD/DBR Supply-Demand Retest,sr25-v1,3,3,6,4,247,0.4574898785425101,1.1934919641730903,0.36247284575989314,0.3292464134034023,0.474362347837051,0.0020424729280815734,1.0084717423457659,0.981846136340567,0.32012841521345403,0.2876729370571669,124,0.8247782125464813,1.6280567196918243,123,-0.2533487980116991,0.8773346609426342,1,183,2026-04-01T00:00:00.000Z,2026-09-30T23:55:00.000Z
sweep20,SOONUSDT,5m,swp_wick_sfp,Sweep + Wick Rejection,sweep-v1,3,3,6,3,655,0.6335877862595419,1.1108468389993624,0.3287366060939847,0.2444685898583423,0.5745898694219044,0.0010905091052723637,1.5528817444611085,1.4721665043372716,0.37222920460760944,0.28520692832636674,327,1.3837174032851474,1.3627609184647131,328,-0.44257796487839907,0.9025729341846191,1,183,2026-04-01T00:00:00.000Z,2026-09-30T23:55:00.000Z
sweep20,PROMUSDT,5m,swp_compression_reclaim,Compression Sweep + Reclaim,sweep-v1,3,3,6,4,420,0.5833333333333334,1.169031143139367,0.35419702252583507,0.2984393007681865,0.48353429924190905,0.0023873805087783005,0.8221946753765159,0.7816640951704543,0.33972151283589214,0.2840444384950249,210,1.97831872953148,1.5408566850020606,210,-0.5453149425888129,0.8602963332752986,1,183,2026-04-01T00:00:00.000Z,2026-09-30T23:55:00.000Z
algo9,HBARUSDT,1h,mavilimw,MavilimW,kivanc-core-v1,3,3,6,4,93,0.34408602150537637,1.2817624045931342,0.2535430364214588,0.24195726764944347,0.2932619959611713,0.003295417706139712,0.5248364406112589,0.519566466091123,0.2931262531552721,0.2823344186190382,46,0.22858548030835113,1.5274476050916628,47,0.020314057518280526,1.0940454016029721,1,183,2026-04-01T00:00:00.000Z,2026-09-30T23:00:00.000Z
sr35,FLOWUSDT,1m,sr25_camarilla_h3_l3,SR25 Camarilla H3/L3 Mean Reversion,sr25-v1,3,3,6,5,163,0.6871165644171779,1.2477222849528127,0.45319646653449897,0.42973560672130495,0.2314864089853813,0.0030471319592662465,0.14604388703374793,0.13691957362200902,0.3029576072245186,0.2821651359724724,81,0.23215222003635083,1.289270565280037,82,0.17939686582849723,1.215145406020962,1,183,2026-04-01T00:00:00.000Z,2026-09-30T23:59:00.000Z
sr35,TOWNSUSDT,4h,sr25_fractal_cluster_rejection,SR25 Fractal Cluster Zone Rejection,sr25-v1,3,3,6,3,241,0.4066390041493776,1.1401514964912587,0.22960301223291357,0.20032347589400756,0.5777213425558694,0.0016366254365035376,0.8181629392828567,0.8016093262564996,0.30105940269027287,0.2797878540020231,120,-0.11722852095752012,1.000359849529777,121,0.3928893733252852,1.3367443970205624,1,183,2026-04-01T00:00:00.000Z,2026-09-30T20:00:00.000Z
sweep20,LAUSDT,15m,swp_pivot_sfp_body,Pivot SFP + Body Confirmation,sweep-v1,3,3,6,3,464,0.5538793103448276,1.0920583682994933,0.17671329352618947,0.123350543030746,0.48692858025044305,0.000853951878772685,0.9006881600741881,0.8545911547790788,0.34006500864019373,0.27931227280340054,232,-0.3428954109473096,0.8933304111653061,232,0.7907549469751656,1.39627635848048,1,183,2026-04-01T00:00:00.000Z,2026-09-30T23:45:00.000Z
sr35,XPLUSDT,1m,sr25_poc_mean_reversion,SR25 Volume Profile POC Mean Reversion,sr25-v1,3,3,6,4,843,0.8718861209964412,1.1861776967342479,0.7451183603919476,0.6040595576713663,0.4018783359170973,0.001051169837758845,0.40317248205748424,0.34722922394907907,0.38792392506242224,0.2786451718947913,422,0.2492975014507759,1.1484186459353478,421,0.39687973310231195,1.2250662518327733,1,183,2026-04-01T00:00:00.000Z,2026-09-30T23:59:00.000Z
sweep20,CELOUSDT,15m,swp_range48_reclaim,Sweep Range-48 Reclaim,sweep-v1,3,3,6,4,209,0.6124401913875598,1.0979097924294858,0.11671228851867221,0.093611888272352,0.3638923073091491,0.0011248541567894046,0.5802010502013839,0.5637557871860228,0.303731329909279,0.27678240966182077,105,0.16913713296548338,1.1972051681303721,104,-0.04484062901486774,1.0222782298403328,1,183,2026-04-01T00:00:00.000Z,2026-09-30T23:45:00.000Z
visual28,FORMUSDT,5m,vis_nadaraya_watson,Nadaraya-Watson Envelope — Causal Derived Adapter,visual-derived-v1,3,3,6,4,584,0.6352739726027398,1.1266462297775528,0.47302308240548774,0.3894752839208586,0.3878284100165682,0.001100812789742992,0.7061847411743283,0.6536695897774096,0.3531389056218397,0.2766350700865634,292,0.3439630990155944,1.171586387778545,292,0.09602940994765907,1.0894365893809852,1,183,2026-04-01T00:00:00.000Z,2026-09-30T23:55:00.000Z
visual28,METISUSDT,4h,vis_coppock,Coppock Curve — Derived Adapter,visual-derived-v1,3,3,6,3,164,0.39634146341463417,1.1697319473859689,0.24378968037774706,0.22356792956537275,0.31282582501177403,0.0021532011762414724,0.4992056107941485,0.49043838313885724,0.28946156458641026,0.2714245463441831,82,0.20509488904631445,1.24849309064268,82,0.03210933154156437,1.0771620306570686,1,183,2026-04-01T00:00:00.000Z,2026-09-30T20:00:00.000Z
algo9,METUSDT,1m,tott,Twin Optimized Trend Tracker,kivanc-core-v1,3,3,6,3,242,0.371900826446281,1.1387320288789518,0.2726504248075714,0.24220684330924924,0.692273454089494,0.002560488015460796,1.9922450635016844,1.9553322928027992,0.29815484801028,0.26672330974395253,121,0.7171717368635688,1.3520604465291408,121,-0.258868290522833,0.9245070684781415,1,183,2026-04-01T00:00:00.000Z,2026-09-30T23:59:00.000Z
sr35,AVNTUSDT,15m,sr_pivot_bounce,SR Pivot Bounce,sr-v1,3,3,6,3,653,0.5604900459418071,1.0960024739898828,0.28607434666567366,0.20478049048101532,0.44686100968908626,0.0006777469651167756,1.043353471026526,0.9724045698120976,0.34777499552884183,0.26283962773735614,327,0.11832179313023627,1.0897950453415686,326,0.15000383124600214,1.10402376933107,1,183,2026-04-01T00:00:00.000Z,2026-09-30T23:45:00.000Z
sweep20,AVNTUSDT,5m,swp_failed_breakout,Two-Bar Failed Breakout Sweep,sweep-v1,3,3,6,3,902,0.6274944567627494,1.0929628847356279,0.4593386739490384,0.3334876416274868,0.49344162742025366,0.0006239483154682554,1.2057451882787982,1.102303924247582,0.3797635335540426,0.26114623462176856,451,0.1948884478173305,1.0905751919177926,451,0.22131792019143925,1.0951695258721912,1,183,2026-04-01T00:00:00.000Z,2026-09-30T23:55:00.000Z
sr35,HUMAUSDT,15m,sr25_impulse_ob_retest,SR25 Impulse Order Block Retest,sr25-v1,3,3,6,3,192,0.4635416666666667,1.1801822082264517,0.2855198306527702,0.26107463887859805,0.5776063869105221,0.0025728862121986956,1.1746750853006271,1.1514551531119852,0.28528267913471006,0.2604638396054604,96,0.6914311186080901,1.5745908740883927,96,-0.2399809743889243,0.9133281010079024,1,183,2026-04-01T00:00:00.000Z,2026-09-30T23:45:00.000Z
visual28,0GUSDT,4h,vis_open_close_cross,Open Close Cross — Derived Adapter,visual-derived-v1,3,3,6,5,279,0.30824372759856633,1.118282049105132,0.18509941800581386,0.15248788482995512,0.3666315895719493,0.001341028407863386,0.4643245710432704,0.4445811362687768,0.29501583385330665,0.2600194453642779,139,-0.13698126823577528,0.9492824374553638,140,0.37320242815955385,1.2611986378019977,1,183,2026-04-01T00:00:00.000Z,2026-09-30T20:00:00.000Z
sweep20,AVNTUSDT,15m,swp_rsi_exhaustion,Sweep + RSI Exhaustion,sweep-v1,3,3,6,3,235,0.6510638297872341,1.1613759079903778,0.3427216455102553,0.31155062339801853,0.4164906575282681,0.0019323196478347468,0.8538002621080596,0.831788181658172,0.28924307194556764,0.25918255235941734,117,0.13530541418206554,1.1498777329589767,118,0.18269641696161876,1.1727628247335429,1,183,2026-04-01T00:00:00.000Z,2026-09-30T23:45:00.000Z
sr35,EDENUSDT,1m,sr25_pdh_fvg_mss,SR25 PDH/PDL Sweep + FVG/MSS,sr25-v1,3,3,6,5,84,0.6904761904761905,1.3591245906409313,0.09544699857961336,0.08615823846934201,0.8259581669230613,0.010616868177920773,1.34451918258894,1.335328418587138,0.2685975503417044,0.257607991742008,42,0.4666331173266234,1.6380935960787104,42,-0.2530872338568273,1.1374806326018012,1,183,2026-04-01T00:00:00.000Z,2026-09-30T23:59:00.000Z
visual28,1000PEPEUSDT,1h,vis_ichimoku_hull,Ichimoku + Hull — Derived Adapter,visual-derived-v1,3,3,6,4,157,0.3184713375796178,1.233992931288236,0.31010298097811484,0.2897029391371515,0.3996198594032947,0.0032042121895685814,0.6654860656170594,0.6531019681603356,0.2761650014122594,0.25729741320600796,79,0.2661548628409107,1.3578454031105196,78,0.034709907474189894,1.089320068137594,1,183,2026-04-01T00:00:00.000Z,2026-09-30T23:00:00.000Z
sr35,INITUSDT,5m,sr25_camarilla_h3_l3,SR25 Camarilla H3/L3 Mean Reversion,sr25-v1,3,3,6,4,152,0.6644736842105263,1.256861022999298,0.4252847311472945,0.4038084635366461,0.42821048383829585,0.0034484169733332466,0.7200162841286835,0.7060488577579835,0.2752113704997634,0.2562329729119357,76,0.3616881547993074,1.4225872436946778,76,0.04670421500241506,1.1128456915622218,1,183,2026-04-01T00:00:00.000Z,2026-09-30T23:55:00.000Z
sweep20,BLURUSDT,5m,swp_range96_reclaim,Sweep Range-96 Reclaim,sweep-v1,3,3,6,4,304,0.6381578947368421,1.172336851577216,0.41833547928700243,0.37587580242921237,0.3764814747826326,0.001997038733599757,0.6059695784841608,0.582905349775529,0.2932642086059103,0.2549135227173589,152,0.14980140207145642,1.1436661422400247,152,0.23354822557335453,1.2019322267685593,1,183,2026-04-01T00:00:00.000Z,2026-09-30T23:55:00.000Z
fib9,ONEUSDT,1h,fib_retrace_786,Fibonacci Retracement 0.786 Reclaim,fib-ew-causal-v1,3,3,6,3,87,0.5977011494252874,1.3697331321457347,0.2944891333309476,0.2833015583413554,0.13698758918944542,0.003602024335994322,0.400650731832106,0.39524116906720597,0.2637061706647832,0.2532836821554132,42,-0.13437726233716107,0.7614496360148676,45,0.4954426183697973,2.3234959833579873,1,183,2026-04-01T00:00:00.000Z,2026-09-30T23:00:00.000Z
sweep20,MOODENGUSDT,15m,swp_pivot_sfp,Confirmed-Pivot Swing Failure,sweep-v1,3,3,6,4,641,0.5694227769110765,1.117348047296422,0.4060691718896843,0.3187859373811608,0.4900168344253437,0.0007991935172071874,0.7636519152883778,0.7080175662286574,0.3340305643163686,0.2514630230592221,320,0.18433170592828474,1.1145843287905304,321,0.18722581254176562,1.1204159046603974,1,183,2026-04-01T00:00:00.000Z,2026-09-30T23:45:00.000Z
sr35,FLOCKUSDT,15m,sr25_lsob,SR25 Liquidity Sweep + Order Block,sr25-v1,3,3,6,3,158,0.5632911392405063,1.3077851378889047,0.6292120631939151,0.6036814583277785,0.6432990782972537,0.0058408733614454325,1.7335314860116133,1.7111438005535873,0.2705396733506442,0.2508520716532481,79,0.4351962920032313,1.3995778851464498,79,0.13518413632457071,1.210699568062503,1,183,2026-04-01T00:00:00.000Z,2026-09-30T23:45:00.000Z
visual28,OPUSDT,1h,vis_super_scalper,Super Scalper 5m/15m — Derived Adapter,visual-derived-v1,3,3,6,4,167,0.31137724550898205,1.1606992344783758,0.1998724727142711,0.17999879586461232,0.5144477091964972,0.0023516598520898113,0.8422318684459664,0.8289258535705906,0.27043206442366463,0.2493971049153303,83,0.19012126081383407,1.2407255266966428,84,0.008193460802278674,1.0703685035044954,1,183,2026-04-01T00:00:00.000Z,2026-09-30T23:00:00.000Z
visual28,SOPHUSDT,15m,vis_golden_cross_50_200,Golden Cross SMA50/200 — Derived Adapter,visual-derived-v1,3,3,6,4,107,0.42990654205607476,1.2230616017019513,0.2605544920364058,0.24714752356402703,0.3242780499215472,0.0036893136631367457,0.5562831005361641,0.549198690438019,0.2594888557656494,0.24697204162174446,54,-0.24797077903160014,0.7415457683168372,53,0.676204137936516,1.7502966715626502,1,183,2026-04-01T00:00:00.000Z,2026-09-30T23:45:00.000Z
sr35,AAVEUSDT,15m,sr25_breakout_retest,SR25 Breakout + Retest,sr25-v1,3,3,6,3,309,0.33980582524271846,1.153547977003864,0.34616517887284615,0.30521813568800993,0.6058292888787671,0.0015661989552599534,1.0859327192056178,1.0562421308672647,0.28452828298558663,0.2452012717447205,155,0.4694975428483912,1.3341438889004718,154,-0.08392825464443066,0.9887606571960581,1,183,2026-04-01T00:00:00.000Z,2026-09-30T23:45:00.000Z
sr35,ZORAUSDT,1h,sr25_role_reversal_flip,SR25 S/R Role-Reversal Level Flip,sr25-v1,3,3,6,4,94,0.39361702127659576,1.2603250766578398,0.3318713881438131,0.31942526865963283,0.26631711883710285,0.004962897546216751,0.2670412353268745,0.2612421136647636,0.25661658047891756,0.24498888124753382,47,-0.12067881021521631,0.9498143140326702,47,0.5146585839354016,1.569935702690074,1,183,2026-04-01T00:00:00.000Z,2026-09-30T23:00:00.000Z
sweep20,JASMYUSDT,5m,swp_atr_expansion,Sweep + ATR Expansion,sweep-v1,3,3,6,3,731,0.5950752393980848,1.0902085866474878,0.2941145868075623,0.202901890963763,0.34791220189429184,0.0005147168042989391,0.7485257143082436,0.6808842384568152,0.33417921785057514,0.23965039375292596,365,0.1018290747714381,1.0742325495501441,366,0.17451482851458433,1.1057887339153238,1,183,2026-04-01T00:00:00.000Z,2026-09-30T23:55:00.000Z
sweep20,ROSEUSDT,1h,swp_range12_reclaim,Sweep Range-12 Reclaim,sweep-v1,3,3,6,4,191,0.675392670157068,1.204749422081774,0.36413100921432306,0.33834529528646295,0.28700997128530237,0.002310735768130545,0.32981783729000846,0.31687787110541277,0.2567677326538269,0.23324794553769035,96,0.0897424208787223,1.1328175716810762,95,0.2517921511345258,1.2887249335929056,1,183,2026-04-01T00:00:00.000Z,2026-09-30T23:00:00.000Z
sr35,AVAXUSDT,1h,sr25_role_reversal_flip,SR25 S/R Role-Reversal Level Flip,sr25-v1,3,3,6,4,83,0.37349397590361444,1.2747668662210319,0.18512348016006963,0.17533135073374018,0.1992305945680114,0.003908665829862822,0.31863057964442065,0.31352337825527954,0.2430643591838395,0.2325535171688391,41,0.19270022254870844,1.4506294871569896,42,-0.00635259576999736,1.0871455692727257,1,183,2026-04-01T00:00:00.000Z,2026-09-30T23:00:00.000Z
sweep20,NEOUSDT,15m,swp_fvg_after,Sweep + Post-Sweep FVG,sweep-v1,3,3,6,4,156,0.6217948717948718,1.246476094418718,0.29779059152675447,0.2777210363427973,0.23920014812554624,0.002300850817731412,0.3194045859164929,0.30931231119585956,0.25072766981250827,0.23088890259071748,78,0.09821080792949988,1.1923092086771347,78,0.18173176056565188,1.300075061059906,1,183,2026-04-01T00:00:00.000Z,2026-09-30T23:45:00.000Z
sr35,1000BONKUSDT,5m,sr25_trendline_breakout,SR25 Multi-Touch Trendline Breakout,sr25-v1,3,3,6,3,223,0.4977578475336323,1.1082444316623092,0.10450754426085873,0.08013815156973636,0.4715018322933502,0.0013317035276599453,0.9775486324194111,0.9546532292395731,0.25558371104106103,0.22814263457634332,112,-0.16075375911216538,0.9654288169640479,111,0.31607088652837545,1.3201571537684804,1,183,2026-04-01T00:00:00.000Z,2026-09-30T23:55:00.000Z
visual28,ORCAUSDT,4h,vis_candlestick_reversal,Candlestick Reversal Patterns — Derived Adapter,visual-derived-v1,3,3,6,4,104,0.3942307692307692,1.1755038665843012,0.046346258112283545,0.0354959780813493,0.6715920496325197,0.0034498100069408413,0.4285036074145192,0.4208549806434676,0.23193733310840225,0.21905812447204198,52,0.394048558309515,1.5470386377280263,52,-0.24941907376517114,0.781816215516788,1,183,2026-04-01T00:00:00.000Z,2026-09-30T20:00:00.000Z
sr35,MANAUSDT,1h,sr25_poc_mean_reversion,SR25 Volume Profile POC Mean Reversion,sr25-v1,3,3,6,4,127,0.6850393700787402,1.204133367132276,0.22546249926427553,0.21000899983851373,0.38322583999809323,0.0023578365853011364,0.5237784909018826,0.5135089913326669,0.23228946110130844,0.2168726596856858,64,0.13466978965271248,1.2560685569675951,63,0.0800168563925121,1.1610272392827503,1,183,2026-04-01T00:00:00.000Z,2026-09-30T23:00:00.000Z
sr35,HYPEUSDT,1h,sr_prior_day_sweep,SR Prior-Day High/Low Sweep,sr-v1,3,3,6,4,77,0.6753246753246753,1.2570721128456903,0.24860078572154554,0.23903080973555202,0.43271252642515656,0.004910706157719409,0.6300366876373893,0.6229483906825246,0.22444837489595604,0.2151822197465354,38,0.7810930036401618,2.3797436830617618,39,-0.2989693501857117,0.7248943914696864,1,183,2026-04-01T00:00:00.000Z,2026-09-30T23:00:00.000Z
sr35,HYPEUSDT,1h,sr25_previous_day_sweep,SR25 Previous-Day High/Low Sweep,sr25-v1,3,3,6,4,77,0.6753246753246753,1.2570721128456903,0.24860078572154554,0.23903080973555202,0.43271252642515656,0.004910706157719409,0.6300366876373893,0.6229483906825246,0.22444837489595604,0.2151822197465354,38,0.7810930036401618,2.3797436830617618,39,-0.2989693501857117,0.7248943914696864,1,183,2026-04-01T00:00:00.000Z,2026-09-30T23:00:00.000Z
sweep20,HYPEUSDT,1h,swp_prior_day,Previous-Day High/Low Sweep,sweep-v1,3,3,6,4,77,0.6753246753246753,1.2570721128456903,0.24860078572154554,0.23903080973555202,0.43271252642515656,0.004910706157719409,0.6300366876373893,0.6229483906825246,0.22444837489595604,0.2151822197465354,38,0.7810930036401618,2.3797436830617618,39,-0.2989693501857117,0.7248943914696864,1,183,2026-04-01T00:00:00.000Z,2026-09-30T23:00:00.000Z
visual28,ERAUSDT,15m,vis_golden_cross_50_200,Golden Cross SMA50/200 — Derived Adapter,visual-derived-v1,3,3,6,4,98,0.37755102040816324,1.3342034892038646,0.4255306876189946,0.4116538541101302,0.3834124145356592,0.005452866395064947,0.5203274352095011,0.5127973106215546,0.22591263451152566,0.21457043104494122,49,-0.12259492350682355,0.8908485615799627,49,0.6247121492806649,1.7782226113196178,1,183,2026-04-01T00:00:00.000Z,2026-09-30T23:45:00.000Z
sweep20,PLUMEUSDT,15m,swp_range12_reclaim,Sweep Range-12 Reclaim,sweep-v1,3,3,6,3,695,0.6287769784172662,1.0934292162073846,0.3505239547654251,0.2598504026697994,0.6046965218118963,0.0007959898914701404,1.5770897614505595,1.485176504932011,0.30074150885356365,0.2137698447492724,347,0.5746656101639647,1.2123753265915087,348,-0.14234238301248203,1.00079152236805,1,183,2026-04-01T00:00:00.000Z,2026-09-30T23:45:00.000Z
sweep20,WUSDT,5m,swp_rsi_exhaustion,Sweep + RSI Exhaustion,sweep-v1,3,3,6,4,543,0.6408839779005525,1.081657734500224,0.23120205266231508,0.1661296637250953,0.586760281464028,0.0007197016584380411,1.269774883956805,1.208147042136217,0.2809463470317035,0.21300726584838015,271,0.07461953381616526,1.0655315936469492,272,0.1457097269487524,1.098785923183558,1,183,2026-04-01T00:00:00.000Z,2026-09-30T23:55:00.000Z
sr35,MOVEUSDT,1h,sr25_donchian_breakout,SR25 Donchian Dynamic S/R Breakout,sr25-v1,3,3,6,3,94,0.3829787234042553,1.2070389757007858,0.22195173809390223,0.21052549105719187,0.37575849042944687,0.003783101251237939,0.6626998803446287,0.6562973147771871,0.22414257691530381,0.21269636735401765,47,-0.20477224381214554,0.8151046176592533,47,0.5366059956856486,1.6708054012164222,1,183,2026-04-01T00:00:00.000Z,2026-09-30T23:00:00.000Z
sr35,RVNUSDT,15m,sr25_impulse_ob_retest,SR25 Impulse Order Block Retest,sr25-v1,3,3,6,4,165,0.45454545454545453,1.16872371424871,0.17494656529966934,0.15571564458725584,0.5591997381311643,0.002044000092583204,0.6650881583478379,0.6505591569672449,0.23254074937354252,0.21225196972343152,82,-0.3163181892440915,0.7901355927831409,83,0.7185575904097794,1.8910186291757651,1,183,2026-04-01T00:00:00.000Z,2026-09-30T23:45:00.000Z
sr35,TAOUSDT,1h,sr25_pdh_fvg_mss,SR25 PDH/PDL Sweep + FVG/MSS,sr25-v1,3,3,6,4,70,0.7,1.3370432341715999,0.3096656589696658,0.30053437836192964,0.573516688745912,0.0072308232140411936,1.2886947059496623,1.2790396636351287,0.2182417350477175,0.2098627998624223,35,0.13850435622038382,1.3332277173595535,35,0.1503387332811832,1.342960157784389,1,183,2026-04-01T00:00:00.000Z,2026-09-30T23:00:00.000Z
sweep20,ARUSDT,5m,swp_volume_absorption,Sweep + Volume Absorption,sweep-v1,3,3,6,3,625,0.6112,1.0988826918943417,0.31098863512392483,0.231559713511724,0.574935397033628,0.0008033287830947422,0.6892422446649498,0.6351281443535886,0.2881418699646585,0.20985317235088563,312,0.765902696883153,1.3075823567687457,313,-0.25760992525927995,0.9402478570662168,1,183,2026-04-01T00:00:00.000Z,2026-09-30T23:55:00.000Z
visual28,ORDIUSDT,5m,vis_nadaraya_watson,Nadaraya-Watson Envelope — Causal Derived Adapter,visual-derived-v1,3,3,6,3,592,0.6841216216216216,1.205319878381086,0.38473271745144433,0.3049744480645158,0.803006191390339,0.0019688521292963363,2.960879371340431,2.836245764267895,0.28024445496439965,0.20649500486844574,296,0.6557378610078328,1.265084246325987,296,-0.1636763584009805,1.1617269614995358,1,183,2026-04-01T00:00:00.000Z,2026-09-30T23:55:00.000Z
sr35,ALLOUSDT,1h,sr25_wick_confirmed_zone,SR25 Wick Rejection at Confirmed Zone,sr25-v1,3,3,6,4,120,0.575,1.3223094113819538,0.11854869279263758,0.10507882176454797,0.824552004608223,0.0086933089328003,1.0786721410020883,1.0673842264123192,0.22080551294060324,0.20599759415996233,60,0.7320422685547991,1.649158308264074,60,-0.354202427331093,1.110675990758544,1,183,2026-04-01T00:00:00.000Z,2026-09-30T23:00:00.000Z
fib9,LITUSDT,4h,fib_golden_pocket,Fibonacci Golden Pocket 0.618-0.670,fib-ew-causal-v1,3,3,6,3,32,0.5,1.5578633581234433,0.3790674471715545,0.3746911762389187,0.2243729485855439,0.013368473211554181,0.48538615065033053,0.482616726836101,0.20401707907519762,0.20018075263740664,16,0.5897292640761869,2.7033379459272586,16,-0.13251427250227477,0.7790354292411841,1,183,2026-04-01T00:00:00.000Z,2026-09-30T20:00:00.000Z
fib9,LITUSDT,4h,fib_retrace_618,Fibonacci Retracement 0.618 Reclaim,fib-ew-causal-v1,3,3,6,3,32,0.5,1.5578633581234433,0.3790674471715545,0.3746911762389187,0.2243729485855439,0.013368473211554181,0.48538615065033053,0.482616726836101,0.20401707907519762,0.20018075263740664,16,0.5897292640761869,2.7033379459272586,16,-0.13251427250227477,0.7790354292411841,1,183,2026-04-01T00:00:00.000Z,2026-09-30T20:00:00.000Z
sweep20,REZUSDT,15m,swp_opening_range,UTC Opening-Range Sweep,sweep-v1,3,3,6,4,430,0.6488372093023256,1.1225536483296528,0.2225175411174789,0.17106200300371044,0.4330456506653516,0.0009076802919710927,0.3417480542736313,0.30956049778614125,0.2519569303792948,0.19938493378896438,215,0.3363096126350278,1.2554863033334358,215,-0.08515397213462061,1.0027715294742026,1,183,2026-04-01T00:00:00.000Z,2026-09-30T23:45:00.000Z
visual28,STRKUSDT,5m,vis_macd_stoch,MACD + Stochastic — Derived Adapter,visual-derived-v1,3,3,6,3,107,0.7009345794392523,1.2338285452690838,0.23439033853701585,0.22123789633513935,0.4877057483703693,0.00459237935754963,0.7646014833046744,0.7541117356453835,0.21171113569830546,0.1984387570662951,54,0.23344395411458208,1.3235158287537092,53,0.000767269902517187,1.1713675507156167,1,183,2026-04-01T00:00:00.000Z,2026-09-30T23:55:00.000Z
algo9,DEEPUSDT,1h,ssl_hybrid_flip,SSL Hybrid — Flip Mode,tv-open-v1,3,3,6,4,250,0.376,1.1665928908980832,0.4148623320482059,0.3799421822525766,0.5023820872102219,0.0024128781687844368,0.9012106949430567,0.8797585323561952,0.22361369054147606,0.19591090707322167,125,0.08139253508484967,1.11103110574309,125,0.30837072214225225,1.2340581936870014,1,183,2026-04-01T00:00:00.000Z,2026-09-30T23:00:00.000Z
visual28,DEEPUSDT,1h,vis_ema_cross_9_21,Single EMA Cross 9/21 — Derived Adapter,visual-derived-v1,3,3,6,4,184,0.27717391304347827,1.1537462957996127,0.10983751012217469,0.0895846144596717,0.4613718582610159,0.0023324602923608367,0.6740929838974312,0.659496222630638,0.21730054070691018,0.19462043067462154,92,-0.011004079707841896,1.0538839459342932,92,0.12218613580763904,1.2529753427119548,1,183,2026-04-01T00:00:00.000Z,2026-09-30T23:00:00.000Z
sr35,RVNUSDT,4h,sr25_narrow_cpr_breakout,SR25 Narrow CPR Breakout,sr25-v1,3,3,6,4,114,0.2631578947368421,1.2534888566262843,0.2212422738032227,0.2074053332882182,0.27454512483971705,0.0031935528799431666,0.5523686431520571,0.5443687906395374,0.2067885065508368,0.1938320379619558,57,-0.2950135998873342,0.5635289177317159,57,0.7322919613882677,1.9852725337036337,1,183,2026-04-01T00:00:00.000Z,2026-09-30T20:00:00.000Z
sweep20,ORDIUSDT,5m,swp_range48_reclaim,Sweep Range-48 Reclaim,sweep-v1,3,3,6,3,632,0.6598101265822784,1.1756154452678176,0.38527739962290597,0.3003229241972485,0.7134636981749752,0.0016918079117122491,1.9378890211644673,1.8405260263958763,0.270951115041431,0.19335557548620552,316,0.6598288300037525,1.2535659287700642,316,-0.16540948404916034,1.1149216299404652,1,183,2026-04-01T00:00:00.000Z,2026-09-30T23:55:00.000Z
sr35,MEWUSDT,1h,sr_break_retest,SR Break + Retest,sr-v1,3,3,6,3,66,0.4696969696969697,1.4287849477528094,0.4415497632463703,0.4320988637111711,0.3414786990511878,0.00787059427300185,0.5589184212389036,0.5532215484638645,0.20123377868755465,0.19322157706539378,33,0.13601953966713864,1.2923239927938792,33,0.268948035584629,1.608966770399086,1,183,2026-04-01T00:00:00.000Z,2026-09-30T23:00:00.000Z
visual28,WUSDT,5m,vis_rsi_entries,RSI Signals Entries — Derived Adapter,visual-derived-v1,3,3,6,4,360,0.6361111111111111,1.0773121888393076,0.0989387076542374,0.06006550134740096,0.5235973632847504,0.0008324316707646864,0.39562235161161796,0.3704850170201397,0.23573471453728057,0.19167921974666613,180,0.0124215314541678,1.063408756165398,180,0.08545568571206097,1.0906653531541357,1,183,2026-04-01T00:00:00.000Z,2026-09-30T23:55:00.000Z
visual28,YFIUSDT,1h,vis_ichimoku_hull,Ichimoku + Hull — Derived Adapter,visual-derived-v1,3,3,6,4,149,0.3691275167785235,1.2739525950002377,0.3482269218960554,0.3283137686124369,0.39462095529666774,0.0026651158351162587,0.49264954215996015,0.4827334954255844,0.19980708635425115,0.18266435886164434,75,0.163622273734785,1.2885756109717617,74,0.1586465404866837,1.2587693290177207,1,183,2026-04-01T00:00:00.000Z,2026-09-30T23:00:00.000Z
sweep20,JUPUSDT,15m,swp_range48_reclaim,Sweep Range-48 Reclaim,sweep-v1,3,3,6,3,202,0.6732673267326733,1.1152825440602456,0.1150001331684758,0.09268543287177189,0.4445316938283539,0.0017453675544600495,0.4065441077245209,0.3920220687049243,0.20575369198160964,0.18151476552290013,101,0.504863765045066,1.39627365547928,101,-0.2590690539119428,0.9078574155146102,1,183,2026-04-01T00:00:00.000Z,2026-09-30T23:45:00.000Z
sr35,AVAXUSDT,1h,sr25_pdh_fvg_mss,SR25 PDH/PDL Sweep + FVG/MSS,sr25-v1,3,3,6,3,62,0.5806451612903226,1.2938643383607966,0.16830766531093388,0.16109002006008422,0.38158147259047737,0.004480264506164267,0.3337225279370366,0.32962407842404784,0.18577019955549146,0.17844899840438688,31,0.20910428375241197,1.5689683849708715,31,-0.033741190887908945,0.9784589773430195,1,183,2026-04-01T00:00:00.000Z,2026-09-30T23:00:00.000Z
sr35,ENJUSDT,1m,sr25_camarilla_h3_l3,SR25 Camarilla H3/L3 Mean Reversion,sr25-v1,3,3,6,4,175,0.7314285714285714,1.349361973920353,0.3549325473905942,0.3313367328846313,0.7218175371759747,0.0052947882725100665,0.7965264590731869,0.7794557433326563,0.19532838320835033,0.17508505742781177,87,0.37543762906220746,1.411400256738411,88,-0.01490804180309857,1.3132589322332286,1,183,2026-04-01T00:00:00.000Z,2026-09-30T23:59:00.000Z
sr35,XRPUSDT,1h,sr25_fvg_first_touch,SR25 Fair Value Gap First-Touch Rejection,sr25-v1,3,3,6,5,213,0.45539906103286387,1.1435170443266274,0.16212368629539364,0.13763810307515256,0.21543558922318296,0.001100234815106388,0.20515718899179536,0.19317957416639286,0.19835776766882285,0.17299501417615737,107,0.13335200232693922,1.202242832861543,106,0.025386361791732925,1.0923482558928423,1,183,2026-04-01T00:00:00.000Z,2026-09-30T23:00:00.000Z
sweep20,ROSEUSDT,5m,swp_failed_breakout,Two-Bar Failed Breakout Sweep,sweep-v1,3,3,6,4,917,0.6259541984732825,1.0694101727050431,0.25593644934135695,0.14589540706950954,0.3768102057634518,0.00039117842609980236,0.5979871615519405,0.5172249638733055,0.28526095025581655,0.17253602932622503,458,0.04761584147714282,1.0426270472107586,459,0.19885209789351976,1.0964989623533417,1,183,2026-04-01T00:00:00.000Z,2026-09-30T23:55:00.000Z
sweep20,BBUSDT,15m,swp_volume_absorption,Sweep + Volume Absorption,sweep-v1,3,3,6,4,205,0.6878048780487804,1.1433704458876877,0.19861499263651394,0.1742802226130018,0.4675896217171125,0.002163613070390954,0.27200760264487567,0.25747479556345576,0.1970770508788937,0.17242148480648778,102,-0.30575731803609063,0.9013144705294233,103,0.7265072052986012,1.5467232960556412,1,183,2026-04-01T00:00:00.000Z,2026-09-30T23:45:00.000Z
sr35,EDENUSDT,5m,sr_prior_day_sweep,SR Prior-Day High/Low Sweep,sr-v1,3,3,6,5,84,0.6666666666666666,1.3357444463930017,0.04893810972147228,0.040043496359040365,0.8246773881786331,0.009856377041741476,1.2392350174569775,1.230000261152243,0.1823026388957929,0.17205742525196754,42,0.4313969939106934,1.6155475014160852,42,-0.2671927395518081,1.114988660688121,1,183,2026-04-01T00:00:00.000Z,2026-09-30T23:55:00.000Z
sr35,EDENUSDT,5m,sr25_previous_day_sweep,SR25 Previous-Day High/Low Sweep,sr25-v1,3,3,6,5,84,0.6666666666666666,1.3357444463930017,0.04893810972147228,0.040043496359040365,0.8246773881786331,0.009856377041741476,1.2392350174569775,1.230000261152243,0.1823026388957929,0.17205742525196754,42,0.4313969939106934,1.6155475014160852,42,-0.2671927395518081,1.114988660688121,1,183,2026-04-01T00:00:00.000Z,2026-09-30T23:55:00.000Z
sweep20,EDENUSDT,5m,swp_prior_day,Previous-Day High/Low Sweep,sweep-v1,3,3,6,5,84,0.6666666666666666,1.3357444463930017,0.04893810972147228,0.040043496359040365,0.8246773881786331,0.009856377041741476,1.2392350174569775,1.230000261152243,0.1823026388957929,0.17205742525196754,42,0.4313969939106934,1.6155475014160852,42,-0.2671927395518081,1.114988660688121,1,183,2026-04-01T00:00:00.000Z,2026-09-30T23:55:00.000Z
sr35,MEGAUSDT,15m,sr_liquidity_sweep,SR Liquidity Sweep + Reclaim,sr-v1,3,3,6,4,375,0.6373333333333333,1.1476450633402193,0.44667705352761433,0.39343622362414443,0.5644936400693323,0.0017871801377027212,1.0704298101226613,1.0297600873026873,0.21306287875769514,0.16874999605356145,188,-0.30515146144024563,0.9032850597207682,187,1.0820034485878223,1.4393239855959579,1,183,2026-04-01T00:00:00.000Z,2026-09-30T23:45:00.000Z
sr35,MEGAUSDT,15m,sr25_liquidity_sweep_reclaim,SR25 Liquidity Sweep + Reclaim,sr25-v1,3,3,6,4,375,0.6373333333333333,1.1476450633402193,0.44667705352761433,0.39343622362414443,0.5644936400693323,0.0017871801377027212,1.0704298101226613,1.0297600873026873,0.21306287875769514,0.16874999605356145,188,-0.30515146144024563,0.9032850597207682,187,1.0820034485878223,1.4393239855959579,1,183,2026-04-01T00:00:00.000Z,2026-09-30T23:45:00.000Z
sweep20,MEGAUSDT,15m,swp_range24_reclaim,Sweep Range-24 Reclaim,sweep-v1,3,3,6,4,375,0.6373333333333333,1.1476450633402193,0.44667705352761433,0.39343622362414443,0.5644936400693323,0.0017871801377027212,1.0704298101226613,1.0297600873026873,0.21306287875769514,0.16874999605356145,188,-0.30515146144024563,0.9032850597207682,187,1.0820034485878223,1.4393239855959579,1,183,2026-04-01T00:00:00.000Z,2026-09-30T23:45:00.000Z
sr35,AAVEUSDT,15m,sr_break_retest,SR Break + Retest,sr-v1,3,3,6,3,253,0.34782608695652173,1.1429193360245105,0.25497002518484013,0.22362264371622054,0.6190068281948244,0.0016078711162522362,1.0615351306838976,1.0366673557201422,0.19328933314781804,0.16301178976637787,127,0.4188525961496887,1.333178835027849,126,-0.11550359171176394,0.9621090677740778,1,183,2026-04-01T00:00:00.000Z,2026-09-30T23:45:00.000Z
sr35,APEUSDT,15m,sr25_impulse_ob_retest,SR25 Impulse Order Block Retest,sr25-v1,3,3,6,4,156,0.5256410256410257,1.1538371064318653,0.17763193446446945,0.15939985978571292,0.5139333353490867,0.002198472121641997,0.37268426866089555,0.3593330887663544,0.17785259795500274,0.15938787325408565,78,0.3837153747427591,1.4388105870289252,78,-0.14893484891472109,0.970013359975453,1,183,2026-04-01T00:00:00.000Z,2026-09-30T23:45:00.000Z
visual28,THETAUSDT,4h,vis_coppock,Coppock Curve — Derived Adapter,visual-derived-v1,3,3,6,3,150,0.36,1.207546164336957,0.26598854831636376,0.24714548166285977,0.4949704217064128,0.0029570575241205338,1.1664797286267263,1.1558205197028348,0.17426394720747806,0.15921339746208063,75,0.34687578205763003,1.403383680528789,75,-0.06005545189749795,1.010564024156554,1,183,2026-04-01T00:00:00.000Z,2026-09-30T20:00:00.000Z
visual28,KITEUSDT,1h,vis_fibonacci_bb,Fibonacci Bollinger Bands — Derived Adapter,visual-derived-v1,3,3,6,4,124,0.3870967741935484,1.1323260015985768,0.14665618882624787,0.1325151579643793,0.6303912781977987,0.0029705886936784737,0.6714506695266147,0.6618554361859532,0.1735213961728712,0.15916773908737025,62,0.05244373213128539,1.1116713983132593,62,0.08951780871379711,1.1530067888547904,1,183,2026-04-01T00:00:00.000Z,2026-09-30T23:00:00.000Z
sr35,YFIUSDT,1h,sr25_fvg_first_touch,SR25 Fair Value Gap First-Touch Rejection,sr25-v1,3,3,6,3,194,0.37628865979381443,1.1573912329327531,0.18331369816410437,0.16058535589339007,0.5059713088442912,0.0014231658525097745,1.324739606389039,1.3066262055636892,0.17788347116679226,0.15502808753719965,97,0.08954880791692066,1.1699501786513187,97,0.0860584579285153,1.1425089596640146,1,183,2026-04-01T00:00:00.000Z,2026-09-30T23:00:00.000Z
fib9,RAYSOLUSDT,1h,elliott_abc,Elliott ABC Completion Reversal,fib-ew-causal-v1,3,3,6,4,46,0.5652173913043478,1.535872045993852,0.18673248453944402,0.18130374564841412,0.12903763180223005,0.004147260309836478,0.14350467031956882,0.14111963781525327,0.15872970864593627,0.15365734716414003,24,0.07644095067755319,1.4647983088456251,22,0.10245943708521144,1.606725524911899,1,183,2026-04-01T00:00:00.000Z,2026-09-30T23:00:00.000Z
algo9,RVNUSDT,1h,ssl_hybrid_qqe_flip,SSL Hybrid + QQE — Flip Mode,tv-open-v1,3,3,6,4,181,0.35359116022099446,1.1145424556376413,0.06335744847712554,0.04427251743528804,0.43961189101489817,0.0013392757618313324,0.7806030768708185,0.7668472767460344,0.17059277151904606,0.1513204904595098,90,-0.3388492518785702,0.6926564333326019,91,0.6083434095756706,1.6422656257194514,1,183,2026-04-01T00:00:00.000Z,2026-09-30T23:00:00.000Z
sr35,BTCUSDT,15m,sr25_trendline_breakout,SR25 Multi-Touch Trendline Breakout,sr25-v1,3,3,6,4,89,0.4606741573033708,1.3415535768857034,0.18915162887722925,0.17862837305820345,0.3310481918750423,0.0025853799918817907,0.4886756328852444,0.4816017723760617,0.15956624921472318,0.14930352087581622,45,0.21960407192100573,1.6290111767662867,44,-0.024969122147821987,0.9298944198724512,1,183,2026-04-01T00:00:00.000Z,2026-09-30T23:45:00.000Z
sweep20,INJUSDT,5m,swp_volume_absorption,Sweep + Volume Absorption,sweep-v1,3,3,6,4,646,0.6253869969040248,1.0898628150867897,0.2772283332642771,0.19732773644247037,0.520556948927158,0.0007000613663019064,1.1944741555522032,1.1144790584159003,0.21970400105150634,0.14339672851579088,323,0.8148037242512511,1.3290068691244736,323,-0.2962168215787462,0.9243641904081731,1,183,2026-04-01T00:00:00.000Z,2026-09-30T23:55:00.000Z
visual28,XMRUSDT,15m,vis_nadaraya_watson,Nadaraya-Watson Envelope — Causal Derived Adapter,visual-derived-v1,3,3,6,4,181,0.6077348066298343,1.222748160921314,0.3475808852363689,0.3234379143387702,0.19789850652835983,0.0020436581053362417,0.2182502297297766,0.20687165995297296,0.15989898597866858,0.13955750220877383,91,0.48254462997988856,1.6434253351503563,90,-0.09103519854599607,0.9480366448395235,1,183,2026-04-01T00:00:00.000Z,2026-09-30T23:45:00.000Z
sr35,ZORAUSDT,1h,sr_level_flip,SR Breakout Level Flip,sr-v1,3,3,6,4,96,0.3854166666666667,1.1738592124090557,0.16468129593504321,0.15355181800074713,0.31496581374024113,0.0034022605290461943,0.1813758521241755,0.17572527790380854,0.14984923415334817,0.13897148908495782,48,-0.17771785759970926,0.8743968747854277,48,0.4164010573490855,1.4674474776449111,1,183,2026-04-01T00:00:00.000Z,2026-09-30T23:00:00.000Z
visual28,FARTCOINUSDT,1h,vis_supertrend_10_3,SuperTrend 10/3 — Derived Adapter,visual-derived-v1,3,3,6,4,94,0.39361702127659576,1.1565056447536406,0.05911951107561664,0.0491860503941286,0.5411128636011553,0.004103339956230472,0.4146652600949725,0.40877166715661306,0.14307464945868142,0.13271137175332304,47,0.0689094625550899,1.1667086482621456,47,-0.00915882197924578,1.1498267605717383,1,183,2026-04-01T00:00:00.000Z,2026-09-30T23:00:00.000Z
sr35,1INCHUSDT,1m,sr25_pdh_fvg_mss,SR25 PDH/PDL Sweep + FVG/MSS,sr25-v1,3,3,6,4,76,0.6842105263157895,1.1645733561542138,0.09772830420171874,0.0894195018672792,0.32870946037804083,0.002059173766755866,0.10614821139570685,0.10163021674354455,0.13990575960778595,0.13105637991875163,38,0.13262100898349805,1.3618775982859859,38,-0.03080704357858899,0.9858062724650926,1,183,2026-04-01T00:00:00.000Z,2026-09-30T23:59:00.000Z
sr35,PIEVERSEUSDT,15m,sr_liquidity_sweep,SR Liquidity Sweep + Reclaim,sr-v1,3,3,6,3,370,0.6675675675675675,1.1315778781152532,0.10750232857186393,0.06720540604066616,0.8009704656493533,0.00188598023679435,1.8236705619348563,1.7680020345652028,0.17263996766605771,0.12986813375318307,185,0.7086321056596694,1.3260488753708772,185,-0.3518193150512766,0.9599151556072439,1,183,2026-04-01T00:00:00.000Z,2026-09-30T23:45:00.000Z
sr35,PIEVERSEUSDT,15m,sr25_liquidity_sweep_reclaim,SR25 Liquidity Sweep + Reclaim,sr25-v1,3,3,6,3,370,0.6675675675675675,1.1315778781152532,0.10750232857186393,0.06720540604066616,0.8009704656493533,0.00188598023679435,1.8236705619348563,1.7680020345652028,0.17263996766605771,0.12986813375318307,185,0.7086321056596694,1.3260488753708772,185,-0.3518193150512766,0.9599151556072439,1,183,2026-04-01T00:00:00.000Z,2026-09-30T23:45:00.000Z
sweep20,PIEVERSEUSDT,15m,swp_range24_reclaim,Sweep Range-24 Reclaim,sweep-v1,3,3,6,3,370,0.6675675675675675,1.1315778781152532,0.10750232857186393,0.06720540604066616,0.8009704656493533,0.00188598023679435,1.8236705619348563,1.7680020345652028,0.17263996766605771,0.12986813375318307,185,0.7086321056596694,1.3260488753708772,185,-0.3518193150512766,0.9599151556072439,1,183,2026-04-01T00:00:00.000Z,2026-09-30T23:45:00.000Z
sr35,ERAUSDT,5m,sr25_value_area_80,SR25 Value-Area Edge / 80% Rule,sr25-v1,3,3,6,4,111,0.6126126126126126,1.1796668707842066,0.08079496890217985,0.06884210604591234,0.6895420201785218,0.0034008776238977625,1.667723781421301,1.6503882606424312,0.13704606709525735,0.12447743371090625,56,-0.23915909463549923,0.9765788418907895,55,0.4205268950207075,1.586919027132232,1,183,2026-04-01T00:00:00.000Z,2026-09-30T23:55:00.000Z
sr35,ORDIUSDT,5m,sr_wick_rejection,SR Wick Rejection,sr-v1,3,3,6,3,522,0.6360153256704981,1.1946578633588611,0.3610506929013497,0.29170430932774094,0.7084271444050865,0.0020993950134981973,1.7992136616818146,1.722721812113107,0.18438960175354135,0.12436568873196574,261,0.6391507698616918,1.2822058474766695,261,-0.1696610721073608,1.121633170752498,1,183,2026-04-01T00:00:00.000Z,2026-09-30T23:55:00.000Z
visual28,ARKMUSDT,5m,vis_bollinger_rsi_double,Bollinger + RSI Double — Derived Adapter,visual-derived-v1,3,3,6,5,321,0.632398753894081,1.0831910650018077,0.10929169557706708,0.07423715732522185,0.5495976022566866,0.0009053557758384968,0.6563577836564343,0.6291563289321722,0.16121856445822158,0.12419061727631409,160,0.22410234548014207,1.175184130536963,161,-0.09379170812555104,1.0058005494337507,1,183,2026-04-01T00:00:00.000Z,2026-09-30T23:55:00.000Z
sweep20,KAVAUSDT,5m,swp_wick_sfp,Sweep + Wick Rejection,sweep-v1,3,3,6,4,530,0.5792452830188679,1.1023760091624732,0.18263610689627297,0.12159578074182509,0.2708113070707109,0.00045716353079773456,0.3444464196689303,0.29784865465680577,0.18446000395827222,0.12321333413644409,265,0.2239971330959647,1.215749753666449,265,-0.03379176722013344,0.9947307136414754,1,183,2026-04-01T00:00:00.000Z,2026-09-30T23:55:00.000Z
sweep20,LABUSDT,15m,swp_pivot_sfp_body,Pivot SFP + Body Confirmation,sweep-v1,3,3,6,3,413,0.5544794188861986,1.482909264234305,0.22042753269711057,0.17047778655889845,0.9351238519348875,0.014369121343175533,8.455946366264072,8.269556927983478,0.16815073681062565,0.12013244736774986,206,-0.4411652590911135,1.2487698169535664,207,1.1838791387811929,1.7623053359717498,1,183,2026-04-01T00:00:00.000Z,2026-09-30T23:45:00.000Z
sweep20,EIGENUSDT,5m,swp_rsi_exhaustion,Sweep + RSI Exhaustion,sweep-v1,3,3,6,3,650,0.6261538461538462,1.072848684005345,0.20063945568125852,0.12506561055611076,0.646759152639371,0.0006980138105171695,1.4985328346256757,1.415928569288738,0.1949843969491254,0.11987797662473798,325,0.32230619731919585,1.137272504039205,325,-0.09201101975064385,1.0167231186413208,1,183,2026-04-01T00:00:00.000Z,2026-09-30T23:55:00.000Z
algo9,LPTUSDT,15m,pmax,PMax Explorer,kivanc-core-v1,3,3,6,4,172,0.38372093023255816,1.1003690020993147,0.09624478056291275,0.07755080350067267,0.32238375869453473,0.001032315088926706,0.3758752921722974,0.36453814965180564,0.1376376463693576,0.11857756484287596,86,-0.03259671319609969,1.0229149175218388,86,0.13318281580857305,1.1847319230383244,1,183,2026-04-01T00:00:00.000Z,2026-09-30T23:45:00.000Z
visual28,SPXUSDT,15m,vis_golden_cross_50_200,Golden Cross SMA50/200 — Derived Adapter,visual-derived-v1,3,3,6,4,127,0.31496062992125984,1.1367394420511874,0.07982562687491868,0.06618357099812289,0.41988730297356014,0.002416325758076781,0.5862261515470859,0.5763206207885243,0.12928557703464616,0.115806223967309,64,0.34510026814840566,1.4353749631250532,63,-0.19721551437845675,0.8777126525967021,1,183,2026-04-01T00:00:00.000Z,2026-09-30T23:45:00.000Z
sweep20,MYXUSDT,15m,swp_atr_expansion,Sweep + ATR Expansion,sweep-v1,3,3,6,4,237,0.6244725738396625,1.224495522309295,0.24384862206740698,0.21464278405877035,0.7757304211787583,0.004205661822590574,1.2982693475702796,1.2671524000947834,0.1388005037940392,0.11195203933178943,118,-0.35203333264428716,0.9102523040144581,119,0.9196182222511975,1.5523582623473273,1,183,2026-04-01T00:00:00.000Z,2026-09-30T23:45:00.000Z
sweep20,MYXUSDT,1m,swp_range96_reclaim,Sweep Range-96 Reclaim,sweep-v1,3,3,6,3,1480,0.6506756756756756,1.09422745525827,0.3921282894675331,0.200530962405139,0.7588953621789882,0.000786322462144781,2.0485408298151206,1.821148228133358,0.28888234143186486,0.11170904489225841,740,-0.3075191191786537,0.9964596365363565,740,1.0103490623688263,1.200358313113743,1,183,2026-04-01T00:00:00.000Z,2026-09-30T23:59:00.000Z
fib9,PUMPUSDT,15m,fib_retrace_786,Fibonacci Retracement 0.786 Reclaim,fib-ew-causal-v1,3,3,6,3,327,0.5229357798165137,1.0980528496695166,0.16015870365702356,0.12284107000665889,0.3583481581046407,0.0006980402115994243,0.24547019157386463,0.22510768932211378,0.14763898022688848,0.11094503726057159,168,0.24559529491070164,1.2196181288846533,159,-0.06859097140360149,0.9633339403373049,1,183,2026-04-01T00:00:00.000Z,2026-09-30T23:45:00.000Z
visual28,POPCATUSDT,4h,vis_coppock,Coppock Curve — Derived Adapter,visual-derived-v1,3,3,6,3,159,0.33962264150943394,1.1814632658747608,0.2394500587335362,0.21989637753758506,0.47230001698050506,0.002896533893885606,0.7369387572825736,0.7273202385945026,0.12273178811465169,0.10733797751789775,80,0.15182529378776777,1.2162852056991016,79,0.07607470110125458,1.1399934812578585,1,183,2026-04-01T00:00:00.000Z,2026-09-30T20:00:00.000Z
sr35,CYBERUSDT,4h,sr25_swing_anchored_vwap,SR25 Swing-Anchored VWAP Rejection / Flip,sr25-v1,3,3,6,4,222,0.35135135135135137,1.1784057961413634,0.2644496728513104,0.23670297798023188,0.31508788443065483,0.0015563558888397851,0.5331579950352785,0.5185666015689752,0.12971178479033152,0.10679163045521656,111,-0.07850613710862331,0.9645331235886737,111,0.3721737319919207,1.4006868888890094,1,183,2026-04-01T00:00:00.000Z,2026-09-30T20:00:00.000Z
visual28,KITEUSDT,15m,vis_sr_breaks,Support & Resistance Breaks — Derived Adapter,visual-derived-v1,3,3,6,4,158,0.35443037974683544,1.0953449898651209,0.06809654156898026,0.05133608111553656,0.6875804670599335,0.0018917670923096974,0.48612326853557875,0.4747679036569663,0.12321610442056441,0.10559583691789887,79,0.0053557276529665465,1.072407800117741,79,0.06240658126301524,1.1186657531246542,1,183,2026-04-01T00:00:00.000Z,2026-09-30T23:45:00.000Z
sweep20,SUIUSDT,15m,swp_wick_sfp,Sweep + Wick Rejection,sweep-v1,3,3,6,5,247,0.6518218623481782,1.1466981489540802,0.23998847047100735,0.20974304107399466,0.32582391168141345,0.0014414577592596588,0.07881940089274386,0.06520418203796008,0.13294861297560012,0.10530427605784198,124,0.2756274881456493,1.2561699468301968,123,-0.02793842089938836,1.0363510910067018,1,183,2026-04-01T00:00:00.000Z,2026-09-30T23:45:00.000Z
sweep20,DYDXUSDT,1h,swp_volume_absorption,Sweep + Volume Absorption,sweep-v1,3,3,6,3,53,0.6415094339622641,1.530469018298012,0.5839579025640129,0.5756232272885349,0.2902243831640059,0.012500435170343476,0.7640446103589065,0.7577962777257348,0.11144645448752688,0.10522212603460801,26,0.5266061172401593,2.1532262059946174,27,0.03756816160774745,1.1947917420947303,1,183,2026-04-01T00:00:00.000Z,2026-09-30T23:00:00.000Z
sr35,1000FLOKIUSDT,1h,sr_compression_breakout,SR Compression Breakout,sr-v1,3,3,6,4,76,0.35526315789473684,1.0955132058254968,0.011799178871974458,0.00412798780932544,0.3606711685921473,0.001778093373115579,0.6651802180395601,0.6596028939807494,0.11175189587000944,0.10333397327550009,38,0.01488533904172984,1.1262322405075607,38,-0.0030408954105786146,1.0584985887730864,1,183,2026-04-01T00:00:00.000Z,2026-09-30T23:00:00.000Z
fib9,VIRTUALUSDT,1h,fib_retrace_786,Fibonacci Retracement 0.786 Reclaim,fib-ew-causal-v1,3,3,6,4,83,0.5542168674698795,1.1601181496280668,0.0991521618818827,0.09007156562641172,0.16718944511219969,0.001728899745038483,0.22226106706222204,0.2169153111835056,0.10882340738106433,0.10043427327593979,44,0.1403160471549374,1.417248671479231,39,-0.0360986635027688,0.9718999422767701,1,183,2026-04-01T00:00:00.000Z,2026-09-30T23:00:00.000Z
visual28,ALICEUSDT,5m,vis_bollinger_rsi_double,Bollinger + RSI Double — Derived Adapter,visual-derived-v1,3,3,6,4,291,0.6563573883161512,1.145221941241774,0.2128293136444126,0.17802559354316716,0.7002769170897122,0.0016318086800437346,1.450091825786835,1.4094754268364698,0.1327699475450861,0.10014590436544402,145,0.3361259375886272,1.260216336963395,146,-0.09227919350681335,1.0622019814061936,1,183,2026-04-01T00:00:00.000Z,2026-09-30T23:55:00.000Z
visual28,PROVEUSDT,1h,vis_super_scalper,Super Scalper 5m/15m — Derived Adapter,visual-derived-v1,3,3,6,4,161,0.2857142857142857,1.2172005039183214,0.3046124940096273,0.28379356489557206,0.4495356904840663,0.00249039933206197,0.4883531970883783,0.47861427327488415,0.11772514114014188,0.09998243338116586,81,0.17752882003461212,1.2555935386844492,80,0.10792404552041579,1.1750807266291616,1,183,2026-04-01T00:00:00.000Z,2026-09-30T23:00:00.000Z
visual28,AAVEUSDT,4h,vis_structure_vwap,Structure-Anchored VWAP — Derived Adapter,visual-derived-v1,3,3,6,3,189,0.2804232804232804,1.0851045042518577,0.04863665317526178,0.028991061939626528,0.4684558968255055,0.0011534644677319037,0.7041365216301345,0.6926650717103005,0.1182145779222381,0.09936148955774304,94,0.349683382029532,1.3287433776009183,95,-0.2230498892277859,0.8742350368453844,1,183,2026-04-01T00:00:00.000Z,2026-09-30T20:00:00.000Z
visual28,XTZUSDT,5m,vis_rsi_entries,RSI Signals Entries — Derived Adapter,visual-derived-v1,3,3,6,4,385,0.6675324675324675,1.1111159125361096,0.19729700410931406,0.15207778118065263,0.37895559866613904,0.0008346165525189378,0.2203903886859815,0.19491900576416787,0.14066052040076182,0.09746518721402819,193,0.04208473549870417,1.0634915736351216,192,0.14894399977591855,1.1632141621108407,1,183,2026-04-01T00:00:00.000Z,2026-09-30T23:55:00.000Z
visual28,COWUSDT,15m,vis_macd_sma200,MACD + SMA200 — Derived Adapter,visual-derived-v1,3,3,6,5,150,0.22666666666666666,1.1279838249347887,0.10216816610364288,0.08575586274877844,0.34430412571640023,0.0014880636875264834,0.42935751593948,0.4199958820518306,0.11050689294187688,0.09484687804057135,75,-0.041540151667604164,1.0080513369334807,75,0.14993671150782317,1.2220161785501842,1,183,2026-04-01T00:00:00.000Z,2026-09-30T23:45:00.000Z
sr35,MEWUSDT,1h,sr25_fvg_first_touch,SR25 Fair Value Gap First-Touch Rejection,sr25-v1,3,3,6,4,206,0.4368932038834951,1.0777841466500897,0.04092733256283254,0.01969222236397772,0.4885156541972765,0.0009211526019840462,0.7030637493577669,0.6865310232245108,0.11347177184829538,0.09065506468095497,103,-0.0575595102417501,1.0285475319818953,103,0.10450192226974986,1.1383203495515701,1,183,2026-04-01T00:00:00.000Z,2026-09-30T23:00:00.000Z
algo9,SOPHUSDT,1h,mavilimw,MavilimW,kivanc-core-v1,3,3,6,4,90,0.3888888888888889,1.2666935956241299,0.2573624389737059,0.2461065970686669,0.2903274074858122,0.0042847197636381095,0.39819290374404037,0.3930650842438683,0.09886009559545017,0.08977573780601888,45,-0.2418957266692352,0.6102954138555204,45,0.6585613393912537,1.8116171017828995,1,183,2026-04-01T00:00:00.000Z,2026-09-30T23:00:00.000Z
sweep20,WUSDT,5m,swp_range48_reclaim,Sweep Range-48 Reclaim,sweep-v1,3,3,6,4,533,0.6285178236397748,1.0500301472781672,0.058968747385638176,0.003988848188173355,0.5663198774805194,0.0004310267517984142,0.888903642107119,0.8390534253862223,0.14840073628777883,0.08878654213926596,266,-0.007154976113960654,1.0294859612603824,267,0.06660024667373632,1.0696112955563026,1,183,2026-04-01T00:00:00.000Z,2026-09-30T23:55:00.000Z
sr35,WIFUSDT,5m,sr_wick_rejection,SR Wick Rejection,sr-v1,3,3,6,4,515,0.6349514563106796,1.0923150719418708,0.19486737147416844,0.13488025246324442,0.40386457605255455,0.0007691386752208105,0.6597202003127078,0.6162111852882639,0.14561359456664102,0.08831226595328556,257,0.284608696029095,1.1612930110854072,258,-0.06985887985370709,1.029996848331789,1,183,2026-04-01T00:00:00.000Z,2026-09-30T23:55:00.000Z
sr35,ENJUSDT,1h,sr25_camarilla_h3_l3,SR25 Camarilla H3/L3 Mean Reversion,sr25-v1,3,3,6,4,157,0.6815286624203821,1.3163314762881588,0.1401165978079153,0.12225563267965422,0.7734695144017583,0.004831270375196558,0.7768738733870482,0.7621035025846072,0.10254806946289396,0.08570665642609132,78,0.27252726980062536,1.3583482468463917,79,-0.1040533080390933,1.2811590032546685,1,183,2026-04-01T00:00:00.000Z,2026-09-30T23:00:00.000Z
visual28,GRTUSDT,15m,vis_golden_cross_50_200,Golden Cross SMA50/200 — Derived Adapter,visual-derived-v1,3,3,6,3,108,0.3888888888888889,1.3754241987846998,0.47913241868559653,0.46327730922502286,0.40849592418094827,0.005289128344937911,0.9112471635620536,0.90257978883278,0.09581042220490565,0.0845771825706545,54,0.3293732077326159,1.5642228222706447,54,0.11265400121039759,1.2154861636741698,1,183,2026-04-01T00:00:00.000Z,2026-09-30T23:45:00.000Z
sr35,ICPUSDT,1h,sr_liquidity_sweep,SR Liquidity Sweep + Reclaim,sr-v1,3,3,6,4,91,0.6703296703296703,1.119168003682761,0.017392723017411127,0.008159312802221041,0.404699510440766,0.0019488617745381143,0.1570908977667076,0.15190813610269926,0.0912691801350316,0.08158983435521572,46,0.23488756694666169,1.4370794086100727,45,-0.17612521961575933,0.8965533877292577,1,183,2026-04-01T00:00:00.000Z,2026-09-30T23:00:00.000Z
sr35,ICPUSDT,1h,sr25_liquidity_sweep_reclaim,SR25 Liquidity Sweep + Reclaim,sr25-v1,3,3,6,4,91,0.6703296703296703,1.119168003682761,0.017392723017411127,0.008159312802221041,0.404699510440766,0.0019488617745381143,0.1570908977667076,0.15190813610269926,0.0912691801350316,0.08158983435521572,46,0.23488756694666169,1.4370794086100727,45,-0.17612521961575933,0.8965533877292577,1,183,2026-04-01T00:00:00.000Z,2026-09-30T23:00:00.000Z
sweep20,ICPUSDT,1h,swp_range24_reclaim,Sweep Range-24 Reclaim,sweep-v1,3,3,6,4,91,0.6703296703296703,1.119168003682761,0.017392723017411127,0.008159312802221041,0.404699510440766,0.0019488617745381143,0.1570908977667076,0.15190813610269926,0.0912691801350316,0.08158983435521572,46,0.23488756694666169,1.4370794086100727,45,-0.17612521961575933,0.8965533877292577,1,183,2026-04-01T00:00:00.000Z,2026-09-30T23:00:00.000Z
sweep20,2ZUSDT,1h,swp_failed_breakout,Two-Bar Failed Breakout Sweep,sweep-v1,3,3,6,3,79,0.6582278481012658,1.1371510574991446,0.07801890885636165,0.06952431429351824,0.6045721464176899,0.003135410288269325,0.7649385462727971,0.7574521690018017,0.08838290510911051,0.08013383908532257,40,-0.07633581892572294,1.0036422772967308,39,0.167111306191998,1.2808821257172343,1,183,2026-04-01T00:00:00.000Z,2026-09-30T23:00:00.000Z
sr35,MANAUSDT,15m,sr_prior_day_sweep,SR Prior-Day High/Low Sweep,sr-v1,3,3,6,3,84,0.7023809523809523,1.221273261270559,0.17512362089398748,0.1653016799066278,0.3074520226674845,0.0029351332340663812,0.364035577096923,0.35808368043247696,0.08525000732009813,0.07638608581562156,42,0.11714714372076074,1.3054014644203937,42,0.051896903195877586,1.1533797340921141,1,183,2026-04-01T00:00:00.000Z,2026-09-30T23:45:00.000Z
sr35,MANAUSDT,15m,sr25_previous_day_sweep,SR25 Previous-Day High/Low Sweep,sr25-v1,3,3,6,3,84,0.7023809523809523,1.221273261270559,0.17512362089398748,0.1653016799066278,0.3074520226674845,0.0029351332340663812,0.364035577096923,0.35808368043247696,0.08525000732009813,0.07638608581562156,42,0.11714714372076074,1.3054014644203937,42,0.051896903195877586,1.1533797340921141,1,183,2026-04-01T00:00:00.000Z,2026-09-30T23:45:00.000Z
sweep20,MANAUSDT,15m,swp_prior_day,Previous-Day High/Low Sweep,sweep-v1,3,3,6,3,84,0.7023809523809523,1.221273261270559,0.17512362089398748,0.1653016799066278,0.3074520226674845,0.0029351332340663812,0.364035577096923,0.35808368043247696,0.08525000732009813,0.07638608581562156,42,0.11714714372076074,1.3054014644203937,42,0.051896903195877586,1.1533797340921141,1,183,2026-04-01T00:00:00.000Z,2026-09-30T23:45:00.000Z
sweep20,HUMAUSDT,1h,swp_failed_breakout,Two-Bar Failed Breakout Sweep,sweep-v1,3,3,6,3,76,0.6842105263157895,1.2926273002009683,0.3322537431954431,0.32218266755610836,0.4889501767715485,0.005756636720345949,0.7222535799019221,0.7158079724055353,0.08264638649875922,0.07444055988075582,38,0.7657977242378249,2.2707860872330867,38,-0.2455230149475427,0.8145964394762976,1,183,2026-04-01T00:00:00.000Z,2026-09-30T23:00:00.000Z
sr35,1INCHUSDT,1m,sr_prior_day_sweep,SR Prior-Day High/Low Sweep,sr-v1,3,3,6,4,76,0.6710526315789473,1.0921601862539239,0.026902386916098697,0.019123192837871894,0.3073738093479379,0.001140515539004518,0.08085118970374094,0.0764341831508637,0.06956320885531575,0.06125345837414353,38,0.09547309362310208,1.288633839707786,38,-0.06259460602561762,0.9151379196942229,1,183,2026-04-01T00:00:00.000Z,2026-09-30T23:59:00.000Z
sr35,1INCHUSDT,1m,sr25_previous_day_sweep,SR25 Previous-Day High/Low Sweep,sr25-v1,3,3,6,4,76,0.6710526315789473,1.0921601862539239,0.026902386916098697,0.019123192837871894,0.3073738093479379,0.001140515539004518,0.08085118970374094,0.0764341831508637,0.06956320885531575,0.06125345837414353,38,0.09547309362310208,1.288633839707786,38,-0.06259460602561762,0.9151379196942229,1,183,2026-04-01T00:00:00.000Z,2026-09-30T23:59:00.000Z
sweep20,1INCHUSDT,1m,swp_prior_day,Previous-Day High/Low Sweep,sweep-v1,3,3,6,4,76,0.6710526315789473,1.0921601862539239,0.026902386916098697,0.019123192837871894,0.3073738093479379,0.001140515539004518,0.08085118970374094,0.0764341831508637,0.06956320885531575,0.06125345837414353,38,0.09547309362310208,1.288633839707786,38,-0.06259460602561762,0.9151379196942229,1,183,2026-04-01T00:00:00.000Z,2026-09-30T23:59:00.000Z
sr35,LINEAUSDT,1h,sr25_pdh_fvg_mss,SR25 PDH/PDL Sweep + FVG/MSS,sr25-v1,3,3,6,4,81,0.6172839506172839,1.3595674874658212,0.33761663274445186,0.32685241966074896,0.2803015668134311,0.004642609432784833,0.39240170016331666,0.387022574045939,0.06919818772684283,0.0609947335096197,41,0.14515992590061821,1.3223091834016334,40,0.16806098649712609,1.4051122777413374,1,183,2026-04-01T00:00:00.000Z,2026-09-30T23:00:00.000Z
fib9,POPCATUSDT,1h,elliott_w2_w3,Elliott Wave 2 to Wave 3,fib-ew-causal-v1,3,3,6,3,104,0.47115384615384615,1.0965475621210026,0.06733075771075914,0.05628889766091105,0.26112975116031356,0.001129500706436703,0.32301677811999396,0.31592464173846957,0.06785104082578597,0.057015237316571765,54,-0.023440787396817875,1.016358905767858,50,0.09295037508848014,1.2278682364288005,1,183,2026-04-01T00:00:00.000Z,2026-09-30T23:00:00.000Z
sweep20,XPLUSDT,15m,swp_atr_expansion,Sweep + ATR Expansion,sweep-v1,3,3,6,4,234,0.6153846153846154,1.1434149462213206,0.2570551512672936,0.22796883448038896,0.40768349517143776,0.002266269972019067,0.32665190991723936,0.3097947130365206,0.08146632473193782,0.05632046843133032,117,0.09634348102279788,1.1205300777672085,117,0.14658879541525316,1.1643554546069097,1,183,2026-04-01T00:00:00.000Z,2026-09-30T23:45:00.000Z
visual28,BABYUSDT,4h,vis_coppock,Coppock Curve — Derived Adapter,visual-derived-v1,3,3,6,4,137,0.39416058394160586,1.2838482630605044,0.37031579412304283,0.3516524737671203,0.7143902130368296,0.0054434470636360805,0.4571218980412959,0.4490266619803229,0.06844793674879779,0.055999757840189845,69,0.2236603241189521,1.3191222896000963,68,0.1198498203410201,1.2507997802705026,1,183,2026-04-01T00:00:00.000Z,2026-09-30T20:00:00.000Z
visual28,MOVEUSDT,4h,vis_coppock,Coppock Curve — Derived Adapter,visual-derived-v1,3,3,6,3,156,0.2948717948717949,1.0941588321036593,0.04303468217528161,0.02687400196968559,0.39047454684426197,0.0015344675905877793,0.4706950844487725,0.4604778444346469,0.06947358955438654,0.05480512302314855,78,-0.26387111027579313,0.8561741594950849,78,0.4169185542576077,1.3847901292662976,1,183,2026-04-01T00:00:00.000Z,2026-09-30T20:00:00.000Z
sr35,CFGUSDT,5m,sr_wick_rejection,SR Wick Rejection,sr-v1,3,3,6,4,471,0.613588110403397,1.0824748363084864,0.16276330212629397,0.10924571400668026,0.6508196339187219,0.0009646624330907186,0.9518864148345436,0.9053241135707442,0.10447426532972082,0.053844906597670494,236,0.05722727062331856,1.0754765208096095,235,0.09982341019330332,1.0896310515548202,1,183,2026-04-01T00:00:00.000Z,2026-09-30T23:55:00.000Z
visual28,1000LUNCUSDT,5m,vis_bollinger_rsi_double,Bollinger + RSI Double — Derived Adapter,visual-derived-v1,3,3,6,4,346,0.6676300578034682,1.1225534521539633,0.2622441671656184,0.2193184610654706,0.4772556879777894,0.0012363276640220077,0.6788812187188769,0.6480206542357663,0.09080530876757864,0.053799698571173504,173,0.3536747948856396,1.2511161577454761,173,-0.0675425353751572,1.0255830840311915,1,183,2026-04-01T00:00:00.000Z,2026-09-30T23:55:00.000Z
sr35,UNIUSDT,15m,sr25_value_area_80,SR25 Value-Area Edge / 80% Rule,sr25-v1,3,3,6,3,104,0.5865384615384616,1.1629543754432725,0.11476418348301687,0.10321863227774553,0.35634639042891003,0.0030268518117536683,0.29190622256781285,0.2847086040980171,0.06037626922412431,0.04917998846519289,52,0.7717140203878134,1.9883004956777597,52,-0.3707990281416833,0.731476966482614,1,183,2026-04-01T00:00:00.000Z,2026-09-30T23:45:00.000Z
visual28,JTOUSDT,15m,vis_golden_cross_50_200,Golden Cross SMA50/200 — Derived Adapter,visual-derived-v1,3,3,6,4,110,0.3181818181818182,1.1500539467469322,0.11656264602851141,0.10432793639457527,0.5556035513564425,0.0037969357576395518,0.5793487204254777,0.5724737177856152,0.05325587902524953,0.04223097894324468,55,0.48699363535381734,1.4284746137758149,55,-0.24911403823000589,0.8588148176612135,1,183,2026-04-01T00:00:00.000Z,2026-09-30T23:45:00.000Z
sr35,SUSHIUSDT,4h,sr25_camarilla_h3_l3,SR25 Camarilla H3/L3 Mean Reversion,sr25-v1,3,3,6,5,121,0.6033057851239669,1.218920274185403,0.21627825301609027,0.2016532667720463,0.4451707081037909,0.002931837184845195,0.38810240135819996,0.37845598820332804,0.05372678483150084,0.04145831448148951,60,0.30293809989785103,1.4791412242963529,61,-0.06651110048018016,0.9983733755386066,1,183,2026-04-01T00:00:00.000Z,2026-09-30T20:00:00.000Z
sr35,BLURUSDT,15m,sr25_liquidity_absorption,SR25 Liquidity Sweep + Volume Absorption,sr25-v1,3,3,6,3,179,0.6201117318435754,1.1462916392925984,0.17022618757718488,0.14945443512393153,0.5949079238164356,0.002199064419972858,1.475066176091068,1.4528434189976531,0.0601213336637223,0.04129370658421494,89,0.09985091473001795,1.1691209829728648,90,0.06398619295092622,1.1267014687231163,1,183,2026-04-01T00:00:00.000Z,2026-09-30T23:45:00.000Z
algo9,AEROUSDT,4h,ott,Optimized Trend Tracker,kivanc-core-v1,3,3,6,3,86,0.38372093023255816,1.162038950664175,0.1220819322365494,0.11245761087046646,0.4445486011289862,0.004484354837576122,0.7524737203565006,0.746080792325313,0.0470320948739158,0.03783744162241787,43,0.7232040670283586,1.6249905684039923,43,-0.3488397841518772,0.6973827938800367,1,183,2026-04-01T00:00:00.000Z,2026-09-30T20:00:00.000Z
visual28,DOODUSDT,15m,vis_golden_cross_50_200,Golden Cross SMA50/200 — Derived Adapter,visual-derived-v1,3,3,6,3,105,0.29523809523809524,1.2046655160975608,0.17801076095166324,0.1657034976720566,0.4552347254548442,0.0035164834498809944,0.8659106127703691,0.8581880929012111,0.046208628505763016,0.0363065565862728,53,-0.13917940422887198,0.9333335457195086,52,0.3684741823543327,1.5048408866900471,1,183,2026-04-01T00:00:00.000Z,2026-09-30T23:45:00.000Z
visual28,COWUSDT,1h,vis_super_scalper,Super Scalper 5m/15m — Derived Adapter,visual-derived-v1,3,3,6,3,161,0.2981366459627329,1.086474781090103,0.04138529037801009,0.02474346018909568,0.45390275548387427,0.0010941574322251239,0.5367053559329658,0.5254287757215341,0.04761257960800491,0.030665691176320564,81,-0.08742821457515204,0.9774559909596365,80,0.14115438041205053,1.1992609648237635,1,183,2026-04-01T00:00:00.000Z,2026-09-30T23:00:00.000Z
sr35,CAKEUSDT,1h,sr25_role_reversal_flip,SR25 S/R Role-Reversal Level Flip,sr25-v1,3,3,6,4,90,0.36666666666666664,1.1362486095217226,0.08693168050877809,0.07719254144617071,0.43931403318492046,0.0019091168198318,0.45775736838167225,0.45053578170460895,0.040186527853364185,0.03055317977120553,45,0.45841449510879007,1.838704042532108,45,-0.254716896908173,0.6752968816390621,1,183,2026-04-01T00:00:00.000Z,2026-09-30T23:00:00.000Z
fib9,DOGEUSDT,15m,harmonic_prz,Harmonic XABCD PRZ (Gartley/Bat/Butterfly/Crab),fib-ew-causal-v1,3,3,6,4,28,0.6071428571428571,1.4936791967434166,0.03248746323718299,0.0296036015953558,0.022320834308419024,0.0011724783945779632,0.021445577507532843,0.019712600753783116,0.03248746323718299,0.029603601595356244,11,0.033747757074347184,2.5583919039888063,17,-0.0012191502506673224,0.9841825723437069,1,183,2026-04-01T00:00:00.000Z,2026-09-30T23:45:00.000Z
visual28,CCUSDT,1h,vis_supertrend_10_3,SuperTrend 10/3 — Derived Adapter,visual-derived-v1,3,3,6,3,109,0.3577981651376147,1.0661669695894782,0.01873744898819729,0.007686858596147816,0.4076951855912958,0.0009245395343582269,0.641981577087924,0.6335365949521368,0.0402830445793656,0.0290010915510035,54,-0.03622719012370168,1.0157775606331017,55,0.05703070116592501,1.1347303351615212,1,183,2026-04-01T00:00:00.000Z,2026-09-30T23:00:00.000Z
sr35,CFGUSDT,5m,sr25_trendline_breakout,SR25 Multi-Touch Trendline Breakout,sr25-v1,3,3,6,4,187,0.45989304812834225,1.089605292302658,0.049038467147648035,0.02958303575990029,0.46950832068750925,0.0015441417016001965,0.4041078812661205,0.39239613439310994,0.04196622006173523,0.02233432515799816,93,-0.0014343578085317388,1.0668514100554467,94,0.05054532503783249,1.1137782130224068,1,183,2026-04-01T00:00:00.000Z,2026-09-30T23:55:00.000Z
algo9,JSTUSDT,15m,alphatrend,AlphaTrend,kivanc-core-v1,3,3,6,4,439,0.3416856492027335,1.0662171250411654,0.0734459491577395,0.02733309691353103,0.48260951483010495,0.0004702453639909207,0.22759968733551483,0.1991071637051558,0.0674292312923519,0.021267891131249606,220,0.5297099122075204,1.343986638740348,219,-0.29826829218315587,0.8386819981059038,1,183,2026-04-01T00:00:00.000Z,2026-09-30T23:45:00.000Z
sweep20,NEOUSDT,5m,swp_compression_reclaim,Compression Sweep + Reclaim,sweep-v1,3,3,6,4,273,0.5421245421245421,1.0719087878226394,0.049367518258717435,0.021100279647372266,0.4054802006055662,0.0005352170446188181,0.32101586373118085,0.30450511662896784,0.04863644416004753,0.019981323515667615,137,-0.01246962502032034,1.043637282448104,136,0.06261796583250412,1.1056130161349782,1,183,2026-04-01T00:00:00.000Z,2026-09-30T23:55:00.000Z
visual28,ENJUSDT,15m,vis_bollinger_rsi_double,Bollinger + RSI Double — Derived Adapter,visual-derived-v1,3,3,6,4,122,0.7459016393442623,1.291620338299413,0.12536652412622717,0.11163597964319538,0.702620616324667,0.005617842682935319,0.7129323661062272,0.7019185265753922,0.03122355449839964,0.018531002588137335,61,0.2750423963080837,1.3830241222675816,61,-0.11738893750925228,1.2391679219907148,1,183,2026-04-01T00:00:00.000Z,2026-09-30T23:45:00.000Z
sr35,1000SHIBUSDT,1h,sr_pivot_breakout,SR Pivot Breakout,sr-v1,3,3,6,3,125,0.344,1.1152888677155715,0.07830784319261452,0.06491028819619182,0.3912243668712365,0.001410735583607531,0.5233033925730073,0.5150012331364242,0.031047366877191118,0.018232447502050775,63,0.011005775452151534,1.0964115050029006,62,0.06656941965575158,1.1366576184810955,1,183,2026-04-01T00:00:00.000Z,2026-09-30T23:00:00.000Z
sr35,1000SHIBUSDT,1h,sr25_confirmed_pivot_breakout,SR25 Confirmed Pivot Breakout,sr25-v1,3,3,6,3,125,0.344,1.1152888677155715,0.07830784319261452,0.06491028819619182,0.3912243668712365,0.001410735583607531,0.5233033925730073,0.5150012331364242,0.031047366877191118,0.018232447502050775,63,0.011005775452151534,1.0964115050029006,62,0.06656941965575158,1.1366576184810955,1,183,2026-04-01T00:00:00.000Z,2026-09-30T23:00:00.000Z
sweep20,BNBUSDT,5m,swp_ema50_filter,Sweep + EMA50 Direction Filter,sweep-v1,3,3,6,4,80,0.4625,1.1603638485881942,0.08591260131259659,0.07726284195100908,0.32029184587810566,0.0016924892036825185,0.26962570437068223,0.26420595854546525,0.013313875702243294,0.00483434097640667,40,0.16541741264556653,1.5253115650104752,40,-0.06822003041166991,0.937926377158918,1,183,2026-04-01T00:00:00.000Z,2026-09-30T23:55:00.000Z
sweep20,EDGEUSDT,5m,swp_wick_sfp,Sweep + Wick Rejection,sweep-v1,3,3,6,4,712,0.6278089887640449,1.0989166417744154,0.14006341525232213,0.06164118072595248,0.7496126486743423,0.0011325866975585251,2.6261161386903566,2.5020730746827375,0.07722194311119956,0.002916047164669644,356,-0.013399844781303072,1.072351684582086,356,0.15554757337293035,1.1269231419185148,1,183,2026-04-01T00:00:00.000Z,2026-09-30T23:55:00.000Z
sr35,ADAUSDT,5m,sr25_inverse_fvg,SR25 Inverse Fair Value Gap,sr25-v1,3,3,6,4,487,0.42505133470225875,1.0710355269513772,0.11293063012356375,0.060024556857572575,0.4324978605485067,0.0004900127108326994,0.672806026166122,0.631736023467552,0.049788809316638316,-0.00042125583618080054,244,0.051862014503630594,1.0707692524562196,243,0.058057629972267044,1.0713172967367979,1,183,2026-04-01T00:00:00.000Z,2026-09-30T23:55:00.000Z
sweep20,TAOUSDT,5m,swp_compression_reclaim,Compression Sweep + Reclaim,sweep-v1,3,3,6,4,487,0.5995893223819302,1.0680118241207928,0.0744859797549231,0.023398181099465454,0.35761041064184296,0.0005155653358032248,0.46822456009503544,0.43344832811433864,0.045903379034792025,-0.004027232137493786,243,0.030538616994654433,1.0667123153743971,244,0.042645042151288726,1.0693719858939632,1,183,2026-04-01T00:00:00.000Z,2026-09-30T23:55:00.000Z
sweep20,MANAUSDT,1h,swp_pivot_sfp,Confirmed-Pivot Swing Failure,sweep-v1,3,3,6,5,186,0.7096774193548387,1.129319725734998,0.10540533978282496,0.08503185266282975,0.4070074706531934,0.001130126835031062,0.15338066273023077,0.14225687626791084,0.013300390180997379,-0.005284722687803223,93,0.0809548596960552,1.162935932652774,93,0.022619334995768847,1.0987568658532882,1,183,2026-04-01T00:00:00.000Z,2026-09-30T23:00:00.000Z
sweep20,SYNUSDT,5m,swp_atr_expansion,Sweep + ATR Expansion,sweep-v1,3,3,6,3,644,0.6273291925465838,1.1770453926269662,0.38240556177694685,0.29600752974099787,0.809760763544138,0.002641691302509563,3.0838402171650605,2.9621811944087346,0.06037307372606393,-0.0059212455855115476,322,1.2134298065646312,1.2927727041297152,322,-0.3754463965032985,1.0904259183403824,1,183,2026-04-01T00:00:00.000Z,2026-09-30T23:55:00.000Z
sr35,WLDUSDT,5m,sr25_supply_demand_retest,SR25 RBD/DBR Supply-Demand Retest,sr25-v1,3,3,6,4,195,0.48205128205128206,1.1089960810051922,0.04759700898902053,0.0273348661935231,0.6975723427146934,0.001985662667093062,0.7287752440812694,0.713701887978035,0.009559361166651792,-0.010168363667430791,97,0.41993401989100443,1.3449912244793774,98,-0.2622213466866328,0.9484524009032569,1,183,2026-04-01T00:00:00.000Z,2026-09-30T23:55:00.000Z
sr35,KASUSDT,1h,sr_level_flip,SR Breakout Level Flip,sr-v1,3,3,6,5,83,0.3855421686746988,1.2307190770798222,0.16962172993364,0.1599581489193176,0.42186817368348006,0.0034510173218920024,0.5986667228053437,0.5929840809957527,-0.002757806839132959,-0.01150792789824917,41,0.2769637861507095,1.5449746681815102,42,-0.08406037616825612,0.9006197864525066,1,183,2026-04-01T00:00:00.000Z,2026-09-30T23:00:00.000Z
sr35,ENJUSDT,15m,sr25_camarilla_h3_l3,SR25 Camarilla H3/L3 Mean Reversion,sr25-v1,3,3,6,3,171,0.7076023391812866,1.2772694317507398,0.08743736621149334,0.06890160691490399,0.7574549599002333,0.004071967500844466,0.8605323834108243,0.8435998005585561,0.003329002092432365,-0.013188591873751432,85,0.23449022615311566,1.3154335347288162,86,-0.11912031122341504,1.2472673781692136,1,183,2026-04-01T00:00:00.000Z,2026-09-30T23:45:00.000Z
sweep20,DYDXUSDT,15m,swp_volume_absorption,Sweep + Volume Absorption,sweep-v1,3,3,6,4,200,0.615,1.2118314805651047,0.4181035283695509,0.39003782159303535,0.48395710197853126,0.002879478424075696,0.33794468025852376,0.3212208252520985,0.005424253510262211,-0.014605293460400737,100,0.4148706986640256,1.3646536643925635,100,0.002284894095678114,1.100828684305806,1,183,2026-04-01T00:00:00.000Z,2026-09-30T23:45:00.000Z
visual28,OPUSDT,4h,vis_coppock,Coppock Curve — Derived Adapter,visual-derived-v1,3,3,6,3,154,0.3181818181818182,1.1381436624758576,0.10611753160637671,0.08919847404316261,0.47532336722686297,0.002331278146010613,0.6198240422378614,0.610839664563112,-0.007648609201205359,-0.020384921122328148,77,0.15728337852202112,1.2250857443746495,77,-0.04421202953851189,1.0471248814845233,1,183,2026-04-01T00:00:00.000Z,2026-09-30T20:00:00.000Z
sr35,ORDIUSDT,1h,sr25_camarilla_h3_l3,SR25 Camarilla H3/L3 Mean Reversion,sr25-v1,3,3,6,3,165,0.6848484848484848,1.2831219389835788,0.29726010456265195,0.27598666757161494,0.7047734792005467,0.004678540009647014,0.7018167931582198,0.6871523155442221,-0.007569133669543593,-0.023184923204659813,82,0.6246872233050871,1.5850128536718937,83,-0.20153240208066148,1.0028190654046802,1,183,2026-04-01T00:00:00.000Z,2026-09-30T23:00:00.000Z
sr35,MANAUSDT,1m,sr_prior_day_sweep,SR Prior-Day High/Low Sweep,sr-v1,3,3,6,3,77,0.7012987012987013,1.1627179452939975,0.10019313946443664,0.09175484470759532,0.37698128404623454,0.0022880417547884225,0.5045230642355334,0.4979726918147669,-0.020791831022925034,-0.028119175680349717,38,0.05816238225203341,1.1938825622738753,39,0.039720517301845115,1.136188020770079,1,183,2026-04-01T00:00:00.000Z,2026-09-30T23:59:00.000Z
sr35,MANAUSDT,1m,sr25_previous_day_sweep,SR25 Previous-Day High/Low Sweep,sr25-v1,3,3,6,3,77,0.7012987012987013,1.1627179452939975,0.10019313946443664,0.09175484470759532,0.37698128404623454,0.0022880417547884225,0.5045230642355334,0.4979726918147669,-0.020791831022925034,-0.028119175680349717,38,0.05816238225203341,1.1938825622738753,39,0.039720517301845115,1.136188020770079,1,183,2026-04-01T00:00:00.000Z,2026-09-30T23:59:00.000Z
sweep20,MANAUSDT,1m,swp_prior_day,Previous-Day High/Low Sweep,sweep-v1,3,3,6,3,77,0.7012987012987013,1.1627179452939975,0.10019313946443664,0.09175484470759532,0.37698128404623454,0.0022880417547884225,0.5045230642355334,0.4979726918147669,-0.020791831022925034,-0.028119175680349717,38,0.05816238225203341,1.1938825622738753,39,0.039720517301845115,1.136188020770079,1,183,2026-04-01T00:00:00.000Z,2026-09-30T23:59:00.000Z
visual28,COMPUSDT,15m,vis_bb_mean_reversion,Bollinger Mean Reversion — Derived Adapter,visual-derived-v1,3,3,6,3,286,0.5979020979020979,1.0719338824409566,0.05656592989794995,0.026767530671868656,0.3397708436677471,0.0006170527189802431,0.2613721911563196,0.24211849208799108,-0.0057124298783503,-0.0337602549471262,143,0.24464761527006695,1.2522851203402334,143,-0.1511123976494403,0.9360927822859738,1,183,2026-04-01T00:00:00.000Z,2026-09-30T23:45:00.000Z
algo9,MINAUSDT,4h,ut_bot_quantnomad,UT Bot Strategy — QuantNomad,tv-open-v1,3,3,6,3,124,0.31451612903225806,1.105998485653629,0.01626878564251122,0.0037244441763233382,0.4579369665012285,0.002011060648202569,0.4815448753815832,0.47345341960065235,-0.06521292427461212,-0.07601875311166517,62,0.6339038737771676,1.631365692158843,62,-0.37801188799855323,0.704274488832685,1,183,2026-04-01T00:00:00.000Z,2026-09-30T20:00:00.000Z
sr35,LITUSDT,15m,sr25_value_area_80,SR25 Value-Area Edge / 80% Rule,sr25-v1,3,3,6,4,118,0.652542372881356,1.1792643447652416,0.18798217692473473,0.17402392556692536,0.7559032652881529,0.004237477711191242,1.1825087402013574,1.1687264368086523,-0.06576429611197887,-0.07648517945737432,59,1.2944736688038607,1.9612420397351094,59,-0.482241965520552,0.7449835271814521,1,183,2026-04-01T00:00:00.000Z,2026-09-30T23:45:00.000Z
visual28,ORDIUSDT,5m,vis_bb_mean_reversion,Bollinger Mean Reversion — Derived Adapter,visual-derived-v1,3,3,6,3,839,0.6448152562574494,1.1393863977429932,0.11115534997483678,0.021591929433613766,0.7868373969884337,0.001073568989940393,1.1833443698367234,1.0857420192953775,-0.0037294796825102505,-0.08404260178874579,420,0.4942951185230784,1.1892619966623978,419,-0.25640167313597706,1.1044525382260375,1,183,2026-04-01T00:00:00.000Z,2026-09-30T23:55:00.000Z
sr35,ETHFIUSDT,1h,sr25_breakout_retest,SR25 Breakout + Retest,sr25-v1,3,3,6,3,78,0.3974358974358974,1.229460009257785,0.23294022558952499,0.22336668066827614,0.40311343211616957,0.0047968072369521525,0.8003443481490831,0.7932469542941623,-0.09158648574669714,-0.09884656304777018,39,0.47788497332411417,1.6573916816510992,39,-0.16574006242424322,0.8760699941960535,1,183,2026-04-01T00:00:00.000Z,2026-09-30T23:00:00.000Z
sr35,ADAUSDT,4h,sr25_fractal_cluster_rejection,SR25 Fractal Cluster Zone Rejection,sr25-v1,3,3,6,3,171,0.3333333333333333,1.440905207354895,0.6016973271502661,0.5745909161889822,0.27122559701489646,0.0037276205974742355,0.48410459369083436,0.4779374840201105,-0.099417390320099,-0.109907027112917,85,0.2685439636302924,1.4189456224550034,86,0.2626265806086554,1.463907655814591,1,183,2026-04-01T00:00:00.000Z,2026-09-30T20:00:00.000Z
sweep20,MEGAUSDT,15m,swp_pivot_sfp,Confirmed-Pivot Swing Failure,sweep-v1,3,3,6,3,643,0.5878693623639192,1.0736524823063744,0.08993971162572634,0.02203008371042925,0.611202712952788,0.0006792696575251488,0.607557300913341,0.5534116894597836,-0.0522761392900678,-0.11124782895454788,322,-0.3983902195267067,0.9016260725403515,321,0.8117054393102756,1.3020333831935376,1,183,2026-04-01T00:00:00.000Z,2026-09-30T23:45:00.000Z
visual28,FLOCKUSDT,4h,vis_coppock,Coppock Curve — Derived Adapter,visual-derived-v1,3,3,6,3,174,0.3333333333333333,1.3785844167954,0.8312665470920235,0.7997113475437079,0.5122151904361747,0.006509635401838879,0.7609210090094172,0.7520481727004718,-0.10549636022013631,-0.11831149383767714,87,0.5632990369064235,1.561187353964749,87,0.1714115494600923,1.199189425914967,1,183,2026-04-01T00:00:00.000Z,2026-09-30T20:00:00.000Z
visual28,CYBERUSDT,15m,vis_golden_cross_50_200,Golden Cross SMA50/200 — Derived Adapter,visual-derived-v1,3,3,6,3,106,0.32075471698113206,1.1077014950860602,0.05714019153634964,0.04598918336436508,0.34653132388982677,0.001471578424631312,0.46594410022235233,0.45926515905328613,-0.1477439953485662,-0.15632798271066795,53,-0.1600326624666596,0.8098539460858334,53,0.25854916530535843,1.4013147550351732,1,183,2026-04-01T00:00:00.000Z,2026-09-30T23:45:00.000Z
sweep20,ALLOUSDT,1h,swp_mss_confirm,Sweep + Micro Structure Shift,sweep-v1,3,3,6,3,65,0.6461538461538462,1.3981629299134446,0.22778471473486905,0.21973403751552922,0.8241690855002753,0.014477728928609912,3.1462516321965603,3.131835538979823,-0.18654530020779125,-0.19196875355619625,33,0.8200928125347156,1.965921954279403,32,-0.32542741431684474,1.131708801794841,1,183,2026-04-01T00:00:00.000Z,2026-09-30T23:00:00.000Z
